date,symbol,close,return_daily,sma_10,sma_50,volatility_10d,target_up
2020-03-13,AAPL,67.1029281616211,0.11980811034151895,68.21966361999512,73.73338935852051,0.07426802136107215,0
2020-03-16,AAPL,58.47034454345703,-0.12864689894563186,66.85331916809082,73.4561190032959,0.07777214524380338,1
2020-03-17,AAPL,61.04128646850586,0.04397001497294095,65.97316207885743,73.24433181762696,0.07994539046709385,0
2020-03-18,AAPL,59.54700469970703,-0.024479853804683538,64.61961212158204,72.99124359130859,0.07744690747221719,0
2020-03-19,AAPL,59.09075164794922,-0.007662065523844186,63.4574951171875,72.73582153320312,0.07731435077423854,0
2020-03-20,AAPL,55.33934020996094,-0.06348559348742822,62.01414566040039,72.38225128173828,0.07879997199126786,0
2020-03-23,AAPL,54.163700103759766,-0.021244201715103883,61.00507926940918,71.9741495513916,0.07606440120432005,1
2020-03-24,AAPL,59.597694396972656,0.10032538919614331,60.076642227172854,71.67135566711426,0.08005605420480813,0
2020-03-25,AAPL,59.26938629150391,-0.0055087383629629505,59.35460319519043,71.33006172180175,0.0796457612800295,1
2020-03-26,AAPL,62.3883171081543,0.052622964599474464,59.60107536315918,71.07176147460937,0.07484067973780069,0
2020-03-27,AAPL,59.805301666259766,-0.04140222980236352,58.87131271362305,70.76825523376465,0.06436847552740582,1
2020-03-30,AAPL,61.51202774047852,0.028538039716663466,59.1754810333252,70.48009872436523,0.04953783650597087,0
2020-03-31,AAPL,61.386505126953125,-0.0020406190160887627,59.21000289916992,70.17262115478516,0.04774074514299268,0
2020-04-01,AAPL,58.15652847290039,-0.0526170474662605,59.07095527648926,69.81094841003419,0.05021163221338344,1
2020-04-02,AAPL,59.126949310302734,0.016686361151259765,59.07457504272461,69.46324111938476,0.05045576704062006,0
2020-04-03,AAPL,58.2772216796875,-0.014371240872851354,59.36836318969726,69.09117004394531,0.04561957415436091,1
2020-04-06,AAPL,63.36117172241211,0.08723734413194606,60.2881103515625,68.82520942687988,0.05097852950961562,0
2020-04-07,AAPL,62.62731552124024,-0.011582112218298635,60.591072463989256,68.58965515136718,0.0421622854214413,1
2020-04-08,AAPL,64.230224609375,0.025594408363090793,61.08715629577637,68.34406188964844,0.042385578546265554,1
2020-04-09,AAPL,64.69374084472656,0.0072164816201485404,61.3176986694336,68.07570831298828,0.03951197118590306,1
2020-04-13,AAPL,65.96350860595703,0.01962736649095742,61.93351936340332,67.83501358032227,0.03624204120362812,1
2020-04-14,AAPL,69.29487609863281,0.05050318824876654,62.71180419921875,67.73011306762696,0.03808051542794922,0
2020-04-15,AAPL,68.66240692138672,-0.009127214201896439,63.43939437866211,67.61665740966797,0.03844793479483757,1
2020-04-16,AAPL,69.20795440673828,0.007945359182881084,64.5445369720459,67.46503112792969,0.031249130125952013,0
2020-04-17,AAPL,68.26891326904297,-0.013568398975882578,65.45873336791992,67.28210067749023,0.03281300929317732,0
2020-04-20,AAPL,66.85186004638672,-0.020756932471910683,66.31619720458984,67.05271850585937,0.03350187833550571,0
2020-04-21,AAPL,64.78547668457031,-0.03090988583388099,66.45862770080566,66.80330108642578,0.024566684948949157,1
2020-04-22,AAPL,66.6514892578125,0.028802945794896173,66.8610450744629,66.58386505126953,0.025303948377275332,0
2020-04-23,AAPL,66.39320373535156,-0.0038751650613817468,67.07734298706055,66.36862930297852,0.02454189040191745,1
2020-04-24,AAPL,68.30996704101562,0.028869872183069134,67.43896560668945,66.15508392333984,0.02581979449647748,1
2020-04-27,AAPL,68.35823822021484,0.0007066491361389371,67.67843856811524,65.95375396728515,0.025379460113852753,0
2020-04-28,AAPL,67.25019073486328,-0.016209421339707597,67.47397003173828,65.72987640380859,0.019941755601116235,1
2020-04-29,AAPL,69.45902252197266,0.03284498918103873,67.55363159179687,65.57890258789062,0.022692273052501596,1
2020-04-30,AAPL,70.9243392944336,0.021096132932152845,67.7252700805664,65.43492965698242,0.023482024897119324,0
2020-05-01,AAPL,69.78250885009766,-0.016099275025964976,67.87662963867187,65.28414916992188,0.023689569293840036,1
2020-05-04,AAPL,70.76984405517578,0.014148749039663455,68.26842803955078,65.18811889648437,0.022428725777518116,1
2020-05-05,AAPL,71.83202362060547,0.015008929009389327,68.9730827331543,65.1851252746582,0.01838215154312331,1
2020-05-06,AAPL,72.57313537597656,0.010317289114468275,69.5652473449707,65.24571746826172,0.01723395718885708,1
2020-05-07,AAPL,73.32389831542969,0.010344915312858971,70.25831680297851,65.29926071166992,0.01665992312042017,1
2020-05-08,AAPL,75.06913757324219,0.023801779473108686,70.93423385620117,65.48006958007812,0.016093023575289873,1
2020-05-11,AAPL,76.25038146972656,0.015735413176045654,71.72344818115235,65.68527648925782,0.015870839493037667,0
2020-05-12,AAPL,75.37895202636719,-0.01142852568816799,72.53632431030273,65.75017974853516,0.01500520737173757,0
2020-05-13,AAPL,74.46881866455078,-0.012074104738124314,73.03730392456055,65.84269897460938,0.014650311670563345,1
2020-05-14,AAPL,74.92631530761719,0.006143465832689321,73.4375015258789,65.8795751953125,0.013799778577506595,0
2020-05-15,AAPL,74.48335266113281,-0.005911976915797146,73.90758590698242,65.95500381469726,0.012317108682805696,1
2020-05-18,AAPL,76.2382583618164,0.02356104603222753,74.45442733764648,66.08431228637696,0.01327936187878262,0
2020-05-19,AAPL,75.79771423339844,-0.005778517740098521,74.85099639892579,66.31517929077148,0.013605014107911442,1
2020-05-20,AAPL,77.27184295654297,0.019448194949591047,75.32086715698242,66.48297485351563,0.014257178950971287,0
2020-05-21,AAPL,76.69575500488281,-0.007455341164622431,75.65805282592774,66.68709442138672,0.014808270890310773,1
2020-05-22,AAPL,77.18956756591797,0.006438590519171727,75.8700958251953,67.03241386413575,0.013242322347938238,0
2020-05-26,AAPL,76.66669464111328,-0.006773880736644422,75.91172714233399,67.22368919372559,0.012714614152714796,1
2020-05-27,AAPL,77.000732421875,0.004357012941869964,76.07390518188477,67.59429695129394,0.012013560467914542,1
2020-05-28,AAPL,77.03463745117188,0.00044032086748369004,76.33048706054687,67.91416397094727,0.010968287340484736,0
2020-05-29,AAPL,76.9595947265625,-0.0009741426336554726,76.5338150024414,68.26241577148437,0.011004736044654326,1
2020-06-01,AAPL,77.90605163574219,0.012298101523824823,76.87608489990234,68.63872177124023,0.010921208658689736,1
2020-06-02,AAPL,78.2667007446289,0.004629282338334484,77.0789291381836,69.0972689819336,0.008669440950109774,1
2020-06-03,AAPL,78.69757080078125,0.005505151642436035,77.36891479492188,69.58794639587403,0.008168504540285303,0
2020-06-04,AAPL,78.01980590820312,-0.00861227209025106,77.44371109008789,69.95638862609863,0.006916109108497502,1
2020-06-05,AAPL,80.24188232421875,0.028480927248525578,77.79832382202149,70.37583854675293,0.010467504813728545,1
2020-06-08,AAPL,80.71630096435547,0.005912356819096409,78.15099716186523,70.74239822387695,0.010458435664531404,1
2020-06-09,AAPL,83.26519012451172,0.031578369297198705,78.81084671020508,71.211595993042,0.012655441688879944,1
2020-06-10,AAPL,85.40738677978516,0.025727397632432814,79.6515121459961,71.68950317382813,0.01366792891511412,0
2020-06-11,AAPL,81.30693817138672,-0.04801046798178077,80.07874221801758,72.08791183471679,0.023018590974565357,1
2020-06-12,AAPL,82.0088882446289,0.008633335469631742,80.58367156982422,72.56495903015137,0.022911481236948934,1
2020-06-15,AAPL,83.02310943603516,0.012367210592842959,81.09537734985352,73.04288223266602,0.02291339653387625,1
2020-06-16,AAPL,85.22343444824219,0.02650256087917624,81.79105072021484,73.5818064880371,0.023731539050295666,0
2020-06-17,AAPL,85.10481262207031,-0.0013918921120682493,82.43177490234375,74.01667930603027,0.02393753882515474,1
2020-06-18,AAPL,85.13871765136719,0.00039839144523390324,83.14366607666015,74.46690734863282,0.023401351976454623,0
2020-06-19,AAPL,84.65216827392578,-0.005714783953333247,83.58469467163086,74.87534622192383,0.022730421581735615,1
2020-06-22,AAPL,86.86698913574219,0.02616378182599499,84.19976348876953,75.31881118774415,0.023645056061375166,1
2020-06-23,AAPL,88.72111511230469,0.021344425483254215,84.74535598754883,75.7739633178711,0.022695548874481282,0
2020-06-24,AAPL,87.1550521850586,-0.017651524389247664,84.92012252807618,76.13116683959962,0.022779304979848723,1
2020-06-25,AAPL,88.31204223632812,0.013275077259008006,85.62063293457031,76.52415954589844,0.014484427616835074,0
2020-06-26,AAPL,85.59859466552734,-0.03072568023667077,85.97960357666015,76.85197235107422,0.019042236852693458,1
2020-06-29,AAPL,87.57136535644531,0.02304676494545821,86.43442916870117,77.23802139282226,0.01981881512683408,1
2020-06-30,AAPL,88.3023681640625,0.008347509538554787,86.7423225402832,77.66703155517578,0.018469212685128984,0
2020-07-01,AAPL,88.13536071777344,-0.0018913133335084487,87.04537734985351,78.13402923583985,0.018485207384875378,0
2020-07-02,AAPL,88.13536071777344,0.0,87.34504165649415,78.56370666503906,0.018493443525475557,1
2020-07-06,AAPL,90.49301147460938,0.026750338770219484,87.9291259765625,79.04570281982421,0.0194952425257146,0
2020-07-07,AAPL,90.2122039794922,-0.003103084874084061,88.2636474609375,79.48374755859375,0.018444812644793574,1
2020-07-08,AAPL,92.31326293945312,0.02329018544362982,88.62286224365235,79.96284805297852,0.0186578550248347,1
2020-07-09,AAPL,92.71026611328124,0.004300608181172283,89.1783836364746,80.47204956054688,0.01703028884013988,1
2020-07-10,AAPL,92.8724136352539,0.001748970516108228,89.6344207763672,80.9403173828125,0.016897472342669858,0
2020-07-13,AAPL,92.4439926147461,-0.004613006206454218,90.31896057128907,81.37071044921875,0.01205729616324602,1
2020-07-14,AAPL,93.97379302978516,0.016548402678953966,90.95920333862304,81.8545361328125,0.011294509280584904,1
2020-07-15,AAPL,94.62007904052734,0.006877300467560632,91.59097442626953,82.33154083251954,0.011286579788728837,0
2020-07-16,AAPL,93.45579528808594,-0.012304827519143413,92.12301788330078,82.76401626586915,0.01260100508676076,0
2020-07-17,AAPL,93.26697540283205,-0.002020419222498071,92.63617935180665,83.17789306640626,0.01272260791780782,1
2020-07-20,AAPL,95.23247528076172,0.021073910346512514,93.11012573242188,83.6160646057129,0.011772565094341806,0
2020-07-21,AAPL,93.91810607910156,-0.013801691049037279,93.48071594238282,83.99304397583008,0.013028108451811142,1
2020-07-22,AAPL,94.18194580078124,0.0028092530045000785,93.66758422851562,84.35167526245117,0.011152716352215427,0
2020-07-23,AAPL,89.89512634277344,-0.04551636114075952,93.38607025146484,84.6419987487793,0.018648648578228465,0
2020-07-24,AAPL,89.67243194580078,-0.0024772688579747237,93.06607208251953,84.9460710144043,0.01857884326689368,1
2020-07-27,AAPL,91.79768371582033,0.023700168757596174,93.00144119262696,85.28349838256835,0.02042897522243565,0
2020-07-28,AAPL,90.28965759277344,-0.01642771431701162,92.63302764892578,85.59962448120118,0.020026796759501725,1
2020-07-29,AAPL,92.02037811279295,0.019168535645859297,92.37305755615235,85.9152668762207,0.02110373900108999,1
2020-07-30,AAPL,93.13385009765624,0.012100276131211452,92.34086303710937,86.26198959350586,0.021264655143651404,1
2020-07-31,AAPL,102.88388061523438,0.10468836526520353,93.30255355834962,86.77423034667969,0.039322397207853826,1
2020-08-03,AAPL,105.47632598876952,0.025197779846877877,94.32693862915039,87.34984176635743,0.03946660047559616,1
2020-08-04,AAPL,106.1807098388672,0.0066781227303336355,95.55319900512696,87.9296646118164,0.03856079425471952,1
2020-08-05,AAPL,106.5655746459961,0.0036246207782273387,96.79156188964843,88.52764221191406,0.03853772533787285,1
2020-08-06,AAPL,110.28357696533205,0.03488933768420921,98.8304069519043,89.1932991027832,0.03293602089542513,0
2020-08-07,AAPL,107.77620697021484,-0.022735660776630473,100.6407844543457,89.80813049316406,0.03510024818046444,1
2020-08-10,AAPL,109.34269714355467,0.014534656742677399,102.39528579711914,90.45579254150391,0.035086106775688686,0
2020-08-11,AAPL,106.09087371826172,-0.029739740378122104,103.97540740966797,91.0194889831543,0.03675743788068958,1
2020-08-12,AAPL,109.61670684814452,0.03323408514144299,105.73504028320312,91.6464891052246,0.03712370526331809,1
2020-08-13,AAPL,111.55667114257812,0.017697706400914726,107.57732238769532,92.30367111206054,0.03706287413973097,0
2020-08-14,AAPL,111.4572525024414,-0.0008911940372410276,108.43465957641601,92.9724200439453,0.021757757307993317,0
2020-08-17,AAPL,111.16625213623048,-0.0026108697251849833,109.0036521911621,93.59090744018555,0.021118559427913783,1
2020-08-18,AAPL,112.09258270263672,0.008332839765714528,109.59483947753907,94.21843307495118,0.021135569596450555,1
2020-08-19,AAPL,112.23323822021484,0.0012548155657297055,110.16160583496094,94.79779403686524,0.02117384858188263,1
2020-08-20,AAPL,114.7236328125,0.022189456811347652,110.60561141967773,95.38411895751953,0.01952501666036984,1
2020-08-21,AAPL,120.63561248779295,0.0515323611217513,111.89155197143555,96.17069244384766,0.02212385913554035,1
2020-08-24,AAPL,122.07843780517578,0.011960193906495276,113.16512603759766,96.9720834350586,0.02210027941382753,0
2020-08-25,AAPL,121.07695770263672,-0.008203578949276147,114.66373443603516,97.73316040039063,0.01839602494884788,1
2020-08-26,AAPL,122.72349548339844,0.013599101034613037,115.97441329956055,98.48316162109376,0.017048187003206743,0
2020-08-27,AAPL,121.25640869140624,-0.011954408454660337,116.94438705444335,99.20619354248046,0.01837484305276738,0
2020-08-28,AAPL,121.05998992919922,-0.0016198629361264816,117.90466079711913,99.92461898803711,0.018417709281534193,1
2020-08-31,AAPL,125.1654052734375,0.03391223926781506,119.30457611083985,100.73488372802734,0.0195665329859233,1
2020-09-01,AAPL,130.1510467529297,0.039832423892212976,121.11042251586915,101.6005648803711,0.021347121811766415,0
2020-09-02,AAPL,127.45449829101562,-0.02071860756550825,122.63254852294922,102.37523254394532,0.023923259124477684,0
2020-09-03,AAPL,117.25042724609376,-0.08006050144752841,122.88522796630859,102.97714004516601,0.03755297134615771,1
2020-09-04,AAPL,117.32801818847656,0.0006617540268740729,122.55446853637696,103.55745956420898,0.033442854015442135,0
2020-09-08,AAPL,109.43241119384766,-0.06729515350668713,121.28986587524415,104.03413589477539,0.03867984742396148,1
2020-09-09,AAPL,113.79730224609376,0.03988663874466014,120.56190032958985,104.55865463256836,0.041815891039919215,0
2020-09-10,AAPL,110.08231353759766,-0.03264566589164142,119.29778213500977,104.99425354003907,0.04204081954534206,0
2020-09-11,AAPL,108.63705444335938,-0.013128894622519538,118.03584671020508,105.40428741455078,0.042048525712138615,1
2020-09-14,AAPL,111.89614868164062,0.02999983987949939,117.11946258544921,105.87950317382813,0.04390636650637385,1
2020-09-15,AAPL,112.0707550048828,0.0015604319299580283,115.80999755859375,106.3110580444336,0.04169678940295897,0
2020-09-16,AAPL,108.7631378173828,-0.02951365132996464,113.67120666503907,106.68207672119141,0.038061012043742015,0
2020-09-17,AAPL,107.02687072753906,-0.01596374584888305,111.62844390869141,106.97634887695312,0.03804083038586769,0
2020-09-18,AAPL,103.63197326660156,-0.03172004785209481,110.26659851074218,107.19478302001953,0.03161657005938903,1
2020-09-21,AAPL,106.77469635009766,0.030325805679789486,109.2112663269043,107.4728286743164,0.03420315195549215,1
2020-09-22,AAPL,108.4527587890625,0.01571591862422861,109.11330108642578,107.79300399780273,0.027942744539275432,0
2020-09-23,AAPL,103.903564453125,-0.04194632194452108,108.12392730712891,107.99159942626953,0.026742216497352343,1
2020-09-24,AAPL,104.97053527832033,0.010268856807859272,107.61274948120118,108.19860855102539,0.025908572837911287,1
2020-09-25,AAPL,108.90863037109376,0.03751619520975025,107.63990707397461,108.50766525268554,0.028809023572677922,1
2020-09-28,AAPL,111.50818634033205,0.023869145726840735,107.60111083984376,108.87248947143554,0.02817264407227743,0
2020-09-29,AAPL,110.66429138183594,-0.0075680090062667515,107.46046447753906,109.18112579345703,0.028264609563686392,1
2020-09-30,AAPL,112.3326416015625,0.015075777370408439,107.81741485595703,109.54941650390624,0.026724515321719853,1
2020-10-01,AAPL,113.2832260131836,0.008462227880234208,108.44305038452148,109.9314421081543,0.025843802033655175,0
2020-10-02,AAPL,109.62642669677734,-0.032280148130497954,109.04249572753906,110.32606811523438,0.025935079720785972,1
2020-10-05,AAPL,113.00191497802734,0.030790826472767208,109.66521759033203,110.79265777587891,0.025984025018710485,0
2020-10-06,AAPL,109.76220703125,-0.028669495976305304,109.79616241455078,111.1519482421875,0.027861256138740402,1
2020-10-07,AAPL,111.6245574951172,0.016967137544318778,110.56826171875,111.57864624023438,0.02353413682971021,0
2020-10-08,AAPL,111.5178680419922,-0.0009557883634133679,111.22299499511719,111.96859603881836,0.023651781524992026,1
2020-10-09,AAPL,113.45781707763672,0.017395858347238446,111.67791366577148,112.37507537841798,0.021457145494791052,1
2020-10-12,AAPL,120.66473388671876,0.06352067221732738,112.59356842041015,112.73069244384766,0.02810674074693269,0
2020-10-13,AAPL,117.46381378173828,-0.02652738709874869,113.2735206604004,112.97044219970704,0.029877746830518238,1
2020-10-14,AAPL,117.55111694335938,0.0007432345231299653,113.79536819458008,113.19785034179688,0.02975767680006886,0
2020-10-15,AAPL,117.08551025390624,-0.003960886987381729,114.17559661865235,113.40824905395507,0.02985367536867387,0
2020-10-16,AAPL,115.4462661743164,-0.014000400869715102,114.75758056640625,113.51150283813476,0.027901429249343163,0
2020-10-19,AAPL,112.49756622314452,-0.02554175244368273,114.70714569091797,113.60593002319337,0.027921434938285937,1
2020-10-20,AAPL,113.9815902709961,0.013191610251442665,115.12908401489258,113.69870788574218,0.026250747161030374,0
2020-10-21,AAPL,113.3608169555664,-0.00544625947009314,115.3027099609375,113.84410675048828,0.025983959977649438,0
2020-10-22,AAPL,112.27445220947266,-0.009583247327156874,115.37836837768555,113.89726165771485,0.02622924372859433,0
2020-10-23,AAPL,111.58577728271484,-0.006133852476723156,115.19116439819337,113.89784378051758,0.025641720613777185,1
2020-10-26,AAPL,111.59547424316406,8.690140164224758e-05,114.28423843383788,113.90060821533203,0.012045902480652317,1
2020-10-27,AAPL,113.09894561767578,0.013472512077288057,113.84775161743164,113.93926208496094,0.011743157766485277,0
2020-10-28,AAPL,107.86106872558594,-0.046312340610107694,112.8787467956543,113.85463180541993,0.017682829937271768,1
2020-10-29,AAPL,111.85735321044922,0.03705029564495055,112.35593109130859,113.8471141052246,0.0228372064727699,0
2020-10-30,AAPL,105.59134674072266,-0.056017832443591375,111.37043914794921,113.66446838378906,0.028079475138201387,0
2020-11-02,AAPL,105.5040283203125,-0.0008269467442684197,110.67108535766602,113.36183670043945,0.027496749416027012,1
2020-11-03,AAPL,107.1239013671875,0.015353660638976141,109.98531646728516,113.06274597167969,0.027672808592086175,1
2020-11-04,AAPL,111.49847412109376,0.04083657053257972,109.7990821838379,112.87117630004883,0.031368772808548946,1
2020-11-05,AAPL,115.45596313476562,0.0354936607417049,110.11723327636719,112.72582565307617,0.03321582949722204,0
2020-11-06,AAPL,115.32479858398438,-0.0011360569624987438,110.49113540649414,112.60719345092774,0.03309548906475028,0
2020-11-09,AAPL,113.02200317382812,-0.019967911831896723,110.63378829956055,112.44643371582032,0.03394228966272904,0
2020-11-10,AAPL,112.68191528320312,-0.0030090414350729677,110.59208526611329,112.19676391601563,0.033711598969541214,1
2020-11-11,AAPL,116.10210418701172,0.030352598242696205,111.41618881225585,111.91578506469726,0.030540491904463216,0
2020-11-12,AAPL,115.83002471923828,-0.002343449928652319,111.81345596313477,111.68329559326172,0.028843705656806586,1
2020-11-13,AAPL,115.87862396240234,0.0004195737960157597,112.84218368530273,111.6558595275879,0.019983524311525294,1
2020-11-16,AAPL,116.88915252685548,0.008720577876218272,113.98069610595704,111.64708221435546,0.01965985094565331,0
2020-11-17,AAPL,116.00494384765624,-0.007564505859481652,114.86880035400391,111.77853286743164,0.020351219409320182,0
2020-11-18,AAPL,114.68348693847656,-0.011391384413021899,115.18730163574219,111.7962565612793,0.017547971689653715,1
2020-11-19,AAPL,115.27621459960938,0.005168378438395349,115.16932678222656,111.90013458251953,0.013439990273588782,0
2020-11-20,AAPL,114.01306915283205,-0.010957554870834607,115.03815383911133,112.00765487670898,0.013877862559503564,0
2020-11-23,AAPL,110.62200927734376,-0.029742729501848975,114.79815444946288,111.98217208862305,0.015595740480453504,1
2020-11-24,AAPL,111.9045867919922,0.011594234483961019,114.7204216003418,111.97884872436524,0.016167589690793738,1
2020-11-25,AAPL,112.7402114868164,0.007467296192045003,114.38423233032226,112.05839019775391,0.012509255959982363,1
2020-11-27,AAPL,113.2843246459961,0.004826256328633205,114.12966232299804,112.18353927612304,0.012745574388246292,1
2020-11-30,AAPL,115.6745834350586,0.021099642837010713,114.10925827026367,112.42439147949219,0.01473113718763267,1
2020-12-01,AAPL,119.24053192138672,0.030827415845678052,114.34439620971679,112.67370819091796,0.01758128808910543,1
2020-12-02,AAPL,119.59032440185548,0.002933503187484643,114.70293426513672,112.89645950317383,0.01724818759827814,0
2020-12-03,AAPL,119.4542999267578,-0.0011374204040169866,115.18001556396484,113.20747421264649,0.016577256462541632,0
2020-12-04,AAPL,118.78384399414062,-0.0056126563298957155,115.53077850341796,113.4837403869629,0.016856079258593257,1
2020-12-07,AAPL,120.2413330078125,0.012270094691865463,116.15360488891602,113.71039443969727,0.016290030277399985,1
2020-12-08,AAPL,120.85346221923828,0.005090838533751141,117.17675018310547,113.8972999572754,0.010689403948483943,0
2020-12-09,AAPL,118.3271713256836,-0.020903752752832072,117.8190086364746,114.05055755615234,0.014166069644287247,1
2020-12-10,AAPL,119.74579620361328,0.011989003557137945,118.51956710815429,114.19882064819336,0.014300764994549095,0
2020-12-11,AAPL,118.9393081665039,-0.00673500083241374,119.08506546020507,114.31194229125977,0.014874440761106634,0
2020-12-14,AAPL,118.3271713256836,-0.0051466319272966965,119.35032424926757,114.4859571838379,0.014004656881461474,1
2020-12-15,AAPL,124.25422668457033,0.05009040013787791,119.85169372558593,114.71100341796875,0.01884427294069652,0
2020-12-16,AAPL,124.18620300292967,-0.0005474556758003901,120.31128158569337,114.99948333740234,0.01890404392215727,1
2020-12-17,AAPL,125.0509796142578,0.006963548207587378,120.87094955444336,115.26801177978516,0.01883594069128082,0
2020-12-18,AAPL,123.06883239746094,-0.015850713228406144,121.2994483947754,115.49903106689453,0.01971905933052669,1
2020-12-21,AAPL,124.59432220458984,0.01239541951777201,121.73474731445313,115.72176116943359,0.01972513459263244,1
2020-12-22,AAPL,128.1407928466797,0.028464143303948974,122.46348037719727,115.87128234863282,0.021231030262321645,0
2020-12-23,AAPL,127.24688720703124,-0.006975964638505139,123.35545196533204,116.06694381713868,0.019663763985140314,1
2020-12-24,AAPL,128.228271484375,0.007712442314970369,124.20369949340821,116.28048690795899,0.019600837474635216,1
2020-12-28,AAPL,132.81442260742188,0.03576552245427189,125.5912109375,116.5950651550293,0.020850697893541527,0
2020-12-29,AAPL,131.04603576660156,-0.013314719938567032,126.8630973815918,116.907060546875,0.02170835523709175,0
2020-12-30,AAPL,129.9286346435547,-0.008526783099620183,127.43053817749023,117.2556819152832,0.017284576207524008,0
2020-12-31,AAPL,128.92784118652344,-0.007702639681982482,127.9047019958496,117.55460693359375,0.017665630208974846,0
2021-01-04,AAPL,125.74085998535156,-0.02471910777254993,127.97369003295898,117.80220779418946,0.019769554058857948,1
2021-01-05,AAPL,127.29551696777344,0.012363976058402892,128.39635848999023,118.10262908935547,0.019144583167935412,0
2021-01-06,AAPL,123.0105209350586,-0.033661798426095735,128.23797836303712,118.33112396240234,0.022092326390411567,1
2021-01-07,AAPL,127.2080307006836,0.034123176893470886,128.1447021484375,118.64337509155274,0.022986978588184,1
2021-01-08,AAPL,128.3059844970703,0.008631167311835553,128.2506118774414,118.94751586914063,0.023027742705026506,0
2021-01-11,AAPL,125.32305145263672,-0.023248588568382078,127.96008987426758,119.29675552368164,0.024091786201947074,0
2021-01-12,AAPL,125.1481475830078,-0.001395624089914671,127.19346237182617,119.56257141113281,0.020159390266281906,1
2021-01-13,AAPL,127.17886352539062,0.016226496209509556,126.80674514770507,119.99432174682617,0.02107076000651221,0
2021-01-14,AAPL,125.2550277709961,-0.015127008537943465,126.33938446044922,120.38934173583985,0.02137161749548823,0
2021-01-15,AAPL,123.53520965576172,-0.013730531586953254,125.80012130737305,120.71756790161133,0.021588765469547813,1
2021-01-19,AAPL,124.20564270019533,0.005427060400851058,125.64659957885742,120.97171127319336,0.020457611525602697,1
2021-01-20,AAPL,128.28656005859375,0.03285613495232931,125.74570388793946,121.22832321166992,0.022837297064091412,1
2021-01-21,AAPL,132.9893341064453,0.03665835334351164,126.74358520507812,121.58161392211915,0.021776775435739488,1
2021-01-22,AAPL,135.12698364257812,0.016073841939999722,127.53548049926758,122.02371353149414,0.020054810118612935,1
2021-01-25,AAPL,138.86781311035156,0.027683807977748165,128.5916633605957,122.5474314880371,0.021180932055874183,1
2021-01-26,AAPL,139.1009979248047,0.0016791854730788813,129.9694580078125,123.00740936279297,0.018354311696327532,0
2021-01-27,AAPL,138.0321807861328,-0.007683748891935793,131.257861328125,123.45145248413085,0.018911535493278304,0
2021-01-28,AAPL,133.20306396484375,-0.03498544175558094,131.86028137207032,123.79794128417969,0.02343340766902559,0
2021-01-29,AAPL,128.21856689453125,-0.0374202884073902,132.15663528442383,124.02452957153321,0.02641903067273874,1
2021-02-01,AAPL,130.3367462158203,0.016520067043265474,132.8367889404297,124.31116561889648,0.0260637691096574,1
2021-02-02,AAPL,131.16265869140625,0.0063367584320259684,133.5324905395508,124.64074905395508,0.026064372251076665,0
2021-02-03,AAPL,130.14244079589844,-0.007778264833043225,133.71807861328125,124.93807357788086,0.02449284831229491,1
2021-02-04,AAPL,133.49456787109375,0.025757370575617555,133.7686019897461,125.32770355224609,0.022959064440624823,0
2021-02-05,AAPL,133.0810089111328,-0.003097945980545691,133.56400451660156,125.77688354492187,0.022316535535598564,1
2021-02-08,AAPL,133.22698974609375,0.0010969321329568071,132.9999221801758,126.2033316040039,0.019936869626981546,0
2021-02-09,AAPL,132.35116577148438,-0.006573923018740713,132.32493896484374,126.59555068969726,0.019848230763692732,0
2021-02-10,AAPL,131.74786376953125,-0.00455834293892643,131.6965072631836,126.96482147216797,0.01982206610847752,0
2021-02-11,AAPL,131.49488830566406,-0.0019201485066180357,131.52568969726562,127.28122756958008,0.01667408934235805,1
2021-02-12,AAPL,131.72842407226562,0.0017760064258824926,131.87667541503907,127.53098541259766,0.01076362276055127,0
2021-02-16,AAPL,129.6070556640625,-0.01610410526918138,131.80370635986327,127.7313200378418,0.011068026097759812,0
2021-02-17,AAPL,127.32025909423828,-0.01764407468488083,131.4194664001465,127.88863922119141,0.01198084526769115,0
2021-02-18,AAPL,126.22068786621094,-0.008636262884239687,131.02729110717775,128.03737609863282,0.012022624640758796,1
2021-02-19,AAPL,126.37637329101562,0.0012334382535588162,130.31547164916992,128.1600769042969,0.006929432207376821,0
2021-02-22,AAPL,122.6104965209961,-0.02979889889186471,129.26842041015624,128.19521759033202,0.010266331830228006,0
2021-02-23,AAPL,122.4742431640625,-0.001111269922230984,128.19314575195312,128.2781590270996,0.010068058159246615,0
2021-02-24,AAPL,121.97796630859376,-0.0040520916288001585,127.15582580566407,128.3228024291992,0.010148299479900385,0
2021-02-25,AAPL,117.73526000976562,-0.034782563008916356,125.7545654296875,128.29872146606445,0.013064247604860761,1
2021-02-26,AAPL,117.99799346923828,0.0022315613814489765,124.40487594604492,128.29213790893556,0.013448839124307575,1
2021-03-01,AAPL,124.35233306884766,0.05385125130340396,123.66726684570312,128.2941000366211,0.024419272635744945,0
2021-03-02,AAPL,121.754150390625,-0.020893718791622273,122.88197631835938,128.245458984375,0.024696181646552844,0
2021-03-03,AAPL,118.77648162841795,-0.024456404587882785,122.02759857177735,128.1199690246582,0.025144178710191128,0
2021-03-04,AAPL,116.8983917236328,-0.01581196781582228,121.09536895751953,127.99656021118165,0.025309280013292107,1
2021-03-05,AAPL,118.1536865234375,0.010738341060948287,120.27310028076172,127.8677474975586,0.02584072495417458,0
2021-03-08,AAPL,113.22980499267578,-0.04167353279988428,119.33503112792968,127.56952774047852,0.02726841248148194,1
2021-03-09,AAPL,117.8325653076172,0.04064972394184685,118.87086334228516,127.38124130249024,0.03127530133882399,0
2021-03-10,AAPL,116.7524185180664,-0.009166793464361334,118.34830856323242,127.15172424316407,0.03132856516045101,1
2021-03-11,AAPL,118.67916107177734,0.016502806350112476,118.4426986694336,126.86901901245118,0.02988134986626525,0
2021-03-12,AAPL,117.774169921875,-0.007625527023695455,118.42031631469726,126.60358169555664,0.030005756062749682,1
2021-03-15,AAPL,120.654541015625,0.02445673016129657,118.050537109375,126.41809982299804,0.025226327118484375,1
2021-03-16,AAPL,122.19205474853516,0.012743107055631198,118.09432754516601,126.28338409423829,0.024773482093381434,0
2021-03-17,AAPL,121.40384674072266,-0.006450566769129029,118.35706405639648,126.1966438293457,0.023361200126231607,0
2021-03-18,AAPL,117.2876205444336,-0.03390523699862591,118.39598693847657,125.99648590087891,0.025531418505333473,0
2021-03-19,AAPL,116.76215362548828,-0.004480156699455229,118.25683364868163,125.8715185546875,0.02531438031202819,1
2021-03-22,AAPL,120.0706787109375,0.028335594905702255,118.94092102050782,125.72877151489257,0.022282938282948223,0
2021-03-23,AAPL,119.24356842041016,-0.0068885284851146755,119.0820213317871,125.54752319335938,0.018910201187368185,0
2021-03-24,AAPL,116.85945129394533,-0.01999367477882985,119.092724609375,125.37825119018555,0.01986519892461674,1
2021-03-25,AAPL,117.34601593017578,0.004163673805095636,118.95941009521485,125.22220855712891,0.019113848888666254,1
2021-03-26,AAPL,117.9493179321289,0.005141222709359905,118.97692489624023,125.03761764526367,0.01904574461916426,1
2021-03-29,AAPL,118.1244888305664,0.0014851370190906987,118.72391967773437,124.89500686645508,0.017095523409841988,0
2021-03-30,AAPL,116.67459106445312,-0.012274319918479937,118.17217330932617,124.75779449462891,0.01652163883592176,1
2021-03-31,AAPL,118.86405181884766,0.01876553184733276,117.91819381713867,124.65096267700196,0.018042864297332557,1
2021-04-01,AAPL,119.6911849975586,0.006958648691965497,118.15855026245117,124.47905517578126,0.01422977240005773,1
2021-04-05,AAPL,122.5131607055664,0.023577139018762017,118.73365097045898,124.26953170776368,0.015493474223895501,1
2021-04-06,AAPL,122.81480407714844,0.0024621303527296856,119.00806350708008,124.02328811645508,0.013130124566332065,1
2021-04-07,AAPL,124.45938110351562,0.013390706753349635,119.52964477539062,123.73511947631836,0.013112511041925566,1
2021-04-08,AAPL,126.85319519042967,0.019233697497845093,120.52901916503906,123.49016342163085,0.010651501986005295,1
2021-04-09,AAPL,129.42218017578125,0.0202516379780191,121.73663558959962,123.31796340942383,0.011161695049958965,0
2021-04-12,AAPL,127.70951080322266,-0.013233198283574277,122.71265487670898,123.2080923461914,0.013333153228925126,1
2021-04-13,AAPL,130.81369018554688,0.02430656387923369,123.98157501220703,123.25999481201171,0.014017920824644637,0
2021-04-14,AAPL,128.478271484375,-0.01785301445024068,125.16194305419921,123.22282531738281,0.015088215974006194,1
2021-04-15,AAPL,130.88180541992188,0.01870770759738294,126.36371841430665,123.21720825195312,0.01508440287030676,0
2021-04-16,AAPL,130.5509796142578,-0.002527668415045481,127.44969787597657,123.22537902832032,0.015571970465520916,1
2021-04-19,AAPL,131.21266174316406,0.00506838118611852,128.31964797973632,123.17974090576172,0.014700146474936499,0
2021-04-20,AAPL,129.52923583984375,-0.012829751953477242,128.99109115600587,123.10870544433594,0.015963503357423935,1
2021-04-21,AAPL,129.90872192382812,0.0029297330562003676,129.5360252380371,123.04234008789062,0.015726432779931833,0
2021-04-22,AAPL,128.39068603515625,-0.011685403922009008,129.68977432250978,122.96313049316406,0.015525331334786754,1
2021-04-23,AAPL,130.7066650390625,0.018038528147377386,129.8182228088379,122.94230651855469,0.015238499935430487,1
2021-04-26,AAPL,131.09591674804688,0.002978055548032321,130.1568634033203,122.93432708740234,0.014383502362598916,0
2021-04-27,AAPL,130.7747802734375,-0.002449629878454318,130.15297241210936,122.91525421142578,0.012250915479311958,0
2021-04-28,AAPL,129.98655700683594,-0.006027333901486687,130.30380096435547,122.92284423828124,0.010819153902920613,0
2021-04-29,AAPL,129.88926696777344,-0.0007484623125865175,130.2045471191406,122.97422439575195,0.008905040257261543,0
2021-04-30,AAPL,127.92359924316406,-0.015133411485777959,129.94180908203126,123.00828262329101,0.010011942612593444,1
2021-05-03,AAPL,128.97451782226562,0.008215204898229356,129.7179946899414,123.06024551391602,0.010303508291583201,0
2021-05-04,AAPL,124.41072082519533,-0.03538526116732199,129.20614318847657,123.09625,0.014593407791734557,1
2021-05-05,AAPL,124.6540069580078,0.0019555077825994527,128.68067169189453,123.13984527587891,0.014545723122055147,1
2021-05-06,AAPL,126.24988555908205,0.01280246531996232,128.46659164428712,123.22528366088868,0.01516091688400361,1
2021-05-07,AAPL,126.92247772216795,0.005327467507058925,128.08817291259766,123.40902801513671,0.013806061656674952,0
2021-05-10,AAPL,123.6472625732422,-0.025804847239865314,127.34330749511719,123.5220133972168,0.01536872172896952,0
2021-05-11,AAPL,122.73102569580078,-0.007410086227333079,126.53893203735352,123.48958724975586,0.015331271628658251,0
2021-05-12,AAPL,119.67030334472656,-0.02493845654529503,125.50730667114257,123.44791030883789,0.016431603447587467,1
2021-05-13,AAPL,121.8147430419922,0.017919564314032854,124.69985427856446,123.50867553710937,0.018313774440346958,1
2021-05-14,AAPL,124.23212432861328,0.01984473493317429,124.33070678710938,123.65535018920899,0.019714307572384206,0
2021-05-17,AAPL,123.08191680908205,-0.009258535388872224,123.74144668579102,123.75391479492187,0.019406669390341122,0
2021-05-18,AAPL,121.69776153564452,-0.011245805308545465,123.47015075683593,123.92327392578125,0.016406810336799842,0
2021-05-19,AAPL,121.54178619384766,-0.0012816615509495533,123.15892868041992,123.99745834350585,0.01635016054962626,1
2021-05-20,AAPL,124.09567260742188,0.021012414689224768,122.94350738525391,124.14432342529297,0.017372742972404695,0
2021-05-21,AAPL,122.26312255859376,-0.014767235716795724,122.47757186889649,124.2160026550293,0.017644573115978012,1
2021-05-24,AAPL,123.89096069335938,0.013314220189210912,122.5019416809082,124.33833847045898,0.01647029570181728,0
2021-05-25,AAPL,123.69602966308594,-0.0015734080128404493,122.59844207763672,124.3991682434082,0.016268143736721922,0
2021-05-26,AAPL,123.6472625732422,-0.00039424943530175227,122.99613800048829,124.42827239990234,0.013562829667063798,0
2021-05-27,AAPL,122.11691284179688,-0.012376737661610848,123.02635498046875,124.44253372192382,0.01333020380702876,0
2021-05-28,AAPL,121.46385192871094,-0.005347833464574903,122.74952774047851,124.52605834960937,0.011484593724312903,0
2021-06-01,AAPL,121.14214324951172,-0.002648596056282093,122.55555038452148,124.61365814208985,0.011219848089391573,1
2021-06-02,AAPL,121.90245819091795,0.006276221643530366,122.57602005004883,124.65029373168946,0.010897676425981082,0
2021-06-03,AAPL,120.4208526611328,-0.012154025044062156,122.46392669677735,124.67383941650391,0.01158496824833199,1
2021-06-04,AAPL,122.7115249633789,0.019022222909284014,122.32551193237305,124.79088088989258,0.011177278567685864,1
2021-06-07,AAPL,122.72127532958984,7.945762399952372e-05,122.37132720947265,124.89838607788086,0.010087937651956046,1
2021-06-08,AAPL,123.54007720947266,0.006672045068662813,122.33623886108398,125.01020126342773,0.009335178721106388,1
2021-06-09,AAPL,123.92022705078124,0.0030771377992908633,122.35865859985351,125.12611602783203,0.00937736333809297,0
2021-06-10,AAPL,122.92595672607422,-0.00802347081158572,122.28652801513672,125.25114334106445,0.009736415643613982,1
2021-06-11,AAPL,124.13463592529295,0.009832579150977239,122.48830032348633,125.35655502319337,0.009258278583318551,1
2021-06-14,AAPL,127.1856460571289,0.024578234020617096,123.06047973632812,125.50644424438477,0.011337786300160206,0
2021-06-15,AAPL,126.3668441772461,-0.006437848179149275,123.58294982910157,125.58351791381835,0.011668114819058852,1
2021-06-16,AAPL,126.86397552490234,0.003934033099370238,124.0791015625,125.66450134277343,0.011647354241320596,1
2021-06-17,AAPL,128.4625701904297,0.01260085582934889,124.88327331542969,125.74456512451172,0.010380623799117627,0
2021-06-18,AAPL,127.16612243652344,-0.010092027210606425,125.32873306274413,125.7508236694336,0.010569839632159671,1
2021-06-21,AAPL,128.95970153808594,0.014104221055083244,125.95257568359375,125.74157409667968,0.010970408412577914,1
2021-06-22,AAPL,130.59725952148438,0.012698214743578795,126.65829391479492,125.79932907104492,0.011233322710197887,0
2021-06-23,AAPL,130.32431030273438,-0.0020900072463243546,127.29870223999023,125.78954147338867,0.011479790507215997,0
2021-06-24,AAPL,130.0416259765625,-0.002169083615445322,128.01026916503906,125.82080856323242,0.010868580233241333,0
2021-06-25,AAPL,129.74925231933594,-0.0022483082246238517,128.57173080444335,125.7981575012207,0.01102793567490306,1
2021-06-28,AAPL,131.37705993652344,0.012545795741320864,128.99087219238282,125.81467910766601,0.00907601705645012,1
2021-06-29,AAPL,132.88792419433594,0.01150021364873366,129.6429801940918,125.84818435668946,0.008706065738671987,1
2021-06-30,AAPL,133.50205993652344,0.0046214563581366,130.3067886352539,125.92764083862305,0.008698736851487834,1
2021-07-01,AAPL,133.80418395996094,0.0022630663795086825,130.84095001220703,126.00555007934571,0.008320557371273992,1
2021-07-02,AAPL,136.42626953125,0.019596439316678538,131.7669647216797,126.16626174926758,0.007978287453067934,1
2021-07-06,AAPL,138.43426513671875,0.014718540735358943,132.71442108154298,126.3208137512207,0.008040486555298241,1
2021-07-07,AAPL,140.9198760986328,0.01795517142709757,133.7466827392578,126.51729293823242,0.0085966223609101,0
2021-07-08,AAPL,139.6234893798828,-0.009199459683335465,134.67660064697264,126.69426712036133,0.009714674996750236,1
2021-07-09,AAPL,141.44627380371094,0.013054998352524771,135.8170654296875,126.92346145629882,0.009309821522650868,0
2021-07-12,AAPL,140.85165405273438,-0.004203855888079033,136.92730560302735,127.14270919799804,0.00957693567596468,1
2021-07-13,AAPL,141.9628448486328,0.007889085885227853,137.9858840942383,127.42349411010743,0.00945924209648446,1
2021-07-14,AAPL,145.38421630859375,0.02410047124378889,139.23551330566406,127.75168807983398,0.010754530918000065,0
2021-07-15,AAPL,144.7311553955078,-0.004491965700731515,140.3584228515625,128.15809677124022,0.011532303256273491,0
2021-07-16,AAPL,142.69390869140625,-0.014076075731824012,141.24739532470704,128.5188948059082,0.0134585297893193,0
2021-07-19,AAPL,138.85340881347656,-0.026914252424294127,141.4901092529297,128.7709652709961,0.016200319624027005,1
2021-07-20,AAPL,142.45999145507812,0.025974030255507374,141.89268188476564,129.0817155456543,0.01752777239998391,0
2021-07-21,AAPL,141.7289276123047,-0.005131713369531998,141.9735870361328,129.44334884643555,0.016847615868340687,1
2021-07-22,AAPL,143.09361267089844,0.009628839232642905,142.3205993652344,129.8506005859375,0.0166694966671942,1
2021-07-23,AAPL,144.8091583251953,0.011988974366329508,142.65688781738282,130.3533776855469,0.016598343098014574,1
2021-07-26,AAPL,145.22825622558594,0.002894139467681134,143.09454803466798,130.82164794921874,0.016431866507088406,0
2021-07-27,AAPL,143.0643768310547,-0.01489985110865788,143.20470123291017,131.19829299926758,0.017266243716902264,0
2021-07-28,AAPL,141.31954956054688,-0.012196098771452335,142.79823455810546,131.56304565429687,0.015581817699091347,1
2021-07-29,AAPL,141.9628448486328,0.004552061551896802,142.52140350341796,131.96834732055663,0.015729463941761557,1
2021-07-30,AAPL,142.1772918701172,0.0015105855459083273,142.46974182128906,132.38105743408204,0.015141072971258475,0
2021-08-02,AAPL,141.8459014892578,-0.0023308249615705545,142.76899108886718,132.73606201171876,0.01200296470477352,1
2021-08-03,AAPL,143.6394500732422,0.012644345484456698,142.8869369506836,133.1635885620117,0.009561066673905117,0
2021-08-04,AAPL,143.23977661132812,-0.0027824769707087693,143.03802185058595,133.5505648803711,0.009425218393796538,1
2021-08-05,AAPL,143.34701538085938,0.0007486661321891575,143.06336212158203,133.94358459472656,0.00893822305188426,0
2021-08-06,AAPL,142.66368103027344,-0.004766993918711049,142.84881439208985,134.3239129638672,0.008007464542939519,0
2021-08-09,AAPL,142.61485290527344,-0.0003422603752222253,142.58747406005858,134.7338717651367,0.007876135965050813,0
2021-08-10,AAPL,142.13653564453125,-0.0033539091546088695,142.49468994140625,135.1473254394531,0.006458952490582255,1
2021-08-11,AAPL,142.3903045654297,0.001785388392560039,142.60176544189454,135.57228866577148,0.005033456290738237,1
2021-08-12,AAPL,145.34828186035156,0.0207737268625805,142.9403091430664,136.04120513916016,0.008080614010078433,1
2021-08-13,AAPL,145.55325317382812,0.0014102080248425963,143.2779052734375,136.54385314941408,0.008081888144961736,1
2021-08-16,AAPL,147.52525329589844,0.013548306747326544,143.84584045410156,137.04012771606446,0.008597296999341331,0
2021-08-17,AAPL,146.61732482910156,-0.0061543935462751165,144.1436279296875,137.51804870605469,0.008544067928275691,0
2021-08-18,AAPL,142.87841796875,-0.025501125905207034,144.10749206542968,137.90481552124024,0.012214618160851887,1
2021-08-19,AAPL,143.2103729248047,0.002323338687353793,144.0938278198242,138.2906184387207,0.012238123014054416,1
2021-08-20,AAPL,144.66490173339844,0.010156588373367859,144.29394989013673,138.7253973388672,0.012503041931137729,1
2021-08-23,AAPL,146.1487579345703,0.010257195652795259,144.6473403930664,139.16567977905274,0.012779084232858876,0
2021-08-24,AAPL,146.0609130859375,-0.0006010646267150532,145.03977813720704,139.5431851196289,0.012667545630746147,0
2021-08-25,AAPL,144.83084106445312,-0.008421637216252664,145.28383178710936,139.91246505737305,0.013160015367194562,0
2021-08-26,AAPL,144.0303497314453,-0.00552707784560591,145.15203857421875,140.2557925415039,0.011460492256745997,1
2021-08-27,AAPL,145.06515502929688,0.00718463365381683,145.1032287597656,140.58784423828126,0.011729400389639912,1
2021-08-30,AAPL,149.4776153564453,0.030417093107282023,145.2984649658203,141.0340740966797,0.014759647940649538,0
2021-08-31,AAPL,148.2183074951172,-0.008424725389986842,145.45856323242188,141.41924621582032,0.014905727583610758,1
2021-09-01,AAPL,148.88214111328125,0.0044787558931336235,146.058935546875,141.78494384765625,0.011587192911924773,1
2021-09-02,AAPL,149.99502563476562,0.007474936303055957,146.7374008178711,142.1783581542969,0.011609758669833376,1
2021-09-03,AAPL,150.6295623779297,0.004230385244302415,147.33386688232423,142.59011688232422,0.0114504069606335,1
2021-09-07,AAPL,152.9626922607422,0.01548918981095282,148.0152603149414,143.05438568115235,0.011874341680838712,0
2021-09-08,AAPL,151.42027282714844,-0.010083631575760421,148.5511962890625,143.45524993896484,0.012689172330392594,0
2021-09-09,AAPL,150.40504455566406,-0.0067047050736944724,149.1086166381836,143.80559234619142,0.012517664790486278,0
2021-09-10,AAPL,145.42636108398438,-0.03310183834849434,149.2482177734375,144.04407836914064,0.017035556384084848,1
2021-09-13,AAPL,145.99253845214844,0.0038932237865534347,149.34095611572266,144.28784545898438,0.016936355887457788,0
2021-09-14,AAPL,144.59654235839844,-0.009562105766162565,148.85284881591798,144.45125091552734,0.013537107858919132,1
2021-09-15,AAPL,145.48492431640625,0.006143867228898703,148.5795104980469,144.59226409912108,0.013699026999522407,0
2021-09-16,AAPL,145.2506103515625,-0.0016105721327809297,148.216357421875,144.6788787841797,0.01352442024260604,0
2021-09-17,AAPL,142.5855712890625,-0.01834786825370016,147.47541198730468,144.7381204223633,0.013893241419921046,0
2021-09-20,AAPL,139.5398406982422,-0.021360720887008466,146.36643981933594,144.6999917602539,0.01436025665928593,1
2021-09-21,AAPL,140.01815795898438,0.003427818595382881,145.07198638916014,144.6833218383789,0.012612727475493045,1
2021-09-22,AAPL,142.38055419921875,0.016872070556208874,144.1680145263672,144.69167602539062,0.014954508711232628,1
2021-09-23,AAPL,143.33721923828125,0.006719070904330993,143.46123199462892,144.65073608398438,0.015480942585010097,1
2021-09-24,AAPL,143.42514038085938,0.0006133866908075714,143.2611099243164,144.6246157836914,0.011852521487314392,0
2021-09-27,AAPL,141.9119415283203,-0.010550443586952896,142.8530502319336,144.6089764404297,0.012025286564749115,0
2021-09-28,AAPL,138.5343017578125,-0.023800955255296574,142.246826171875,144.6025942993164,0.013652383929844348,1
2021-09-29,AAPL,139.43240356445312,0.006482883987899868,141.64157409667968,144.54204254150392,0.013681285055134312,0
2021-09-30,AAPL,138.134033203125,-0.00931182657787255,140.92991638183594,144.47014465332032,0.013738743487082029,1
2021-10-01,AAPL,139.2566680908203,0.008127141890112544,140.5970260620117,144.39340576171875,0.013411872494835721,0
2021-10-04,AAPL,135.8302001953125,-0.02460541346051126,140.22606201171874,144.2138265991211,0.013953152752183775,1
2021-10-05,AAPL,137.7533416748047,0.01415842336039308,139.99958038330078,144.06432830810547,0.014852108659637547,1
2021-10-06,AAPL,138.62216186523438,0.0063070716097815005,139.62374114990234,143.97548400878907,0.013731136241708854,1
2021-10-07,AAPL,139.8814697265625,0.009084462717818598,139.27816619873047,143.94672241210938,0.013928201138155193,0
2021-10-08,AAPL,139.500732421875,-0.0027218566221226537,138.88572540283204,143.89748016357422,0.013889246321584505,0
2021-10-11,AAPL,139.41290283203125,-0.0006295994889700118,138.6358215332031,143.8421923828125,0.013616489009477277,0
2021-10-12,AAPL,138.14376831054688,-0.009103422249327031,138.59676818847657,143.7681497192383,0.011610197216631733,0
2021-10-13,AAPL,137.55810546875,-0.004239516910240271,138.40933837890626,143.64652282714843,0.011415754056506251,1
2021-10-14,AAPL,140.3402862548828,0.02022549508552851,138.62996368408204,143.58853302001953,0.012842639373637279,1
2021-10-15,AAPL,141.39459228515625,0.007512497362009318,138.84375610351563,143.54948455810546,0.01280967880401899,1
2021-10-18,AAPL,143.0639190673828,0.0118061571892365,139.56712799072267,143.55748931884764,0.009199872582418942,1
2021-10-19,AAPL,145.22132873535156,0.015080040320666788,140.31392669677734,143.60961883544923,0.009303178270323979,1
2021-10-20,AAPL,145.7094268798828,0.0033610637554539746,141.02265319824218,143.68107666015624,0.009315511826042882,1
2021-10-21,AAPL,145.92417907714844,0.001473838734144861,141.62692413330078,143.75175415039064,0.009258863313437324,0
2021-10-22,AAPL,145.1529998779297,-0.005284793816184741,142.19215087890626,143.7478485107422,0.009506274377200625,0
2021-10-25,AAPL,145.1042022705078,-0.00033618049549721807,142.76128082275392,143.73886749267578,0.009490767988829339,1
2021-10-26,AAPL,145.7680206298828,0.004574770054815325,143.5237060546875,143.70372283935546,0.008294836774294975,0
2021-10-27,AAPL,145.3092041015625,-0.0031475801505550516,144.29881591796874,143.67756042480468,0.008159674554333097,1
2021-10-28,AAPL,148.94076538085938,0.02499195630277229,145.15886383056642,143.79880737304688,0.009188119884691062,0
2021-10-29,AAPL,146.23658752441406,-0.018156062576490717,145.6430633544922,143.85933166503906,0.011903767990530955,0
2021-11-01,AAPL,145.4165802001953,-0.005607401937506529,145.87832946777343,143.874365234375,0.011816696246165267,1
2021-11-02,AAPL,146.45138549804688,0.007116143815422804,146.00133514404297,143.88041778564454,0.011058407387477116,1
2021-11-03,AAPL,147.88641357421875,0.009798665074363555,146.21903381347656,143.91692779541015,0.011399799424002153,0
2021-11-04,AAPL,147.36903381347656,-0.003498494204016489,146.36351928710937,143.96769165039063,0.01151101745182387,1
2021-11-05,AAPL,147.89697265625,0.0035824272515869726,146.6379165649414,144.0450241088867,0.011308990419435377,0
2021-11-08,AAPL,147.07574462890625,-0.0055527034299240885,146.83507080078124,144.0852359008789,0.011543119534730688,1
2021-11-09,AAPL,147.43746948242188,0.0024594460114977235,147.00201568603515,144.04443298339845,0.011497977179314734,0
2021-11-10,AAPL,144.61204528808594,-0.019163542376673726,146.9322998046875,143.97230773925781,0.013165227928043295,0
2021-11-11,AAPL,144.56320190429688,-0.0003377546019196487,146.49454345703126,143.88592895507813,0.009723123993496854,1
2021-11-12,AAPL,146.63577270507812,0.014336779854622561,146.53446197509766,143.81874389648436,0.00949834898664375,1
2021-11-15,AAPL,146.64553833007812,6.65978350291585e-05,146.65735778808593,143.73906341552734,0.009272143362130636,1
2021-11-16,AAPL,147.62319946289062,0.006666831762804248,146.7745391845703,143.6322735595703,0.009239602003292574,1
2021-11-17,AAPL,150.05751037597656,0.016490029493622105,146.99164886474608,143.60501831054688,0.010157517099892264,1
2021-11-18,AAPL,154.33956909179688,0.028536117286575013,147.68870239257814,143.68370880126952,0.01304523560076736,1
2021-11-19,AAPL,156.9596405029297,0.016976018700521678,148.5949691772461,143.91437438964843,0.013592852525487018,1
2021-11-22,AAPL,157.41912841796875,0.002927427162592755,149.62930755615236,144.14290618896484,0.013042089333820762,1
2021-11-23,AAPL,157.8004150390625,0.0024221111177886723,150.6656021118164,144.40698364257813,0.01304350567852499,1
2021-11-24,AAPL,158.31854248046875,0.003283435225933884,152.0362518310547,144.66365600585937,0.00951570846189333,0
2021-11-26,AAPL,153.30325317382812,-0.03167847068361773,152.9102569580078,144.82470886230467,0.015961171321269785,1
2021-11-29,AAPL,156.6565399169922,0.021873552411584063,153.9123336791992,145.1061282348633,0.016564949169781767,1
2021-11-30,AAPL,161.6033935546875,0.031577702662886065,155.40811920166016,145.54739929199218,0.018078927920869032,0
2021-12-01,AAPL,161.0852508544922,-0.0032062612597301143,156.75432434082032,145.96874114990234,0.018539295313763863,0
2021-12-02,AAPL,160.09783935546875,-0.006129744925656544,157.75835723876952,146.32308685302735,0.018889682110851423,0
2021-12-03,AAPL,158.2207489013672,-0.011724645764480401,158.14647521972657,146.62075744628908,0.017977061796240177,1
2021-12-06,AAPL,161.6229705810547,0.021503005789767826,158.61280822753906,146.98471405029298,0.018429705384409592,1
2021-12-07,AAPL,167.35189819335938,0.035446246234111856,159.60608520507813,147.49351318359376,0.021077572902301365,1
2021-12-08,AAPL,171.1647186279297,0.02278325179296714,160.94251556396483,148.1461215209961,0.021633524528256943,0
2021-12-09,AAPL,170.65634155273438,-0.002970104349018343,162.1762954711914,148.77060028076173,0.021885900358661888,1
2021-12-10,AAPL,175.43695068359375,0.028013076381237845,164.38966522216796,149.5166586303711,0.017672695956756496,0
2021-12-13,AAPL,171.80995178222656,-0.020674087683549613,165.9050064086914,150.16772430419923,0.02040172016817419,0
2021-12-14,AAPL,170.4314727783203,-0.008023277985977795,166.78781433105468,150.85974975585938,0.019453266458460433,1
2021-12-15,AAPL,175.29029846191406,0.02850896964267635,168.20831909179688,151.61048889160156,0.02043630635400674,0
2021-12-16,AAPL,168.40773010253906,-0.03926382931494865,169.0393081665039,152.20620025634764,0.025227482742138332,0
2021-12-17,AAPL,167.3128204345703,-0.006501540441772424,169.94851531982422,152.7548272705078,0.024886224134140017,0
2021-12-20,AAPL,165.95388793945312,-0.008122106193581335,170.38160705566406,153.28389038085936,0.02458152409040121,1
2021-12-21,AAPL,169.1214599609375,0.019087061236191305,170.55856323242188,153.8780615234375,0.022644365721828107,1
2021-12-22,AAPL,171.71214294433594,0.015318475751077365,170.6133056640625,154.5494290161133,0.021969873873507316,1
2021-12-23,AAPL,172.33787536621094,0.0036440778802571128,170.78145904541014,155.2450244140625,0.021952104797003304,1
2021-12-27,AAPL,176.29730224609375,0.022974792229909946,170.86749420166015,155.96416473388672,0.021316928443603087,0
2021-12-28,AAPL,175.28053283691406,-0.005767356597212059,171.2145523071289,156.64188354492188,0.020145609924125223,1
2021-12-29,AAPL,175.36856079101562,0.0005022118125546093,171.70826110839843,157.28797637939454,0.019843711157585837,0
2021-12-30,AAPL,174.2149200439453,-0.006578378369912596,171.60072326660156,157.86784820556642,0.017840507582321925,0
2021-12-31,AAPL,173.59901428222656,-0.0035353215531906956,172.1198516845703,158.42563995361328,0.011744421268039632,1
2022-01-03,AAPL,177.93972778320312,0.025004252005254468,173.1825424194336,159.06595092773438,0.01303665756810571,0
2022-01-04,AAPL,175.681396484375,-0.012691551948306956,174.1552932739258,159.67651885986328,0.013661593601029979,0
2022-01-05,AAPL,171.00827026367188,-0.026600006114584573,174.3439743041992,160.19460021972657,0.0161377902652758,0
2022-01-06,AAPL,168.15359497070312,-0.01669320020936549,173.98811950683594,160.64231170654296,0.016206827334111634,1
2022-01-07,AAPL,168.31979370117188,0.0009883745304268832,173.58631134033203,161.10252349853516,0.016126095492483557,1
2022-01-10,AAPL,168.3393096923828,0.00011594590738139843,172.79051208496094,161.4904943847656,0.013572799988648762,1
2022-01-11,AAPL,171.1647186279297,0.016784011653070863,172.3789306640625,161.98905700683594,0.015127917135052498,1
2022-01-12,AAPL,171.60462951660156,0.0025701026017408424,172.0025375366211,162.51281799316405,0.01518405678436366,0
2022-01-13,AAPL,168.3393096923828,-0.019028156952507258,171.41497650146485,162.9505764770508,0.01607936587689684,1
2022-01-14,AAPL,169.1996612548828,0.005110817931190059,170.97504119873048,163.37684143066406,0.016296805780591832,0
2022-01-18,AAPL,166.0028076171875,-0.01889397185541386,169.7813491821289,163.74951690673828,0.013803251278437517,0
2022-01-19,AAPL,162.5126190185547,-0.021024876920644586,168.46447143554687,164.04182983398437,0.014433361423029851,0
2022-01-20,AAPL,160.83103942871094,-0.010347378560502829,167.44674835205078,164.31693572998046,0.012897938400333929,0
2022-01-21,AAPL,158.77801513671875,-0.012765099941433822,166.50919036865236,164.5437466430664,0.012593733159558885,0
2022-01-24,AAPL,158.0056915283203,-0.004864172207552864,165.4777801513672,164.8116195678711,0.01238527237678496,0
2022-01-25,AAPL,156.2068328857422,-0.011384771176142783,164.26453247070313,165.0444921875,0.01226345219373382,0
2022-01-26,AAPL,156.11886596679688,-0.0005631438607404116,162.75994720458985,165.23415405273437,0.009344381086407685,0
2022-01-27,AAPL,155.65936279296875,-0.002943290492039896,161.16542053222656,165.41443054199217,0.008719842768487661,1
2022-01-28,AAPL,166.5209197998047,0.0697777301149698,160.98358154296875,165.79238494873047,0.026077045906932935,1
2022-01-31,AAPL,170.87144470214844,0.026125996106519445,161.1507598876953,166.2086636352539,0.027417736727928018,0
2022-02-01,AAPL,170.7052001953125,-0.000972921526623316,161.62099914550782,166.53597625732422,0.02652132145490553,1
2022-02-02,AAPL,171.90773010253906,0.007044483154881487,162.56051025390624,166.8349380493164,0.02513291569086772,0
2022-02-03,AAPL,169.03346252441406,-0.016719827412127186,163.38075256347656,167.06722473144532,0.02566607456511311,0
2022-02-04,AAPL,168.7495574951172,-0.001679578854132946,164.3779067993164,167.2862075805664,0.025031961414666182,0
2022-02-07,AAPL,168.03497314453125,-0.004234585033543681,165.3808349609375,167.48053619384766,0.025001305782335243,1
2022-02-08,AAPL,171.13809204101562,0.018467101451644208,166.87396087646485,167.8372329711914,0.024411071775706693,1
2022-02-09,AAPL,172.5574493408203,0.008293637511539664,168.5178192138672,168.15525115966796,0.024167665465987098,0
2022-02-10,AAPL,168.4852752685547,-0.023598946830876155,169.80041046142577,168.2928887939453,0.02622218848928901,0
2022-02-11,AAPL,165.07875061035156,-0.020218530389515266,169.65619354248048,168.3727587890625,0.016341314633093462,1
2022-02-14,AAPL,165.31370544433594,0.0014232893883414643,169.1004196166992,168.47707611083985,0.013436114097882057,1
2022-02-15,AAPL,169.14112854003906,0.023152485061148642,168.9440124511719,168.6954837036133,0.015835956464874304,0
2022-02-16,AAPL,168.90615844726562,-0.0013891954890073999,168.64385528564452,168.8411474609375,0.015594077681629875,0
2022-02-17,AAPL,165.31370544433594,-0.0212689284745724,168.27187957763672,168.80038360595702,0.01613934728330872,0
2022-02-18,AAPL,163.76707458496094,-0.009355732818509543,167.77363128662108,168.65243072509764,0.016298607963121662,0
2022-02-22,AAPL,160.8500213623047,-0.017812208162410026,167.05513610839844,168.45630432128905,0.01697610755541617,0
2022-02-23,AAPL,156.68975830078125,-0.025864236922621853,165.610302734375,168.0813604736328,0.016158887363757733,1
2022-02-24,AAPL,159.3033905029297,0.016680300170808238,164.28489685058594,167.83122924804687,0.017313201445906434,1
2022-02-25,AAPL,161.36883544921875,0.01296548014306742,163.57325286865233,167.64997650146483,0.01747209170615596,1
2022-02-28,AAPL,161.6331329345703,0.001637847138301618,163.22869110107422,167.37683319091798,0.016585857163283944,0
2022-03-01,AAPL,159.753662109375,-0.011628004673745473,162.6726867675781,167.2037518310547,0.016800143026887523,1
2022-03-02,AAPL,163.04269409179688,0.02058814764552963,162.0628433227539,167.11834930419923,0.01636566772156376,0
2022-03-03,AAPL,162.7196807861328,-0.0019811578032573607,161.44419555664064,167.0536651611328,0.01635807377207299,0
2022-03-04,AAPL,159.7242889404297,-0.018408294751020682,160.88525390625,166.86572174072265,0.016036685230242417,0
2022-03-07,AAPL,155.9359893798828,-0.02371774252793668,160.10214538574218,166.5501986694336,0.017235790123837642,0
2022-03-08,AAPL,154.1152801513672,-0.01167600395364865,159.42867126464844,166.1857467651367,0.016823541802396317,1
2022-03-09,AAPL,159.50892639160156,0.03499747873758463,159.71058807373046,165.84997924804688,0.01896404075522078,0
2022-03-10,AAPL,155.1724853515625,-0.027186196648286032,159.29749755859376,165.44781829833985,0.02020960936115109,0
2022-03-11,AAPL,151.4625244140625,-0.0239086261272069,158.30686645507814,164.96969757080078,0.020448840282104107,0
2022-03-14,AAPL,147.43930053710938,-0.02656250377786251,156.88748321533203,164.43418518066406,0.02118992371845427,1
2022-03-15,AAPL,151.81491088867188,0.02967736780914243,156.0936080932617,163.99850311279297,0.024393220888094196,1
2022-03-16,AAPL,156.2198944091797,0.02901548665228315,155.411328125,163.5641064453125,0.02548940813466025,1
2022-03-17,AAPL,157.22811889648438,0.006453880225164577,154.86217193603517,163.19504089355468,0.02570140683017723,1
2022-03-18,AAPL,160.5171661376953,0.02091895053057513,154.94145965576172,162.98521881103517,0.02610968854295756,1
2022-03-21,AAPL,161.88758850097656,0.008537543966516736,155.5366195678711,162.85989868164063,0.024698344659689724,1
2022-03-22,AAPL,165.2549591064453,0.02080067185291634,156.6505874633789,162.7986019897461,0.024538834034714376,1
2022-03-23,AAPL,166.61563110351562,0.00823377406903636,157.36125793457032,162.76412841796875,0.022558840056079783,1
2022-03-24,AAPL,170.39413452148438,0.022677964804041828,158.8834228515625,162.74871673583985,0.020133207552125786,1
2022-03-25,AAPL,171.03036499023438,0.003733875409131393,160.8402069091797,162.7372314453125,0.016613738114330746,1
2022-03-28,AAPL,171.89178466796875,0.005036647602217004,163.28545532226562,162.80828094482422,0.010130702883801312,1
2022-03-29,AAPL,175.18084716796875,0.019134495033332977,165.6220489501953,162.92790466308594,0.008975017974210027,0
2022-03-30,AAPL,174.0159454345703,-0.006649709441589158,167.4016540527344,163.0881674194336,0.009609665475160113,0
2022-03-31,AAPL,170.9226837158203,-0.017775737223535426,168.77111053466797,163.25636871337892,0.013225996186342265,0
2022-04-01,AAPL,170.62904357910156,-0.0017179705486426444,169.78229827880858,163.45232879638672,0.012787515026023325,1
2022-04-04,AAPL,174.67181396484375,0.02369333087111869,171.06072082519532,163.77020477294923,0.013941275901111038,0
2022-04-05,AAPL,171.36322021484375,-0.018941772429671544,171.67154693603516,164.03735534667967,0.015386765347111512,0
2022-04-06,AAPL,168.20140075683594,-0.01845098063659012,171.8301239013672,164.27724670410157,0.01677280806565068,1
2022-04-07,AAPL,168.50485229492188,0.00180409637922474,171.64119567871094,164.52496643066405,0.014989530863832883,0
2022-04-08,AAPL,166.4981231689453,-0.011909028723186776,171.18797149658204,164.74174163818358,0.015252989639779292,0
2022-04-11,AAPL,162.2498016357422,-0.025515732263794666,170.22377319335936,164.65631927490233,0.016562057527877153,1
2022-04-12,AAPL,164.11944580078125,0.011523244689300105,169.1176330566406,164.521279296875,0.015433844710817305,1
2022-04-13,AAPL,166.80157470703125,0.01634254181863204,168.3961959838867,164.44320678710938,0.017022383434999067,0
2022-04-14,AAPL,161.7995147705078,-0.02998808581579049,167.48387908935547,164.24104248046876,0.018487935651179666,0
2022-04-18,AAPL,161.58413696289062,-0.0013311400094287995,166.5793884277344,164.0920559692383,0.018496703126046257,1
2022-04-19,AAPL,163.86495971679688,0.014115387789768397,165.4987030029297,163.99436401367188,0.017018801427446915,0
2022-04-20,AAPL,163.69851684570312,-0.0010157319257357855,164.73223266601562,163.9076348876953,0.01646682215335421,0
2022-04-21,AAPL,162.90567016601562,-0.00484333453329211,164.2026596069336,163.7429864501953,0.015726176297692403,0
2022-04-22,AAPL,158.3734130859375,-0.02782135867621638,163.18951568603515,163.45930572509766,0.017404411631041825,1
2022-04-25,AAPL,159.44039916992188,0.006737154066417617,162.4837432861328,163.278408203125,0.017702558810804247,0
2022-04-26,AAPL,153.48878479003906,-0.03732814525595829,161.6076416015625,163.04660888671876,0.019579084663939945,0
2022-04-27,AAPL,153.263671875,-0.0014666408060172165,160.52206420898438,162.80560821533203,0.01874768427564244,1
2022-04-28,AAPL,160.18435668945312,0.04515541569497006,159.86034240722657,162.6264727783203,0.02412002272970439,0
2022-04-29,AAPL,154.32086181640625,-0.03660466598754297,159.11247711181642,162.33476684570311,0.024993808971233367,1
2022-05-02,AAPL,154.6243133544922,0.0019663675702312755,158.41649475097657,162.12097900390626,0.025061048969874246,1
2022-05-03,AAPL,156.11219787597656,0.00962257803579214,157.64121856689454,161.96788146972656,0.024736165596672768,1
2022-05-04,AAPL,162.51409912109375,0.04100833459665454,157.52277679443358,162.00116302490235,0.028663170895840504,0
2022-05-05,AAPL,153.4594268798828,-0.055716225793209784,156.57815246582032,161.93655639648438,0.03363177096765524,1
2022-05-06,AAPL,154.1848907470703,0.004727398517885284,156.1593002319336,161.8341864013672,0.03279003906248032,0
2022-05-09,AAPL,149.06759643554688,-0.03318933707919547,155.12201995849608,161.58816162109375,0.03399108518354878,1
2022-05-10,AAPL,151.46937561035156,0.01611201382617833,154.92007904052736,161.38488647460937,0.03272775421909675,0
2022-05-11,AAPL,143.61700439453125,-0.051841312372081116,153.95541229248047,161.0621533203125,0.036495185413232656,0
2022-05-12,AAPL,139.7545623779297,-0.026894043869561735,151.9124328613281,160.59639068603516,0.03215506788047255,1
2022-05-13,AAPL,144.2150421142578,0.031916523227813576,150.90185089111327,160.22629791259766,0.03384182033927828,0
2022-05-16,AAPL,142.67591857910156,-0.010672420245433467,149.7070114135742,159.8853305053711,0.03373760032039139,1
2022-05-17,AAPL,146.3031005859375,0.025422524298134963,148.72610168457032,159.6926727294922,0.03497545947379359,0
2022-05-18,AAPL,138.04879760742188,-0.05641919375226845,146.27957153320312,159.37134307861328,0.034009253401145426,0
2022-05-19,AAPL,134.64706420898438,-0.02464152862896518,144.3983352661133,158.87410583496094,0.03124985577111662,1
2022-05-20,AAPL,134.88233947753906,0.001747347927241183,142.46808013916015,158.46830291748046,0.031080560647669734,1
2022-05-23,AAPL,140.2937469482422,0.04011946628197571,141.5906951904297,158.24492736816407,0.03423460568137221,0
2022-05-24,AAPL,137.59783935546875,-0.0192161635954311,140.20354156494142,158.04809814453125,0.0335712439385081,1
2022-05-25,AAPL,137.75469970703125,0.001139991385745942,139.6173110961914,157.76689392089844,0.030064872079352073,1
2022-05-26,AAPL,140.9505615234375,0.023199657240029037,139.73691101074218,157.4615072631836,0.02995319142848563,1
2022-05-27,AAPL,146.69522094726562,0.04075655578621373,139.98492889404298,157.25084930419922,0.031068187886331308,0
2022-05-31,AAPL,145.91094970703125,-0.005346263055947209,140.30843200683594,156.95872497558594,0.030869080743162327,0
2022-06-01,AAPL,145.7835235595703,-0.0008733144957029371,140.25647430419923,156.6366436767578,0.029818264453480688,1
2022-06-02,AAPL,148.23435974121094,0.01681147582250042,141.27503051757813,156.29623168945312,0.022505688233639017,0
2022-06-03,AAPL,142.51902770996094,-0.03855605435357823,142.06222686767578,155.81429962158202,0.024996998493267687,1
2022-06-06,AAPL,143.2640838623047,0.005227766174913828,142.90040130615233,155.27169860839842,0.02495573999231308,1
2022-06-07,AAPL,145.7835235595703,0.017585982678583578,143.44937896728516,154.76676177978516,0.02245768300492961,0
2022-06-08,AAPL,145.0482635498047,-0.005043505547217664,144.19442138671874,154.22989135742188,0.021238769270055753,0
2022-06-09,AAPL,139.83299255371094,-0.035955418344618795,144.40225067138672,153.5229342651367,0.02499106077358654,0
2022-06-10,AAPL,134.43142700195312,-0.03862869164931182,143.75033721923828,152.7312438964844,0.02669342269914973,0
2022-06-13,AAPL,129.28472900390625,-0.03828493167726399,142.00928802490233,151.8984848022461,0.02332578061655027,1
2022-06-14,AAPL,130.14736938476562,0.006672407387211976,140.43292999267578,151.0888513183594,0.024023443732117282,1
2022-06-15,AAPL,132.7648162841797,0.020111408411766618,139.1310592651367,150.25071136474608,0.025862563152506488,0
2022-06-16,AAPL,127.5005340576172,-0.039651184507305204,137.05767669677735,149.37345764160156,0.025763101491543212,1
2022-06-17,AAPL,128.97100830078125,0.011533083010456524,135.70287475585937,148.58884979248046,0.025466800674998617,1
2022-06-21,AAPL,133.1962127685547,0.03276088574821068,134.6960876464844,147.8826770019531,0.028554394456369432,0
2022-06-22,AAPL,132.68641662597656,-0.003827407191103527,133.386376953125,147.20644287109374,0.027289871049467784,1
2022-06-23,AAPL,135.5489959716797,0.02157401954543925,132.4364501953125,146.6724267578125,0.02896850638418873,1
2022-06-24,AAPL,138.8722686767578,0.024517132578189438,132.3403778076172,146.16748321533203,0.028412719872471553,0
2022-06-27,AAPL,138.8722686767578,0.0,132.78446197509766,145.60889709472656,0.025053393337741474,0
2022-06-28,AAPL,134.73529052734375,-0.029789807488803888,133.32951812744142,145.0676126098633,0.023578186496597087,1
2022-06-29,AAPL,136.49005126953125,0.013023764860115694,133.96378631591796,144.5657308959961,0.023731544318000838,0
2022-06-30,AAPL,134.02944946289062,-0.018027700801295787,134.09024963378906,143.96902069091797,0.024099465983563488,1
2022-07-01,AAPL,136.19595336914062,0.01616438711739887,134.9597915649414,143.41896942138672,0.01963380052794893,1
2022-07-05,AAPL,138.77423095703125,0.018930647527408917,135.94011383056642,142.93634063720702,0.01996875126373562,1
2022-07-06,AAPL,140.10745239257812,0.009607125374448522,136.63123779296876,142.57102142333986,0.017959789881861362,1
2022-07-07,AAPL,143.469970703125,0.023999567854000814,137.7095932006836,142.2516128540039,0.018548806321038072,1
2022-07-08,AAPL,144.14639282226562,0.00471472961084185,138.5693328857422,142.06476501464843,0.017933941939005802,0
2022-07-11,AAPL,142.01904296875,-0.014758259376900784,138.8840103149414,141.83987243652345,0.01780469880176783,1
2022-07-12,AAPL,142.98960876464844,0.006834053910023785,139.29574432373047,141.49597747802736,0.017834054080127386,0
2022-07-13,AAPL,142.6268768310547,-0.002536771285183259,140.08490295410155,141.2620977783203,0.013903978772331045,1
2022-07-14,AAPL,145.54823303222656,0.020482508388880216,140.9907211303711,141.080576171875,0.01452120251617124,1
2022-07-15,AAPL,147.21478271484375,0.011450153999795987,142.30925445556642,140.90262786865233,0.011696963254503374,0
2022-07-18,AAPL,144.17579650878906,-0.020643213609473077,143.10723876953125,140.53586181640625,0.014754533885681275,1
2022-07-19,AAPL,148.02847290039062,0.026722074612341107,144.03266296386718,140.4272427368164,0.0156999277833053,1
2022-07-20,AAPL,150.0283203125,0.01350988342259729,145.02474975585938,140.344111328125,0.01583129832500036,1
2022-07-21,AAPL,152.2928466796875,0.015093992670654588,145.90703735351562,140.4086163330078,0.014995796844088229,0
2022-07-22,AAPL,151.05764770507812,-0.008110682816293568,146.59816284179686,140.40038177490234,0.015659945663068643,0
2022-07-25,AAPL,149.9400634765625,-0.0073983955496088605,147.39026489257813,140.52684295654296,0.01478700361857427,0
2022-07-26,AAPL,148.61666870117188,-0.008826158564335218,147.95297088623047,140.7040850830078,0.015449193729841052,1
2022-07-27,AAPL,153.7045440673828,0.03423489041085492,149.06073760986328,140.8938751220703,0.0179077549214437,1
2022-07-28,AAPL,154.25350952148438,0.00357156294521066,149.93126525878907,141.12542694091798,0.01735128063987438,1
2022-07-29,AAPL,159.31192016601562,0.03279283991802284,151.14097900390624,141.38560333251954,0.019304269557645574,0
2022-08-01,AAPL,158.3316192626953,-0.006153343091331531,152.5565612792969,141.791259765625,0.01735267326679553,0
2022-08-02,AAPL,156.86114501953125,-0.00928730628797736,153.43982849121093,142.23554138183593,0.017126580049148004,1
2022-08-03,AAPL,162.86070251464844,0.03824756917572003,154.7230667114258,142.79510864257813,0.01990260534326278,0
2022-08-04,AAPL,162.54701232910156,-0.0019261257056082393,155.74848327636718,143.2401739501953,0.01999565437245507,0
2022-08-05,AAPL,162.3212432861328,-0.0013889461253931978,156.87484283447264,143.7346420288086,0.019549929139594094,0
2022-08-08,AAPL,161.84999084472656,-0.0029032086735286677,158.06583557128906,144.2165478515625,0.01922111233644262,1
2022-08-09,AAPL,161.8990936279297,0.000303384528765438,159.39407806396486,144.63551849365234,0.018546743074345368,1
2022-08-10,AAPL,166.13995361328125,0.02619446403509662,160.6376190185547,145.02441314697265,0.017461659542259353,0
2022-08-11,AAPL,165.40371704101562,-0.004431423966683723,161.7526397705078,145.41426849365234,0.017863157460072703,1
2022-08-12,AAPL,168.9475860595703,0.0214255706096127,162.7162063598633,145.87754974365234,0.01634702931800995,1
2022-08-15,AAPL,170.0176239013672,0.006333549160149499,163.88480682373046,146.31321502685546,0.015781994634505938,0
2022-08-16,AAPL,169.86053466796875,-0.0009239585273205231,165.18474578857422,146.86004516601562,0.015010610254900233,1
2022-08-17,AAPL,171.35272216796875,0.008784780425405092,166.03394775390626,147.4218179321289,0.010709527746695752,0
2022-08-18,AAPL,170.96002197265625,-0.0022917651400223837,166.87524871826173,147.92534790039062,0.010736948000931706,0
2022-08-19,AAPL,168.37815856933594,-0.015102147119127385,167.48094024658204,148.39194580078126,0.012405350920020502,0
2022-08-22,AAPL,164.50057983398438,-0.023028988844505216,167.74599914550782,148.8852975463867,0.014970092901635701,0
2022-08-23,AAPL,164.16677856445312,-0.0020291798963147922,167.97276763916017,149.48000457763672,0.015012839710245937,1
2022-08-24,AAPL,164.46128845214844,0.001793967636269933,167.80490112304688,150.18353576660155,0.012287583772800674,1
2022-08-25,AAPL,166.91549682617188,0.014922711582291415,167.9560791015625,150.9188983154297,0.013170291267692178,0
2022-08-26,AAPL,160.6229248046875,-0.03769914801881791,167.1236129760742,151.47606048583984,0.01595337208068218,0
2022-08-29,AAPL,158.42391967773438,-0.013690481166539925,165.96424255371093,152.0945281982422,0.015636895865487468,0
2022-08-30,AAPL,155.9991912841797,-0.01530531752078268,164.57810821533204,152.63509185791017,0.015684764780483255,0
2022-08-31,AAPL,154.3401336669922,-0.010635039858413409,162.87684936523436,153.05797027587892,0.014481593680687388,1
2022-09-01,AAPL,155.06655883789062,0.004706651171274778,161.28750305175782,153.5055731201172,0.015069138784959192,0
2022-09-02,AAPL,152.95594787597656,-0.01361100019070216,159.7452819824219,153.85371215820314,0.015016001147683483,0
2022-09-06,AAPL,151.6994171142578,-0.008214984635560585,158.4651657104492,154.11025512695312,0.014238984521121434,1
2022-09-07,AAPL,153.1032257080078,0.009253882582110906,157.3588104248047,154.39487426757813,0.01517862409718476,0
2022-09-08,AAPL,151.63070678710938,-0.009617817744132728,156.07575225830078,154.73278259277345,0.014882815968002075,1
2022-09-09,AAPL,154.48736572265625,0.01883958068966618,154.83293914794922,155.09272888183594,0.015587660198112065,1
2022-09-12,AAPL,160.43638610839844,0.03850813532818065,154.8142852783203,155.6208676147461,0.01771885858655702,0
2022-09-13,AAPL,151.02206420898438,-0.0586794687151162,154.0740997314453,155.91738983154298,0.025562936242234872,1
2022-09-14,AAPL,152.46510314941406,0.009555153069771283,153.72069091796874,156.19120727539064,0.025601530436127264,0
2022-09-15,AAPL,149.5789794921875,-0.01892973275594867,153.24457550048828,156.38063781738282,0.026043321454673765,0
2022-09-16,AAPL,147.93955993652344,-0.010960226906412962,152.53187561035156,156.47002960205077,0.02601151801335512,1
2022-09-19,AAPL,151.65032958984375,0.025083011298076663,152.40131378173828,156.62010833740234,0.027331226999979825,1
2022-09-20,AAPL,154.02597045898438,0.015665253584122185,152.63396911621095,156.86024688720704,0.027625486492632544,0
2022-09-21,AAPL,150.90423583984375,-0.020267586107966862,152.41407012939453,157.01853942871094,0.028317665751987117,0
2022-09-22,AAPL,149.94219970703125,-0.006375143331520006,152.2452194213867,157.16484588623047,0.028227462708339996,0
2022-09-23,AAPL,147.67453002929688,-0.015123625518133843,151.56393585205078,157.20737182617188,0.027644955028606182,1
2022-09-26,AAPL,148.00828552246094,0.002260074862590278,150.32112579345704,157.22324188232423,0.023494672090162833,1
2022-09-27,AAPL,148.98016357421875,0.00656637598582499,150.11693572998047,157.31932922363282,0.015481155308996278,0
2022-09-28,AAPL,147.09532165527344,-0.01265163008098269,149.5799575805664,157.30066619873048,0.015350750201888749,0
2022-09-29,AAPL,139.87013244628906,-0.049119095887475095,148.60907287597655,157.09750244140625,0.020747974485842206,0
2022-09-30,AAPL,135.6685333251953,-0.03003928749911766,147.38197021484376,156.7650161743164,0.022041387226915683,1
2022-10-03,AAPL,139.84071350097656,0.030752747697069927,146.20100860595704,156.54067749023437,0.023048301088535256,1
2022-10-04,AAPL,143.42385864257812,0.025623046764392754,145.14079742431642,156.4103533935547,0.024354431134852438,1
2022-10-05,AAPL,143.71832275390625,0.0020531040938032152,144.42220611572264,156.31238647460938,0.024007163828424143,0
2022-10-06,AAPL,142.76608276367188,-0.00662573826348456,143.70459442138673,156.09361724853517,0.024009347160457724,0
2022-10-07,AAPL,137.5238800048828,-0.03671882464875609,142.6895294189453,155.75902465820312,0.02595072808118385,1
2022-10-10,AAPL,137.84786987304688,0.0023558807979571217,141.6734878540039,155.32974365234375,0.02595445784736125,0
2022-10-11,AAPL,136.4342498779297,-0.010254928106027905,140.418896484375,154.89179626464843,0.025535046018131093,0
2022-10-12,AAPL,135.80593872070312,-0.004605230415300587,139.28995819091796,154.47069213867186,0.02551514146769796,1
2022-10-13,AAPL,140.37078857421875,0.03361303560445639,139.34002380371095,154.0208938598633,0.02394203564877741,0
2022-10-14,AAPL,135.84523010253906,-0.032240030263040564,139.35769348144532,153.48685821533203,0.024263082745690008,1
2022-10-17,AAPL,139.80142211914062,0.029122789321460507,139.35376434326173,153.0364617919922,0.024040944276019452,1
2022-10-18,AAPL,141.11688232421875,0.00940949087025067,139.1230667114258,152.62179962158203,0.022644465173143922,1
2022-10-19,AAPL,141.224853515625,0.0007651188832118461,138.87371978759765,152.20831481933592,0.022626367036911243,0
2022-10-20,AAPL,140.76348876953125,-0.0032668806843032527,138.6734603881836,151.70078552246093,0.022566968777283033,1
2022-10-21,AAPL,144.57240295410156,0.02705896406707109,139.37831268310546,151.28415924072266,0.02030690319255515,1
2022-10-24,AAPL,146.7124481201172,0.014802584188180479,140.2647705078125,150.83945648193358,0.020494078958816664,1
2022-10-25,AAPL,149.54949951171875,0.019337496088121853,141.5762954711914,150.43009399414063,0.019944617750625667,0
2022-10-26,AAPL,146.61427307128906,-0.01962712312654502,142.65712890625,149.96516876220704,0.021612608635407045,0
2022-10-27,AAPL,142.14761352539062,-0.030465380022902555,142.83481140136718,149.38106658935547,0.022617021190700567,1
2022-10-28,AAPL,152.88722229003906,0.07555250839811056,144.53901062011718,149.0196105957031,0.029419283058024822,0
2022-10-31,AAPL,150.53123474121094,-0.01540997026133828,145.61199188232422,148.66267211914064,0.029950334083981085,0
2022-11-01,AAPL,147.89047241210938,-0.017542952687802593,146.2893508911133,148.33046997070312,0.03098580185304913,0
2022-11-02,AAPL,142.37342834472656,-0.03730493234215315,146.40420837402343,147.89460296630858,0.03379199362259045,0
2022-11-03,AAPL,136.33609008789062,-0.04240495102932984,145.9614685058594,147.33209899902343,0.036536478487358165,0
2022-11-04,AAPL,136.07057189941406,-0.0019475267943022123,145.1112854003906,146.7152005004883,0.03504099261175756,1
2022-11-07,AAPL,136.60154724121094,0.0039022055569031266,144.1001953125,146.23477294921875,0.034504658055300126,1
2022-11-08,AAPL,137.17189025878906,0.004175231021146697,142.86243438720703,145.80973236083983,0.033558864272672746,0
2022-11-09,AAPL,132.6191864013672,-0.03318977269200507,141.46292572021486,145.3421322631836,0.03434110947777988,1
2022-11-10,AAPL,144.4188690185547,0.08897417438134614,141.69005126953124,145.14370697021485,0.04525991012269652,1
2022-11-11,AAPL,147.20164489746094,0.019268783212453622,141.12149353027343,144.98640869140624,0.038095882461132775,0
2022-11-14,AAPL,145.80532836914062,-0.009485739981322738,140.6489028930664,144.84339630126954,0.037929711874149244,1
2022-11-15,AAPL,147.5359649658203,0.011869501725603415,140.6134521484375,144.76012725830077,0.037778474039124245,0
2022-11-16,AAPL,146.30685424804688,-0.00833092268761848,141.00679473876954,144.62419982910157,0.03561579625176553,1
2022-11-17,AAPL,148.2046356201172,0.012971240355238889,142.1936492919922,144.5556784057617,0.03182621992903656,1
2022-11-18,AAPL,148.76515197753906,0.003782043355638365,143.46310729980468,144.44123413085939,0.0316619730386782,0
2022-11-21,AAPL,145.53985595703125,-0.021680453907611197,144.35693817138673,144.14330352783202,0.033153385624127715,1
2022-11-22,AAPL,147.6736297607422,0.014661096025413878,145.40711212158203,144.07633483886718,0.03322564657020248,1
2022-11-23,AAPL,148.54881286621094,0.005926468435066612,147.0000747680664,143.99800903320312,0.02999863292733678,0
2022-11-25,AAPL,145.63821411132812,-0.019593551094240103,147.12200927734375,143.91919372558593,0.014717024549789492,0
2022-11-28,AAPL,141.81309509277344,-0.02626452845426064,146.583154296875,143.79666442871093,0.0154417402958204,0
2022-11-29,AAPL,138.8140411376953,-0.02114793385699787,145.88402557373047,143.53993865966797,0.016348209607156394,1
2022-11-30,AAPL,145.55953979492188,0.048593777703909824,145.68638305664064,143.37061004638673,0.02319510082093689,1
2022-12-01,AAPL,145.83486938476562,0.0018915255587621527,145.6391845703125,143.26922271728515,0.02306632144895357,0
2022-12-02,AAPL,145.34320068359375,-0.003371407011547256,145.35304107666016,143.1772427368164,0.022612901419468853,0
2022-12-05,AAPL,144.1829071044922,-0.007983129404363964,144.89481658935546,143.10741027832032,0.022600873146065386,0
2022-12-06,AAPL,140.52496337890625,-0.02537016210205112,144.39332733154296,142.9577438354492,0.02296872283420178,0
2022-12-07,AAPL,138.58790588378906,-0.013784436932348987,143.48475494384766,142.74989868164062,0.02225212656842275,1
2022-12-08,AAPL,140.26934814453125,0.012132676729758263,142.65680847167968,142.61337921142578,0.022707036116982764,0
2022-12-09,AAPL,139.7875213623047,-0.003435011202376881,142.07173919677734,142.6117269897461,0.022160222717246363,1
2022-12-12,AAPL,142.07861328125,0.016389817178367405,142.098291015625,142.7399285888672,0.021465773128089713,1
2022-12-13,AAPL,143.04226684570312,0.006782537795083421,142.52111358642577,142.80395965576173,0.020127090006286496,0
2022-12-14,AAPL,140.8200225830078,-0.015535577782001986,142.0471618652344,142.75188293457032,0.013008947336830282,0
2022-12-15,AAPL,134.2219696044922,-0.046854508737394496,140.88587188720703,142.56195587158203,0.018745395454163465,0
2022-12-16,AAPL,132.26516723632812,-0.014578853029277639,139.57806854248048,142.35193756103516,0.018766099642470075,0
2022-12-19,AAPL,130.160888671875,-0.015909544503831863,138.17586669921874,142.204677734375,0.018874962006281974,0
2022-12-20,AAPL,130.09210205078125,-0.0005284738126455357,137.13258056640626,142.04956237792967,0.01825420756429075,1
2022-12-21,AAPL,133.189453125,0.023808909421801028,136.59273529052734,141.9846664428711,0.02055017935543857,0
2022-12-22,AAPL,130.0232391357422,-0.023772257599753654,135.56812438964843,141.86901245117187,0.020598992226088776,0
2022-12-23,AAPL,129.65939331054688,-0.0027983138061609125,134.55531158447266,141.65478454589845,0.02061346223947649,0
2022-12-27,AAPL,127.85993194580078,-0.013878372548267404,133.13344345092773,141.49507858276368,0.018899462829171102,0
2022-12-28,AAPL,123.9365234375,-0.030685207231018197,131.2228691101074,141.17778060913085,0.018844645387881057,1
2022-12-29,AAPL,127.44696044921876,0.028324475419782447,129.88556289672852,140.90438217163086,0.023091945673368565,1
2022-12-30,AAPL,127.7615966796875,0.00246876213728231,129.23952560424806,140.6351170349121,0.019212909754208442,0
2023-01-03,AAPL,122.98272705078124,-0.037404585987504735,128.31128158569337,140.2795018005371,0.021704106658485822,1
2023-01-04,AAPL,124.2511978149414,0.010314218871048553,127.7203125,139.8730776977539,0.022093771261168585,0
2023-01-05,AAPL,122.93354034423828,-0.01060478686624522,127.0044563293457,139.39749954223632,0.022126570304266516,1
2023-01-06,AAPL,127.45679473876952,0.03679430676010176,126.43119049072266,138.95564544677734,0.02430636187340154,1
2023-01-09,AAPL,127.9779281616211,0.0040887064822214825,126.22665939331054,138.582918548584,0.02338321821921222,1
2023-01-10,AAPL,128.54824829101562,0.0044563944547866274,126.11554489135742,138.31093124389648,0.023445337409341273,1
2023-01-11,AAPL,131.26219177246094,0.021112255651289047,126.45577087402344,137.87843063354492,0.023853044206177048,0
2023-01-12,AAPL,131.1835479736328,-0.0005991351947288726,127.18047332763672,137.49147689819335,0.020857413241494552,1
2023-01-13,AAPL,132.510986328125,0.010118939264845972,127.68687591552734,137.18388717651368,0.019427653693020016,1
2023-01-17,AAPL,133.6713104248047,0.008756436947850332,128.27784729003906,137.00984481811523,0.01947160927879629,0
2023-01-18,AAPL,132.9534912109375,-0.0053700319955416465,129.2749237060547,136.94219284057618,0.013491027473571091,1
2023-01-19,AAPL,133.0124969482422,0.0004438073552432975,130.15105361938475,136.88103134155273,0.013655390139102849,1
2023-01-20,AAPL,135.56907653808594,0.019220596925103806,131.41460723876952,136.86038192749024,0.012620428022174767,1
2023-01-23,AAPL,138.75502014160156,0.0235005185907613,132.54442977905273,136.89204452514647,0.009874399834501708,1
2023-01-24,AAPL,140.15133666992188,0.010063178448573185,133.76177062988282,137.04268753051758,0.009752937260449516,0
2023-01-25,AAPL,139.4925079345703,-0.004700838044115141,134.85619659423827,136.9441603088379,0.010634744257830633,1
2023-01-26,AAPL,141.5574493408203,0.014803242387889215,135.8857223510742,136.83127639770507,0.009952469090813567,1
2023-01-27,AAPL,143.4945831298828,0.013684435528352745,137.11682586669923,136.7850614929199,0.009661958861305914,0
2023-01-30,AAPL,140.61349487304688,-0.020078027992374792,137.9270767211914,136.64661209106444,0.01331839685599266,1
2023-01-31,AAPL,141.88194274902344,0.009020811815549923,138.74813995361328,136.558113861084,0.013324666048994925,1
2023-02-01,AAPL,143.00291442871094,0.007900735343541188,139.75308227539062,136.45407943725587,0.012706448673712968,1
2023-02-02,AAPL,148.30299377441406,0.037062736566430665,141.28213195800782,136.44483627319335,0.015461478562122526,1
2023-02-03,AAPL,151.92156982421875,0.024399885381336084,142.9173812866211,136.5724705505371,0.015847599109510755,0
2023-02-06,AAPL,149.19778442382812,-0.01792889188508373,143.96165771484374,136.60295364379883,0.017689188036194105,1
2023-02-07,AAPL,152.06906127929688,0.019244768724663297,145.15343017578124,136.67335861206055,0.01807553562017181,0
2023-02-08,AAPL,149.38462829589844,-0.017652722788023878,146.14264221191405,136.74828689575196,0.0195201630398301,0
2023-02-09,AAPL,148.35214233398438,-0.006911594410295874,146.82211151123047,136.87906784057617,0.01976754904902298,1
2023-02-10,AAPL,148.71652221679688,0.002456182142568375,147.34430541992188,137.0771174621582,0.019528962700963198,1
2023-02-13,AAPL,151.51339721679688,0.01880675367006468,148.43429565429688,137.1961946105957,0.018074056850969265,0
2023-02-14,AAPL,150.87327575683594,-0.004224850552621451,149.33342895507812,137.2969627380371,0.018443196643634866,1
2023-02-15,AAPL,152.97091674804688,0.013903330332614594,150.33022918701172,137.44951705932618,0.018597565562698048,0
2023-02-16,AAPL,151.3755340576172,-0.01042932032013244,150.63748321533203,137.59336959838868,0.015913893470872017,0
2023-02-17,AAPL,150.23312377929688,-0.007546862083310568,150.46863861083983,137.78753280639648,0.014052383080400889,0
2023-02-21,AAPL,146.22494506835938,-0.026679726881175703,150.17135467529297,137.94027359008788,0.015427006814259838,1
2023-02-22,AAPL,146.64842224121094,0.0028960665545374464,149.62929077148436,138.06785507202147,0.013707234699200911,1
2023-02-23,AAPL,147.13095092773438,0.003290377619813434,149.40392303466797,138.2147236633301,0.012886453002787535,0
2023-02-24,AAPL,144.48182678222656,-0.01800521323898041,149.0168914794922,138.2627879333496,0.013850869152041931,1
2023-02-27,AAPL,145.6734619140625,0.008247647184251417,148.71258544921875,138.3154118347168,0.014200277511996465,0
2023-02-28,AAPL,145.17120361328125,-0.003447836649049685,148.0783660888672,138.40243545532226,0.012182084859071313,0
2023-03-01,AAPL,143.10308837890625,-0.014246043174541811,147.3013473510742,138.58005783081055,0.012589748469034724,1
2023-03-02,AAPL,143.69398498535156,0.004129167393513766,146.3736541748047,138.80863418579102,0.011249811058788922,1
2023-03-03,AAPL,148.7362060546875,0.03508999398861379,146.1097213745117,139.18014053344726,0.017051894510813348,1
2023-03-06,AAPL,151.4937286376953,0.018539686174285697,146.23578186035155,139.60817306518555,0.018013933792660742,0
2023-03-07,AAPL,149.29757690429688,-0.014496651136303051,146.5430450439453,139.9303355407715,0.016262107965967554,1
2023-03-08,AAPL,150.54827880859375,0.008377241816178937,146.9330307006836,140.34083633422853,0.016380130084627558,0
2023-03-09,AAPL,148.3029022216797,-0.014914661294592513,147.05022583007812,140.71370651245118,0.017299020864128007,0
2023-03-10,AAPL,146.24465942382812,-0.01387864139553352,147.22650909423828,141.0814010620117,0.016840354364285392,1
2023-03-13,AAPL,148.18470764160156,0.013265771382126479,147.47763366699218,141.56636474609374,0.01714114021187233,1
2023-03-14,AAPL,150.27252197265625,0.01408926983278369,147.98776550292968,142.0228759765625,0.01743442745403621,1
2023-03-15,AAPL,150.66648864746094,0.0026216813934645256,148.74410552978514,142.48097381591796,0.01629522268713367,1
2023-03-16,AAPL,153.4830322265625,0.018693895400269778,149.72301025390624,143.0909799194336,0.0168230562726638,0
2023-03-17,AAPL,152.6459503173828,-0.005453905210473287,150.11398468017578,143.6588749694824,0.013854901775965538,1
2023-03-20,AAPL,155.00946044921875,0.015483608486970724,150.46555786132814,144.30039337158203,0.013495349877324706,1
2023-03-21,AAPL,156.8609161376953,0.011944146396684507,151.22189178466797,144.88847579956055,0.012364490842894225,0
2023-03-22,AAPL,155.43295288085938,-0.009103371904206181,151.71035919189453,145.4375762939453,0.01305401766018305,1
2023-03-23,AAPL,156.5162353515625,0.006969451783712,152.5316925048828,145.99693603515624,0.011394783447621393,1
2023-03-24,AAPL,157.8162078857422,0.008305672132093767,153.68884735107423,146.52801635742188,0.009148944488456306,0
2023-03-27,AAPL,155.8760986328125,-0.012293472761266133,154.4579864501953,147.02186737060546,0.010831142629730247,0
2023-03-28,AAPL,155.2556610107422,-0.003980325575968169,154.9563003540039,147.4767608642578,0.01067575580175961,1
2023-03-29,AAPL,158.3283233642578,0.01979098432554438,155.72248382568358,147.96990112304687,0.011865526030121592,1
2023-03-30,AAPL,159.8941650390625,0.009889839300592174,156.36359710693358,148.50871459960936,0.01103721502751503,1
2023-03-31,AAPL,162.39556884765625,0.015644121897647967,157.33855895996095,149.09637603759765,0.011012750908377297,1
2023-04-03,AAPL,163.64625549316406,0.007701482585901642,158.20223846435547,149.65791961669922,0.010554365882255222,0
2023-04-04,AAPL,163.114501953125,-0.0032494085393922623,158.82759704589844,150.1451092529297,0.010614942107837325,0
2023-04-05,AAPL,161.2728729248047,-0.011290406470722991,159.41158905029297,150.56753997802736,0.010931964636815797,1
2023-04-06,AAPL,162.15919494628906,0.0054957911111166435,159.97588500976562,151.02087371826173,0.010893590632234657,0
2023-04-10,AAPL,159.5691680908203,-0.01597212453062946,160.15118103027345,151.38110809326173,0.012338223115431575,0
2023-04-11,AAPL,158.35781860351562,-0.007591375588392069,160.39935302734375,151.67837280273437,0.011847817758168433,0
2023-04-12,AAPL,157.66847229003906,-0.004353093011482456,160.64063415527343,152.01947235107423,0.011868048400587155,1
2023-04-13,AAPL,163.04554748535156,0.034103680445517925,161.11235656738282,152.44274444580077,0.014804499216640519,0
2023-04-14,AAPL,162.70086669921875,-0.0021140153254647354,161.39302673339844,152.83670349121093,0.014673261763998793,1
2023-04-17,AAPL,162.72056579589844,0.00012107554851636948,161.42552642822267,153.12505493164062,0.013848253906817204,1
2023-04-18,AAPL,163.94175720214844,0.007504837512559703,161.4550765991211,153.3654586791992,0.013836687394237435,1
2023-04-19,AAPL,165.08412170410156,0.00696811185538615,161.65203857421875,153.6831854248047,0.013925260792057602,0
2023-04-20,AAPL,164.11898803710938,-0.0058463143337437184,161.93665008544923,153.92418395996094,0.013478140727046034,0
2023-04-21,AAPL,162.51373291015625,-0.009781044510158377,161.97210388183595,154.1867660522461,0.013876572164368921,1
2023-04-24,AAPL,162.8190460205078,0.0018786911412609353,162.29709167480468,154.47610412597658,0.012643560024754247,0
2023-04-25,AAPL,161.28274536132812,-0.009435632358306467,162.58958435058594,154.72742858886718,0.012812771607094306,0
2023-04-26,AAPL,161.2728729248047,-6.121198210828904e-05,162.9500244140625,154.92261810302733,0.012650724450222722,1
2023-04-27,AAPL,165.85231018066406,0.028395583043867356,163.23070068359374,155.2221987915039,0.011090539810268755,1
2023-04-28,AAPL,167.10296630859375,0.007540782076338459,163.67091064453126,155.50483978271484,0.011135680942755691,0
2023-05-01,AAPL,167.01434326171875,-0.0005303499323365823,164.10028839111328,155.81761596679686,0.011154518266054252,0
2023-05-02,AAPL,165.98028564453125,-0.006191430011295962,164.30414123535155,156.13255920410157,0.01133342021023429,0
2023-05-03,AAPL,164.90682983398438,-0.006467369340753093,164.28641204833986,156.50619689941405,0.011382258377497265,0
2023-05-04,AAPL,163.27206420898438,-0.009913268156605537,164.20171966552735,156.83866973876954,0.01168111688596446,1
2023-05-05,AAPL,170.9338836669922,0.0469267017301922,165.04373474121093,157.31472839355467,0.01845319330563715,0
2023-05-08,AAPL,170.86495971679688,-0.00040321993929293143,165.84832611083985,157.8423910522461,0.018513035619524734,0
2023-05-09,AAPL,169.16122436523438,-0.009971239008784383,166.63617401123048,158.31214630126954,0.01856011040666198,1
2023-05-10,AAPL,170.92405700683594,0.010421020823279559,167.6012924194336,158.82720336914062,0.018542738353727557,1
2023-05-11,AAPL,171.1111602783203,0.001094657327709525,168.1271774291992,159.3873648071289,0.016804139176522844,0
2023-05-12,AAPL,170.1841583251953,-0.005417542325218183,168.43529663085937,159.91716827392577,0.01693566845206944,0
2023-05-15,AAPL,169.6910858154297,-0.0028972879415922748,168.70297088623047,160.33626586914062,0.016990710934492857,0
2023-05-16,AAPL,169.6910858154297,0.0,169.0740509033203,160.70021301269531,0.01678198808217246,1
2023-05-17,AAPL,170.302490234375,0.003603043825238572,169.61361694335938,161.12031127929689,0.016494631451112653,1
2023-05-18,AAPL,172.6298828125,0.013666227516238694,170.54939880371094,161.561943359375,0.016068728233325308,1
2023-05-19,AAPL,172.7383575439453,0.00062836589863835,170.72984619140624,162.05065246582032,0.006958370298568868,0
2023-05-22,AAPL,171.79161071777344,-0.005480814103092424,170.8225112915039,162.56159149169923,0.007256868364345871,0
2023-05-23,AAPL,169.18812561035156,-0.015154902480651322,170.82520141601563,162.98165985107423,0.008214969479348298,1
2023-05-24,AAPL,169.46421813964844,0.0016318670610060426,170.67921752929686,163.36549377441406,0.007412642154614765,1
2023-05-25,AAPL,170.59835815429688,0.006692504335716665,170.62793731689453,163.76413116455078,0.00777678232545445,1
2023-05-26,AAPL,173.00462341308594,0.014104855901442725,170.90998382568358,164.15456298828124,0.008733354986343202,1
2023-05-30,AAPL,174.84872436523438,0.010659258208060907,171.42574768066407,164.5986184692383,0.0089923274083889,0
2023-05-31,AAPL,174.7994384765625,-0.00028187731337936395,171.93658294677735,164.99441802978515,0.009003333317935305,1
2023-06-01,AAPL,177.60015869140625,0.016022478328608925,172.66634979248047,165.40920288085937,0.00990604150236546,1
2023-06-02,AAPL,178.44830322265625,0.004775584309717473,173.2481918334961,165.8695098876953,0.009350294505630768,0
2023-06-05,AAPL,177.09722900390625,-0.00757123600701437,173.6840789794922,166.28112976074217,0.009956318038575563,0
2023-06-06,AAPL,176.7323760986328,-0.002060184156045697,174.17815551757812,166.659453125,0.00970574941549895,0
2023-06-07,AAPL,175.361572265625,-0.0077563820691393115,174.79550018310547,167.04916259765625,0.00836784919376527,1
2023-06-08,AAPL,178.0735626220703,0.015465134814926174,175.65643463134765,167.50552062988282,0.009112628893297435,1
2023-06-09,AAPL,178.45814514160156,0.002159683413238911,176.44241333007812,167.90811706542968,0.009132078264007314,1
2023-06-12,AAPL,181.2490234375,0.015638839536766147,177.26685333251953,168.33521423339843,0.00932130265608886,0
2023-06-13,AAPL,180.77566528320312,-0.002611645267485252,177.85954742431642,168.70281616210937,0.009324114590488942,1
2023-06-14,AAPL,181.40679931640625,0.0034912554862647216,178.5202835083008,169.0580270385742,0.009235476221193391,1
2023-06-15,AAPL,183.43833923339844,0.0111988080085621,179.1041015625,169.4645037841797,0.008629677905909725,0
2023-06-16,AAPL,182.3634185791016,-0.005859847285954567,179.49561309814453,169.88631469726562,0.009068147332271527,1
2023-06-20,AAPL,182.45216369628903,0.0004866388110011943,180.0311065673828,170.29217407226562,0.008438635407177118,0
2023-06-21,AAPL,181.41668701171875,-0.005675332446558157,180.4995376586914,170.7291244506836,0.00875185203141166,1
2023-06-22,AAPL,184.4146423339844,0.01652524567418645,181.40484466552735,171.25026092529296,0.008909693278859043,0
2023-06-23,AAPL,184.0990753173828,-0.0017111820005598632,182.00739593505858,171.77887298583985,0.00832182383602902,0
2023-06-26,AAPL,182.7085876464844,-0.0075529313143003485,182.43244018554688,172.1721337890625,0.009015881520073741,1
2023-06-27,AAPL,185.4600067138672,0.015059057173089085,182.8535385131836,172.62731658935547,0.008922619092878083,1
2023-06-28,AAPL,186.63352966308597,0.00632763348827714,183.43932495117187,173.1055758666992,0.008819163578973579,1
2023-06-29,AAPL,186.9688262939453,0.0017965508741362157,183.9955276489258,173.56611724853516,0.008829839085454318,1
2023-06-30,AAPL,191.2882843017578,0.023102557220002096,184.78052215576173,174.0902005004883,0.01066146364011076,0
2023-07-03,AAPL,189.79917907714844,-0.007784612790296741,185.52409820556642,174.60380432128906,0.01087940492391698,0
2023-07-05,AAPL,188.6847686767578,-0.005871523816958324,186.1473587036133,175.1272250366211,0.011289341855253373,1
2023-07-06,AAPL,189.1581573486328,0.0025088865158267026,186.9215057373047,175.6540072631836,0.010844480204794348,0
2023-07-07,AAPL,188.0437469482422,-0.0058914213164843465,187.28441619873047,176.18922729492186,0.010327369616977817,0
2023-07-10,AAPL,186.0023956298828,-0.010855725603687527,187.47474822998046,176.68381774902343,0.011070453891389862,0
2023-07-11,AAPL,185.47972106933597,-0.002810042089924969,187.75186157226562,177.07636596679689,0.0107564630526116,1
2023-07-12,AAPL,187.1463623046875,0.0089855711758835,187.92049713134764,177.47723388671875,0.010058256275615553,1
2023-07-13,AAPL,187.90573120117188,0.0040576203947158,188.04771728515624,177.8950616455078,0.009948441056284764,1
2023-07-14,AAPL,188.05368041992188,0.0007873587346391986,188.1562026977539,178.33652954101564,0.009941465828130597,1
2023-07-17,AAPL,191.3080291748047,0.017305424427833005,188.1581771850586,178.86455352783204,0.008557681789961144,0
2023-07-18,AAPL,191.05162048339844,-0.0013402923678229595,188.2834213256836,179.4201446533203,0.008134920122212872,1
2023-07-19,AAPL,192.40267944335935,0.007071695893196006,188.65521240234375,179.84952056884765,0.008003989162763661,0
2023-07-20,AAPL,190.45989990234372,-0.010097466140473133,188.78538665771484,180.2414193725586,0.008858869582508,0
2023-07-21,AAPL,189.286376953125,-0.006161522450764845,188.90964965820314,180.6439224243164,0.008881653898647144,1
2023-07-24,AAPL,190.0851593017578,0.004219967445573847,189.31792602539062,181.02714447021484,0.007932035685045977,1
2023-07-25,AAPL,190.943115234375,0.004513534542984532,189.86426544189453,181.42378356933594,0.007753969073634018,1
2023-07-26,AAPL,191.81097412109372,0.004545117458953474,190.33072662353516,181.8563198852539,0.007491628144983428,0
2023-07-27,AAPL,190.5486602783203,-0.006581030353229322,190.59501953125,182.27347137451173,0.007983535550005303,1
2023-07-28,AAPL,193.1226043701172,0.013508067115440836,191.10191192626954,182.74210174560548,0.008838120142255866,1
2023-07-31,AAPL,193.7339782714844,0.0031657293736342407,191.3445068359375,183.21073150634766,0.0072254951297750425,0
2023-08-01,AAPL,192.90562438964844,-0.004275728445916505,191.5299072265625,183.61624633789063,0.0074014581261061165,0
2023-08-02,AAPL,189.91749572753903,-0.015490106478563415,191.28138885498046,183.9598291015625,0.008671635606834587,0
2023-08-03,AAPL,188.5269775390625,-0.007321696103614439,191.08809661865234,184.29453643798828,0.00839760485099175,0
2023-08-04,AAPL,179.4739532470703,-0.04801978162576981,190.1068542480469,184.50025299072266,0.01714224538286383,0
2023-08-07,AAPL,176.37733459472656,-0.017253861055151698,188.73607177734374,184.63851531982422,0.017179737971323942,1
2023-08-08,AAPL,177.31419372558594,0.005311675295536444,187.37317962646483,184.77283203125,0.017242567178867112,0
2023-08-09,AAPL,175.7264404296875,-0.008954462485702974,185.7647262573242,184.82726837158202,0.016738346757106972,0
2023-08-10,AAPL,175.50950622558594,-0.0012344995071379428,184.26081085205078,184.84048400878908,0.016894348592650436,1
2023-08-11,AAPL,175.56875610351562,0.00033758785608761777,182.50542602539062,184.85587036132813,0.015480654659826811,1
2023-08-14,AAPL,177.2178955078125,0.009393125752537257,180.85381774902345,184.84822509765624,0.01615182177162148,0
2023-08-15,AAPL,175.2329864501953,-0.011200387251690813,179.08655395507813,184.78391876220704,0.01608695673132527,0
2023-08-16,AAPL,174.36398315429688,-0.004959130774989218,177.5312026977539,184.72925384521486,0.015991539777461185,0
2023-08-17,AAPL,171.82608032226562,-0.014555201057694478,175.86111297607422,184.6311279296875,0.016101063121988106,1
2023-08-18,AAPL,172.3100128173828,0.0028164088606896787,175.14471893310548,184.57009674072265,0.008840497659019456,1
2023-08-21,AAPL,173.64312744140625,0.007736721750675635,174.87129821777344,184.4814880371094,0.008195633190838873,1
2023-08-22,AAPL,175.0157470703125,0.007904831300446613,174.6414535522461,184.41264007568358,0.008472536931110695,1
2023-08-23,AAPL,178.85714721679688,0.021948882947893322,174.95452423095702,184.36480255126952,0.010701565662074348,0
2023-08-24,AAPL,174.17636108398438,-0.026170528858647235,174.8212097167969,184.23281646728515,0.013914870541610993,1
2023-08-25,AAPL,176.37850952148438,0.01264321073074992,174.90218505859374,184.1322506713867,0.014544237043839536,1
2023-08-28,AAPL,177.93878173828125,0.008846158304829155,174.97427368164062,184.0222595214844,0.01450829368337697,1
2023-08-29,AAPL,181.81964111328125,0.02181008174321497,175.63293914794923,184.01138397216798,0.01528468473821362,1
2023-08-30,AAPL,185.3055419921875,0.019172300954737764,176.7270950317383,184.06845153808592,0.015648370528245636,1
2023-08-31,AAPL,185.52279663085935,0.0011724130662049692,178.09676666259764,184.15057373046875,0.014036164128226428,1
2023-09-01,AAPL,187.0929412841797,0.008463351576380784,179.57505950927734,184.20413970947266,0.013927092593580588,1
2023-09-05,AAPL,187.32994079589844,0.0012667474790444277,180.94374084472656,184.26875701904297,0.014107999930054255,0
2023-09-06,AAPL,180.6248016357422,-0.03579320599616109,181.50464630126953,184.22708129882812,0.01969909249937912,0
2023-09-07,AAPL,175.3415985107422,-0.02924959959626361,181.15309143066406,184.02471313476562,0.020938363552086166,1
2023-09-08,AAPL,175.953857421875,0.0034918063730056126,181.33084106445312,183.8111196899414,0.019122052512063867,1
2023-09-11,AAPL,177.119140625,0.00662266357895791,181.4049041748047,183.6141259765625,0.018813401639994957,0
2023-09-12,AAPL,174.0973663330078,-0.017060687406958097,181.02076263427733,183.2703076171875,0.019325454789225104,0
2023-09-13,AAPL,172.0334930419922,-0.011854707135936282,180.04214782714843,182.91499389648436,0.017567081568221312,1
2023-09-14,AAPL,173.5443878173828,0.008782561748146511,178.86603240966798,182.61218627929688,0.016208549825705,0
2023-09-15,AAPL,172.82345581054688,-0.004154164913673597,177.59609832763672,182.28549224853515,0.016017871478508586,1
2023-09-18,AAPL,175.7465057373047,0.01691350235446132,176.46145477294922,182.0395474243164,0.01710711268194826,1
2023-09-19,AAPL,176.83274841308594,0.006180735549899952,175.41173553466797,181.85615447998046,0.017410236414763466,0
2023-09-20,AAPL,173.29750061035156,-0.01999204239293928,174.67900543212892,181.6125100708008,0.014903255411485194,0
2023-09-21,AAPL,171.75697326660156,-0.008889495453334728,174.32054290771484,181.30472229003905,0.012225553692558233,1
2023-09-22,AAPL,172.606201171875,0.004944357653271281,173.98577728271485,180.99873168945314,0.012306362278633527,1
2023-09-25,AAPL,173.88011169433594,0.007380444699043087,173.66187438964843,180.71526031494142,0.01236652171334867,0
2023-09-26,AAPL,169.81155395507812,-0.023398637714300174,173.23329315185546,180.28533081054687,0.013359519620530128,0
2023-09-27,AAPL,168.30067443847656,-0.008897389379059817,172.8600112915039,179.83031188964844,0.01315840504601757,1
2023-09-28,AAPL,168.55746459960938,0.001525782127668629,172.36131896972657,179.35340759277344,0.01268224397056696,1
2023-09-29,AAPL,169.0709686279297,0.003046462697692265,171.98607025146484,178.92562896728515,0.012803096258084415,1
2023-10-02,AAPL,171.5792236328125,0.014835515672727118,171.56934204101563,178.5714859008789,0.01247247041013161,0
2023-10-03,AAPL,170.24609375,-0.007769762880297515,170.91067657470703,178.17470458984374,0.01219225219851756,1
2023-10-04,AAPL,171.49034118652344,0.007308522675125717,170.7299606323242,177.78564910888673,0.011156744870292399,1
2023-10-05,AAPL,172.72471618652344,0.007197927250359948,170.8267349243164,177.40392395019532,0.011050700833410212,1
2023-10-06,AAPL,175.27247619628906,0.014750407851383152,171.0933624267578,177.09840026855468,0.011881203225539504,1
2023-10-09,AAPL,176.75376892089844,0.008451371012471176,171.38072814941407,176.77102355957032,0.011943777579010915,0
2023-10-10,AAPL,176.1612548828125,-0.003352200304996611,172.0156982421875,176.4195690917969,0.008426679125513342,1
2023-10-11,AAPL,177.5536346435547,0.0079040068241365,172.9409942626953,176.112529296875,0.0072226982197090206,1
2023-10-12,AAPL,178.45228576660156,0.005061293872417494,173.93047637939452,175.88322509765624,0.00709799346218575,0
2023-10-13,AAPL,176.6155242919922,-0.01029273156529742,174.68493194580077,175.64499603271486,0.008727498180190847,0
2023-10-16,AAPL,176.4871368408203,-0.0007269318576978989,175.17572326660155,175.58525970458984,0.008020689570147245,0
2023-10-17,AAPL,174.93675231933594,-0.008784688500458326,175.64478912353516,175.55644805908204,0.008174983737007901,0
2023-10-18,AAPL,173.64312744140625,-0.007394814758926449,175.86006774902344,175.48302673339845,0.00857672224826795,0
2023-10-19,AAPL,173.2678680419922,-0.0021610956042051876,175.9143829345703,175.43385528564454,0.008367444565010282,0
2023-10-20,AAPL,170.72010803222656,-0.014704168975797405,175.45914611816406,175.33806732177734,0.007904702236291356,1
2023-10-23,AAPL,170.83859252929688,0.0006940277770204339,174.8676284790039,175.24346405029297,0.0070321412861201965,1
2023-10-24,AAPL,171.27310180664062,0.002543390640901144,174.37881317138672,175.12456817626952,0.007277199854602404,0
2023-10-25,AAPL,168.9623260498047,-0.013491761008945224,173.51968231201172,174.9991549682617,0.006921549262464114,0
2023-10-26,AAPL,164.80491638183594,-0.02460554234287282,172.15494537353516,174.8079736328125,0.008371325268512485,1
2023-10-27,AAPL,166.11830139160156,0.007969331489618092,171.1052230834961,174.69381805419923,0.009679276689939217,1
2023-10-30,AAPL,168.1624298095703,0.012305257162183336,170.2727523803711,174.61086639404297,0.011230984392703616,1
2023-10-31,AAPL,168.636474609375,0.0028189697326657104,169.642724609375,174.51073333740234,0.011367903358258522,1
2023-11-01,AAPL,171.7965087890625,0.018738734825946235,169.45806274414062,174.44634857177735,0.013247738884477922,1
2023-11-02,AAPL,175.35150146484375,0.020693043769278052,169.6664260864258,174.3762356567383,0.014892363333417261,0
2023-11-03,AAPL,174.44296264648438,-0.0051812434496977255,170.03871154785156,174.38156768798828,0.014035354532076053,1
2023-11-06,AAPL,176.99075317382812,0.014605292691038274,170.6539276123047,174.39381256103516,0.014544355170848023,1
2023-11-07,AAPL,179.54840087890625,0.014450741969362468,171.48145751953126,174.42600494384766,0.014927030939424261,1
2023-11-08,AAPL,180.6050262451172,0.005884905468601653,172.6457275390625,174.40171264648438,0.013471021183382843,0
2023-11-09,AAPL,180.13104248046875,-0.002624421781070141,174.17834014892577,174.29822265625,0.00874845639371696,1
2023-11-10,AAPL,184.31370544433597,0.02322011190448059,175.9978805541992,174.27404083251952,0.009819172090418934,0
2023-11-13,AAPL,182.7315826416016,-0.008583858693092083,177.45479583740234,174.18681365966796,0.01147303248982789,1
2023-11-14,AAPL,185.34207153320312,0.01428592065949319,179.12535552978517,174.14705627441407,0.011425946344758882,1
2023-11-15,AAPL,185.90565490722656,0.003040774117615719,180.53627014160156,174.25267333984374,0.011096701231666574,1
2023-11-16,AAPL,187.586669921875,0.00904230167440212,181.7597869873047,174.4975747680664,0.010187921377067989,0
2023-11-17,AAPL,187.5668487548828,-0.00010566404851919398,183.07217559814453,174.72983459472655,0.009635368181160136,1
2023-11-20,AAPL,189.30715942382807,0.009278348921986312,184.30381622314454,174.97359497070312,0.009330368843329967,0
2023-11-21,AAPL,188.5062255859375,-0.004230869240911317,185.19959869384766,175.26177215576172,0.009494641034260412,1
2023-11-22,AAPL,189.1687469482422,0.003514586111123652,186.05597076416015,175.6044772338867,0.00949748363325384,0
2023-11-24,AAPL,187.84371948242188,-0.007004473451329929,186.82723846435547,175.8904638671875,0.009961627649400177,0
2023-11-27,AAPL,187.66574096679688,-0.0009474818541466146,187.16244201660157,176.1873095703125,0.007465778673527035,1
2023-11-28,AAPL,188.26889038085935,0.0032139558928296896,187.71617279052734,176.43775726318358,0.0065082279180148665,0
2023-11-29,AAPL,187.25042724609372,-0.005409619893681383,187.9070083618164,176.64611083984374,0.005638319477806235,1
2023-11-30,AAPL,187.82394409179688,0.003062833309049884,188.09883728027344,176.93663970947264,0.005639193831175852,1
2023-12-01,AAPL,189.09950256347656,0.006791245268794155,188.2501205444336,177.28349029541016,0.005320234893828165,0
2023-12-04,AAPL,187.3097686767578,-0.009464508697572982,188.2244125366211,177.5775616455078,0.0062434859051916395,1
2023-12-05,AAPL,191.25511169433597,0.02106319945537205,188.41920776367186,177.9250616455078,0.008802343666933611,0
2023-12-06,AAPL,190.1674346923828,-0.005687048007853912,188.5853286743164,178.3321792602539,0.008910950552588446,1
2023-12-07,AAPL,192.09559631347656,0.010139283964222257,188.87801361083984,178.8080776977539,0.009360728838392653,1
2023-12-08,AAPL,193.51950073242188,0.0074124781945634766,189.44559173583986,179.30731842041016,0.008995504063990821,0
2023-12-11,AAPL,191.01780700683597,-0.01292734693980524,189.78079833984376,179.74625518798828,0.01028718512062273,1
2023-12-12,AAPL,192.5306701660156,0.00792001113867613,190.20697631835938,180.16528411865235,0.010464188290002521,1
2023-12-13,AAPL,195.74432373046875,0.016691644825637786,191.05636596679688,180.6752487182617,0.010978602588175457,1
2023-12-14,AAPL,195.89260864257807,0.0007575438678544266,191.863232421875,181.16329406738282,0.011036189728021065,0
2023-12-15,AAPL,195.35867309570312,-0.002725654380605791,192.48914947509766,181.6159732055664,0.011203650506484756,0
2023-12-18,AAPL,193.69747924804688,-0.008503302266198665,193.12792053222657,181.98447326660155,0.011085297596200685,1
2023-12-19,AAPL,194.7357177734375,0.005360103442859199,193.47598114013672,182.34411224365235,0.009271169789312148,0
2023-12-20,AAPL,192.64935302734372,-0.010713826769679358,193.72417297363282,182.67387420654296,0.009843466437547795,0
2023-12-21,AAPL,192.50099182128903,-0.0007701100664149196,193.76471252441405,182.97282135009766,0.009352314157919886,0
2023-12-22,AAPL,191.43310546875,-0.005547432989490342,193.55607299804686,183.2324377441406,0.009145182222424813,0
2023-12-26,AAPL,190.8892364501953,-0.00284103952251602,193.5432159423828,183.5179119873047,0.008196126016630903,1
2023-12-27,AAPL,190.98809814453125,0.0005179008317828249,193.38895874023436,183.8079312133789,0.007717944792646032,1
2023-12-28,AAPL,191.41331481933597,0.0022264040478738867,192.9558578491211,184.1374624633789,0.004933226782500484,0
2023-12-29,AAPL,190.3750762939453,-0.005424066378927672,192.40410461425782,184.4721014404297,0.004905335571077346,0
2020-03-13,MSFT,150.54759216308594,0.14216878878989192,151.53809967041016,159.68542236328125,0.07455538740175657,0
2020-03-16,MSFT,128.3583526611328,-0.1473901985620325,147.9959732055664,159.21599884033202,0.08362864640023565,1
2020-03-17,MSFT,138.92691040039062,0.08233634601994999,146.29552764892577,158.99575714111327,0.088933828799984,0
2020-03-18,MSFT,133.07864379882812,-0.04209599554692223,143.437744140625,158.6507989501953,0.08802762258682927,1
2020-03-19,MSFT,135.2681884765625,0.016453013159979823,141.20460357666016,158.37704376220702,0.08851862233512915,0
2020-03-20,MSFT,130.18771362304688,-0.03755853398151998,138.90890197753907,157.9542269897461,0.08876106553702749,0
2020-03-23,MSFT,128.88914489746094,-0.009974587381923694,137.52124786376953,157.46762786865236,0.08662248144746428,1
2020-03-24,MSFT,140.60459899902344,0.09089558403760734,136.32884674072267,157.2295166015625,0.08905138667592198,0
2020-03-25,MSFT,139.25868225097656,-0.009572352239034632,135.69283599853514,156.9278109741211,0.0879436770886476,1
2020-03-26,MSFT,147.96942138671875,0.06255077956319743,137.30892486572264,156.82206115722656,0.08323286799588392,0
2020-03-27,MSFT,141.89369201660156,-0.041060709119340566,136.44353485107422,156.57494567871095,0.07140093362550548,1
2020-03-30,MSFT,151.87460327148438,0.07034076788780053,138.79515991210937,156.47092163085938,0.053653596737739416,0
2020-03-31,MSFT,149.4860076904297,-0.015727419394702458,139.85106964111327,156.30154388427735,0.049430635141934,0
2020-04-01,MSFT,144.1780548095703,-0.03550802488385141,140.9610107421875,156.03734985351562,0.048721302713332706,1
2020-04-02,MSFT,147.16372680664062,0.020708227760554587,142.15056457519532,155.84799377441405,0.04881131350556891,0
2020-04-03,MSFT,145.80831909179688,-0.009210202434086434,143.7126251220703,155.61224517822265,0.04654456737503152,1
2020-04-06,MSFT,156.65176391601562,0.07436780625248152,146.48888702392577,155.625126953125,0.049592792060248816,0
2020-04-07,MSFT,154.96461486816406,-0.010770060966284967,147.92488861083984,155.6564456176758,0.04369122728439173,1
2020-04-08,MSFT,156.51904296875,0.010030858347296778,149.6509246826172,155.65873321533203,0.043121038683608094,1
2020-04-09,MSFT,156.52853393554688,6.063777682796534e-05,150.5068359375,155.61243438720703,0.03944475049435654,1
2020-04-13,MSFT,156.87925720214844,0.0022406347123009596,152.0053924560547,155.48353820800781,0.0358808645393225,1
2020-04-14,MSFT,164.64218139648438,0.04948343288197066,153.2821502685547,155.55810943603515,0.03246983464018062,0
2020-04-15,MSFT,162.9171142578125,-0.010477674214712018,154.62526092529296,155.51972229003906,0.03207340554548174,1
2020-04-16,MSFT,167.80801391601562,0.030020784989251537,156.9882568359375,155.47063598632812,0.028436489790987236,1
2020-04-17,MSFT,169.2866668701172,0.008811575321078458,159.20055084228517,155.45528198242187,0.028450000048100454,0
2020-04-20,MSFT,165.93128967285156,-0.01982068203776488,161.2128479003906,155.30230285644532,0.02960510730447047,0
2020-04-21,MSFT,159.06883239746094,-0.04135722255230212,161.45455474853514,155.00715911865234,0.025449282374351068,1
2020-04-22,MSFT,164.47157287597656,0.03396479622743409,162.4052505493164,154.72913482666016,0.026881327530591668,0
2020-04-23,MSFT,162.4810791015625,-0.012102357505360706,163.00145416259767,154.49183837890624,0.027444897809794255,1
2020-04-24,MSFT,165.44786071777344,0.018259243676960635,163.8933868408203,154.30877227783202,0.027750258081884485,0
2020-04-27,MSFT,164.97393798828125,-0.0028644838768910885,164.7028549194336,154.1351333618164,0.02787179661201541,0
2020-04-28,MSFT,160.95504760742188,-0.02436075921970693,164.33414154052736,153.85011138916016,0.024466237430386544,1
2020-04-29,MSFT,168.1776580810547,0.044873463622272736,164.86019592285157,153.6739993286133,0.02829494690039624,1
2020-04-30,MSFT,169.8648681640625,0.010032308109526822,165.06588134765624,153.52101531982422,0.026887621541547668,0
2020-05-01,MSFT,165.4668426513672,-0.02589131914226972,164.68389892578125,153.33428802490235,0.028059300584253693,1
2020-05-04,MSFT,169.51412963867188,0.024459806704792086,165.04218292236328,153.3390267944336,0.02841340886611917,1
2020-05-05,MSFT,171.3340301513672,0.010735981222182112,166.2687026977539,153.52613372802733,0.023895050759552557,1
2020-05-06,MSFT,173.02117919921875,0.009847133382440365,167.12366333007813,153.80044158935547,0.022100477937462313,1
2020-05-07,MSFT,174.0259552001953,0.005807242822103653,168.2781509399414,154.05503540039064,0.021242670202649947,1
2020-05-08,MSFT,175.04959106445312,0.005882087318987761,169.2383239746094,154.55739776611327,0.02087700372831923,1
2020-05-11,MSFT,177.002197265625,0.011154588761380868,170.44114990234374,155.0262063598633,0.02069655468501505,0
2020-05-12,MSFT,172.99281311035156,-0.02265160668743904,171.64492645263672,155.21047027587892,0.020411560968833755,0
2020-05-13,MSFT,170.376708984375,-0.015122617402075322,171.86483154296874,155.49937713623046,0.016652451515508274,1
2020-05-14,MSFT,171.11598205566406,0.0043390500714324265,171.9899429321289,155.68856719970702,0.016421212549781603,1
2020-05-15,MSFT,173.60890197753906,0.014568597812588013,172.80414886474608,156.0087533569336,0.013887720217606517,1
2020-05-18,MSFT,175.2676544189453,0.009554535640233786,173.37950134277344,156.45121185302733,0.01225987727340631,0
2020-05-19,MSFT,174.0543670654297,-0.006922482973472532,173.6515350341797,157.07698547363282,0.012358992834956653,1
2020-05-20,MSFT,176.46861267089844,0.013870640801337597,173.99627838134765,157.55578552246095,0.012715998327320881,0
2020-05-21,MSFT,174.34906005859375,-0.012010932597161128,174.0285888671875,158.1303909301758,0.013362645245741319,1
2020-05-22,MSFT,174.425048828125,0.000435842725539759,173.96613464355468,158.9827212524414,0.013218534421397015,0
2020-05-26,MSFT,172.58116149902344,-0.010571230115684171,173.52403106689454,159.42339263916017,0.012912496968056644,1
2020-05-27,MSFT,172.80917358398438,0.0013211875675216422,173.50566711425782,160.31240905761717,0.01079757985018992,0
2020-05-28,MSFT,172.41949462890625,-0.0022549668342042306,173.70994567871094,160.9822607421875,0.009489797373386137,1
2020-05-29,MSFT,174.17796325683594,0.01019878078006431,174.01614379882812,161.80424713134767,0.00987595304834213,0
2020-06-01,MSFT,173.7787322998047,-0.002292086493413392,174.0331268310547,162.5744580078125,0.008842639538465627,1
2020-06-02,MSFT,175.75576782226562,0.011376740388749917,174.08193817138672,163.48581909179688,0.009074108749987746,1
2020-06-03,MSFT,176.1834716796875,0.0024335124970373823,174.2948486328125,164.4317056274414,0.00872038303552927,0
2020-06-04,MSFT,173.86428833007812,-0.013163455842360672,174.03441619873047,165.0968994140625,0.008562379664563845,1
2020-06-05,MSFT,177.93240356445312,0.023398222104425326,174.39275054931642,165.87037384033204,0.010752454827004845,1
2020-06-08,MSFT,179.03497314453125,0.006196564301896412,174.85374298095704,166.4916848754883,0.01080826183302401,1
2020-06-09,MSFT,180.40365600585935,0.007644779326010154,175.63599243164063,167.26188415527344,0.009819534690653659,1
2020-06-10,MSFT,187.0951385498047,0.03709172359416035,177.06458892822266,167.96629486083984,0.014114525887255534,0
2020-06-11,MSFT,177.0484161376953,-0.05369846854377214,177.52748107910156,168.51754302978514,0.0241208803597159,1
2020-06-12,MSFT,178.44566345214844,0.007891893895093816,177.95425109863282,169.2028952026367,0.02405445769549192,1
2020-06-15,MSFT,179.5862579345703,0.006391830769973961,178.53500366210938,169.85134582519532,0.024011408104527877,1
2020-06-16,MSFT,183.98699951171875,0.02450489045075921,179.35812683105468,170.61491943359374,0.024831382238340294,1
2020-06-17,MSFT,184.62388610839844,0.0034615847770218533,180.2021682739258,171.1743618774414,0.02482230429110085,1
2020-06-18,MSFT,186.6009063720703,0.010708366643908063,181.475830078125,171.80708770751954,0.024019316169622152,0
2020-06-19,MSFT,185.48880004882807,-0.0059598120119780384,182.2314697265625,172.38648284912108,0.023632136265118807,1
2020-06-22,MSFT,190.64048767089844,0.027773577815556783,183.39202117919922,173.06872192382812,0.024769680194470792,1
2020-06-23,MSFT,191.9141387939453,0.006680905712146412,184.5430694580078,173.76941955566406,0.024766956105494602,0
2020-06-24,MSFT,188.04562377929688,-0.020157530023371506,184.63811798095702,174.2374884033203,0.0234896763423975,1
2020-06-25,MSFT,190.421875,0.012636567514551889,185.9754638671875,174.78758361816406,0.013748596028168749,0
2020-06-26,MSFT,186.61038208007807,-0.0200160455300733,186.79193572998045,175.16363098144532,0.016242431773715156,1
2020-06-29,MSFT,188.61595153808597,0.010747362690395557,187.69490509033204,175.5502166748047,0.016353764278443327,1
2020-06-30,MSFT,193.4349670410156,0.0255493528709132,188.6397018432617,176.10029022216796,0.016494636046768617,1
2020-07-01,MSFT,194.56602478027344,0.005847224814415242,189.6339157104492,176.81023406982422,0.01648487359683742,1
2020-07-02,MSFT,196.04876708984372,0.0076207668386336636,190.57870178222655,177.44177795410155,0.016402716212029614,1
2020-07-06,MSFT,200.2689666748047,0.021526274546919133,192.05671844482418,178.1975357055664,0.016649733528572398,0
2020-07-07,MSFT,197.94027709960935,-0.011627810408472605,192.78669738769528,178.84738403320313,0.01605481723234271,1
2020-07-08,MSFT,202.29351806640625,0.02199269916453761,193.8246353149414,179.59377563476562,0.01705081443387452,1
2020-07-09,MSFT,203.7097930908203,0.007001089495853874,195.39105224609372,180.4488705444336,0.014497294432715309,0
2020-07-10,MSFT,203.09194946289065,-0.00303295987176333,196.65805969238278,181.1471563720703,0.014799483688490453,0
2020-07-13,MSFT,196.81871032714844,-0.030888664727148463,197.67889251708985,181.68623321533204,0.017177293356555438,1
2020-07-14,MSFT,198.03533935546875,0.006181470381032561,198.62083129882814,182.33760314941406,0.01708195222688026,0
2020-07-15,MSFT,197.74066162109372,-0.0014880058040857014,199.05140075683593,182.9021337890625,0.015541237349644308,0
2020-07-16,MSFT,193.8246154785156,-0.01980394983244249,198.97725982666014,183.35194549560546,0.016946489861432126,0
2020-07-17,MSFT,192.83612060546875,-0.005099944971418857,198.65599517822267,183.74824432373046,0.016766350043681093,1
2020-07-20,MSFT,201.1244201660156,0.042981053209964815,198.74154052734374,184.29021362304687,0.020905468307431483,0
2020-07-21,MSFT,198.4154815673828,-0.01346896909085793,198.7890609741211,184.75753143310547,0.021033053788321397,1
2020-07-22,MSFT,201.2669677734375,0.0143712888910148,198.68640594482423,185.24282684326172,0.020290166297907117,0
2020-07-23,MSFT,192.5129547119141,-0.04349453444033424,197.56672210693358,185.63322967529297,0.024175741431480578,0
2020-07-24,MSFT,191.33436584472656,-0.0061221275677328935,196.39096374511718,186.0523828125,0.02416223225296411,1
2020-07-27,MSFT,193.75808715820312,0.0126674646385454,196.08490142822265,186.50522491455078,0.023012176370446946,0
2020-07-28,MSFT,192.01870727539065,-0.008977069852017405,195.48323822021484,186.8734210205078,0.022961783943325282,1
2020-07-29,MSFT,193.95773315429688,0.010098109222896223,195.10494537353514,187.24722259521485,0.023327178473739874,0
2020-07-30,MSFT,193.80563354492188,-0.0007841894566482654,195.1030471801758,187.64224792480468,0.022444376345965678,1
2020-07-31,MSFT,194.86070251464844,0.005443954081355562,195.30550537109374,188.0100897216797,0.022414483788978957,1
2020-08-03,MSFT,205.81983947753903,0.056240877824335955,195.7750473022461,188.63950531005858,0.02535535266802882,0
2020-08-04,MSFT,202.73074340820312,-0.015008738113766795,196.20657348632812,189.20561920166017,0.02546818543160168,0
2020-08-05,MSFT,202.3980712890625,-0.0016409554542538007,196.31968383789064,189.80195739746094,0.025136135491564692,1
2020-08-06,MSFT,205.63926696777344,0.01601396524219778,197.63231506347657,190.45855926513673,0.019990910824930645,0
2020-08-07,MSFT,201.9608917236328,-0.017887513889636053,198.6949676513672,191.04938720703126,0.021148197957186844,0
2020-08-10,MSFT,197.94027709960935,-0.019907887065211405,199.11318664550782,191.52463348388673,0.022412509556526267,0
2020-08-11,MSFT,193.3113555908203,-0.023385445229318513,199.2424514770508,191.91528594970703,0.023651160897524347,1
2020-08-12,MSFT,198.83370971679688,0.028567148107251805,199.73004913330078,192.37684478759766,0.025122984408192994,0
2020-08-13,MSFT,198.3679656982422,-0.002342379565406949,200.1862823486328,192.82053466796876,0.025152259173370252,1
2020-08-14,MSFT,198.55810546875,0.0009585205445774569,200.55602264404297,193.3144110107422,0.025136081181874204,1
2020-08-17,MSFT,199.86978149414065,0.0066060059461894305,199.9610168457031,193.75315856933594,0.016783398332183373,1
2020-08-18,MSFT,201.01988220214844,0.005754250089283763,199.78993072509766,194.1928567504883,0.01638518015101682,0
2020-08-19,MSFT,199.80029296875,-0.006067007999596807,199.5301528930664,194.58078948974608,0.01647217717312514,1
2020-08-20,MSFT,204.4499053955078,0.023271299344316043,199.41121673583984,194.92788482666015,0.0174445188276257,0
2020-08-21,MSFT,202.9635772705078,-0.007269889032840093,199.51148529052733,195.44618804931642,0.016565792997143596,1
2020-08-24,MSFT,203.60198974609372,0.0031454534068200424,200.0776565551758,195.9493145751953,0.014913597561213621,1
2020-08-25,MSFT,206.25070190429688,0.013009264602503512,201.37159118652343,196.48260345458985,0.011920204949772169,1
2020-08-26,MSFT,210.70974731445312,0.021619540534825843,202.55919494628907,197.01705841064452,0.01062761200283187,1
2020-08-27,MSFT,215.8833923339844,0.02455342045382647,204.31073760986328,197.64224853515626,0.01167087649717004,1
2020-08-28,MSFT,218.1034240722656,0.010283476252062274,206.26526947021483,198.27229888916017,0.01136472282675686,0
2020-08-31,MSFT,214.8829803466797,-0.014765672475269609,207.76658935546874,198.8601824951172,0.013730673428892164,1
2020-09-01,MSFT,216.5408477783203,0.007715210525123473,209.31868591308594,199.3781896972656,0.01371929530146457,1
2020-09-02,MSFT,220.714111328125,0.019272407920361445,211.41006774902343,199.95418914794922,0.01325719832836959,0
2020-09-03,MSFT,207.04151916503903,-0.06194706845345099,211.66922912597656,200.33410705566405,0.025538726935850842,0
2020-09-04,MSFT,204.13548278808597,-0.01403600779530878,211.7864196777344,200.60837921142578,0.025885971082868872,0
2020-09-08,MSFT,193.09266662597656,-0.054095525242777165,210.73548736572266,200.73802490234374,0.031128492340793484,1
2020-09-09,MSFT,201.31521606445312,0.04258343717632607,210.24193878173827,200.9920101928711,0.03425998117276628,0
2020-09-10,MSFT,195.6747283935547,-0.0280181884964551,208.73843688964843,201.03680541992188,0.034072041768766756,0
2020-09-11,MSFT,194.39796447753903,-0.006524930053551592,206.58989410400392,201.0334442138672,0.032258958256011654,1
2020-09-14,MSFT,195.71286010742188,0.006763937232659556,204.35083770751953,201.02672607421874,0.032032039134606255,1
2020-09-15,MSFT,198.9237060546875,0.016405901714906523,202.75491027832032,200.9998208618164,0.033050276025207194,0
2020-09-16,MSFT,195.3698272705078,-0.017865536766154322,200.63780822753907,200.94841186523436,0.03275727082832298,0
2020-09-17,MSFT,193.33090209960935,-0.010436233677349693,197.8994873046875,200.76915954589845,0.03114034159144431,0
2020-09-18,MSFT,190.9298095703125,-0.012419600297834066,196.28831634521484,200.51355987548828,0.02594584486044474,1
2020-09-21,MSFT,192.9783172607422,0.010729113987175909,195.17259979248047,200.3112872314453,0.026457558149676156,1
2020-09-22,MSFT,197.6279296875,0.024093962952716153,195.62612609863282,200.32747161865234,0.02152453360022639,0
2020-09-23,MSFT,191.12033081054688,-0.03292853842694854,194.60663757324218,200.1891714477539,0.01901097157938895,1
2020-09-24,MSFT,193.5976104736328,0.012961884549800295,194.39892578125,200.1063104248047,0.017886211757336037,1
2020-09-25,MSFT,198.00906372070312,0.022786713308484474,194.7600357055664,200.18999938964845,0.01921816959870975,1
2020-09-28,MSFT,199.55258178710935,0.007795188954498489,195.14400787353514,200.32432861328124,0.019249260476696933,0
2020-09-29,MSFT,197.4754943847656,-0.010408722271304294,194.99918670654296,200.25135009765626,0.018901416855250118,1
2020-09-30,MSFT,200.4005889892578,0.014812443506498463,195.50226287841795,200.29105224609376,0.01839691147352281,1
2020-10-01,MSFT,202.43002319335935,0.010126887422523101,196.41217498779295,200.31431335449219,0.01790837077694127,0
2020-10-02,MSFT,196.4560394287109,-0.029511352468413965,196.96479797363278,200.3931750488281,0.020375335400475193,1
2020-10-05,MSFT,200.4481964111328,0.02032086666325461,197.71178588867184,200.57545166015626,0.020993607173486663,0
2020-10-06,MSFT,196.1892242431641,-0.02124724614250595,197.56791534423826,200.62407440185547,0.021068947187166353,1
2020-10-07,MSFT,199.92417907714844,0.019037512627885667,198.44830017089842,200.7821838378906,0.018433651553514688,1
2020-10-08,MSFT,200.6387634277344,0.003574276777748908,199.15241546630858,200.91580444335938,0.018201891365576657,1
2020-10-09,MSFT,205.6219024658203,0.02483637235872771,199.9136993408203,201.15212982177735,0.018450190217051368,1
2020-10-12,MSFT,210.9479522705078,0.025902152158001845,201.05323638916016,201.47387481689452,0.01971633291016205,1
2020-10-13,MSFT,212.33901977539065,0.006594363632878464,202.53958892822266,201.60425842285156,0.018884136167715452,0
2020-10-14,MSFT,210.43345642089844,-0.00897415536959667,203.54287567138672,201.75831268310546,0.019345418309487775,0
2020-10-15,MSFT,209.2900848388672,-0.005433411594705451,204.2288818359375,201.89615295410155,0.01951813588196834,0
2020-10-16,MSFT,209.2900848388672,0.0,205.5122863769531,201.96916931152344,0.015858543827236952,0
2020-10-19,MSFT,204.1068878173828,-0.024765611927936915,205.87815551757814,202.01208923339843,0.017773806060646415,1
2020-10-20,MSFT,204.51661682128903,0.002007423699845079,206.7108947753906,202.14361602783202,0.01581445872189771,1
2020-10-21,MSFT,204.65951538085935,0.0006987136878719991,207.1844284057617,202.3705792236328,0.014952543121937095,1
2020-10-22,MSFT,204.74530029296875,0.00041915916760459915,207.59508209228517,202.48881103515626,0.014959329932602223,1
2020-10-23,MSFT,206.02203369140625,0.006235715284358845,207.63509521484374,202.64189239501954,0.012826436657189223,0
2020-10-26,MSFT,200.162353515625,-0.028442007249371515,206.55653533935546,202.67397735595702,0.01225892216951337,1
2020-10-27,MSFT,203.1827087402344,0.015089526934312536,205.64090423583986,202.7402359008789,0.01340519663663453,0
2020-10-28,MSFT,193.1116943359375,-0.049566296594522385,203.90872802734376,202.58207214355468,0.0196592491096671,1
2020-10-29,MSFT,195.055419921875,0.0100652919680575,202.48526153564453,202.4871746826172,0.020509526694762577,0
2020-10-30,MSFT,192.91165161132807,-0.010990560074698563,200.84741821289063,202.2564096069336,0.020397277650727685,0
2020-11-02,MSFT,192.7782287597656,-0.0006916267133064702,199.7145523071289,202.05270263671875,0.019593631899411667,1
2020-11-03,MSFT,196.68467712402344,0.020263949873333242,198.93135833740234,201.91435638427734,0.021160553089104223,1
2020-11-04,MSFT,206.17446899414065,0.04824876044682047,199.08285369873047,201.91283172607422,0.026837715686415017,1
2020-11-05,MSFT,212.74874877929688,0.031886973286411324,199.8831985473633,201.9536117553711,0.028544381185040928,1
2020-11-06,MSFT,213.1584625244141,0.0019258103630130918,200.59684143066406,201.89911315917968,0.028542933571477327,0
2020-11-09,MSFT,208.08009338378903,-0.023824384359327988,201.38861541748048,201.69864654541016,0.027995858725030638,0
2020-11-10,MSFT,201.0484771728516,-0.0337928347521842,201.1751922607422,201.4219564819336,0.03008104145481908,1
2020-11-11,MSFT,206.326904296875,0.026254499403570497,202.49671325683593,201.2176776123047,0.025602972550471843,0
2020-11-12,MSFT,205.2693023681641,-0.005125855652780897,203.51810150146486,200.90878143310547,0.025846095183795034,1
2020-11-13,MSFT,206.28880310058597,0.004966649765259845,204.85581665039064,200.89372711181642,0.025205303645809876,1
2020-11-16,MSFT,206.97482299804688,0.003325531425602435,206.27547607421874,200.95051391601564,0.025100692534232364,0
2020-11-17,MSFT,204.3355712890625,-0.012751559202972662,207.04056549072266,201.17537200927734,0.025392162173077912,0
2020-11-18,MSFT,201.64166259765625,-0.013183748059192868,206.58728485107423,201.1819009399414,0.02048433634343898,1
2020-11-19,MSFT,202.9217529296875,0.00634834247813898,205.60458526611328,201.32684143066408,0.017097722627560104,0
2020-11-20,MSFT,200.98252868652344,-0.00955651237566435,204.38699188232422,201.45853271484376,0.016997099904723128,0
2020-11-23,MSFT,200.71502685546875,-0.0013309705714366071,203.65048522949218,201.55857604980469,0.015781991717671855,1
2020-11-24,MSFT,204.2973480224609,0.017847797562121404,203.97537231445312,201.66604888916015,0.012959135302561485,1
2020-11-25,MSFT,204.30691528320312,4.683007799566319e-05,203.77337341308595,201.84479064941405,0.009669535131274666,1
2020-11-27,MSFT,205.6060943603516,0.0063589579204774704,203.8070526123047,202.0902944946289,0.009798489046090821,0
2020-11-30,MSFT,204.49801635742188,-0.005389324700597942,203.6279739379883,202.3616586303711,0.009786817572509697,1
2020-12-01,MSFT,206.5423126220703,0.009996655718534697,203.58472290039063,202.63293853759765,0.010314570887705826,0
2020-12-02,MSFT,205.7398681640625,-0.0038851335003502463,203.72515258789062,202.7951773071289,0.009457538168800492,0
2020-12-03,MSFT,204.66038513183597,-0.005246834470437833,204.02702484130862,203.0659783935547,0.008438738279880259,1
2020-12-04,MSFT,204.7750244140625,0.0005601439778033512,204.21235198974608,203.28952667236328,0.008267453212668072,0
2020-12-07,MSFT,204.7080993652344,-0.00032682232132352773,204.58490905761718,203.4235073852539,0.007439111515134937,1
2020-12-08,MSFT,206.3512420654297,0.00802675959227006,205.14853057861328,203.5594805908203,0.007579905904539567,0
2020-12-09,MSFT,202.3295135498047,-0.019489722840387858,204.95174713134764,203.6565609741211,0.008485277000347295,0
2020-12-10,MSFT,201.1067047119141,-0.006043650362405506,204.63172607421876,203.67068328857422,0.008624423289172288,1
2020-12-11,MSFT,203.72422790527344,0.013015593871467113,204.44353942871095,203.6965673828125,0.00951325784409677,1
2020-12-14,MSFT,204.6221923828125,0.004407745150255771,204.45595703125,203.85989044189452,0.009501532286066244,0
2020-12-15,MSFT,204.55528259277344,-0.0003269918539132721,204.25725402832032,203.94203216552734,0.008845106765066493,1
2020-12-16,MSFT,209.47503662109372,0.024050975198301128,204.63077087402343,204.20774841308594,0.011744723220094186,1
2020-12-17,MSFT,209.6087646484375,0.0006383960089033636,205.1256088256836,204.4014401245117,0.011493652002127187,0
2020-12-18,MSFT,208.81593322753903,-0.003782434490409936,205.52969970703126,204.5649835205078,0.011653959769456565,1
2020-12-21,MSFT,212.63702392578125,0.01829884644903279,206.32259216308594,204.70528594970702,0.01268090006519415,1
2020-12-22,MSFT,213.92665100097656,0.0060649225209503665,207.08013305664062,204.7648599243164,0.012624661359226153,0
2020-12-23,MSFT,211.13723754882807,-0.013039111485626753,207.96090545654297,204.74082427978516,0.0114160063688898,1
2020-12-24,MSFT,212.78990173339844,0.007827440596252844,209.1292251586914,204.78795318603517,0.010844092838196007,1
2020-12-28,MSFT,214.9010467529297,0.0099212650710101,210.24690704345704,204.9001724243164,0.010655144735258073,0
2020-12-29,MSFT,214.1272735595703,-0.00360060225415737,211.19741516113282,204.99691619873047,0.011032777827859164,0
2020-12-30,MSFT,211.7677154541016,-0.011019418807535986,211.9186584472656,205.15013275146484,0.012036382742102444,1
2020-12-31,MSFT,212.47463989257807,0.003338206850655112,212.21861877441407,205.30929321289062,0.009661750347989806,0
2021-01-04,MSFT,207.9561004638672,-0.02126625290903117,212.05335235595703,205.37522491455078,0.01205625283508929,1
2021-01-05,MSFT,208.1566925048828,0.0009645883942244193,211.9874282836914,205.44345275878905,0.01201591190301855,0
2021-01-06,MSFT,202.75933837890625,-0.025929284622208115,210.9996597290039,205.37819885253907,0.01255699436557825,1
2021-01-07,MSFT,208.529296875,0.028457177569356285,210.45992431640624,205.54553771972655,0.016163416431930644,1
2021-01-08,MSFT,209.7998046875,0.006092706547903282,210.32618103027343,205.67787963867187,0.01589885003389191,0
2021-01-11,MSFT,207.7650909423828,-0.009698358624060321,209.82369995117188,205.97094757080077,0.015842132115514516,0
2021-01-12,MSFT,205.31951904296875,-0.011770850860081561,208.86554718017578,206.17622955322267,0.015467418676091698,1
2021-01-13,MSFT,206.6664886474609,0.006560358268763888,208.11946868896484,206.4513262939453,0.01585774734085425,0
2021-01-14,MSFT,203.49493408203125,-0.015346244987206492,207.2921905517578,206.66566040039064,0.016144361986210866,0
2021-01-15,MSFT,203.1415252685547,-0.001736695879289596,206.35887908935547,206.79479736328125,0.015971796901975567,1
2021-01-19,MSFT,206.76202392578125,0.01782254343340317,206.23947143554688,206.80654846191408,0.016158605177647285,1
2021-01-20,MSFT,214.3087615966797,0.03649963144879731,206.85467834472655,206.8377487182617,0.019965254228036286,1
2021-01-21,MSFT,214.91061401367188,0.0028083425638232296,208.06980590820314,206.87279174804686,0.017200079763283565,1
2021-01-22,MSFT,215.8468017578125,0.004356172674101044,208.8015563964844,207.02812591552734,0.015280253161395136,1
2021-01-25,MSFT,219.26670837402344,0.015844138473954272,209.7482467651367,207.39249053955078,0.015763445117748593,1
2021-01-26,MSFT,221.9414978027344,0.012198794101238253,211.16588745117187,207.70478240966796,0.015072493505327786,1
2021-01-27,MSFT,222.48599243164065,0.0024533250171638876,212.88253479003907,208.0491162109375,0.01374602093430924,1
2021-01-28,MSFT,228.24639892578125,0.02589109737284012,215.0405258178711,208.48826812744142,0.014815843193432321,0
2021-01-29,MSFT,221.58807373046875,-0.02917165495994345,216.84983978271484,208.78053314208984,0.01779713639600048,1
2021-02-01,MSFT,228.9341735839844,0.03315205430438084,219.42910461425782,209.2725051879883,0.01890954433303156,0
2021-02-02,MSFT,228.80044555664065,-0.0005841330948990198,221.63294677734376,209.81568084716798,0.019193582415114527,1
2021-02-03,MSFT,232.13442993164065,0.014571581654436283,223.41551361083984,210.39993438720703,0.017000810352252635,0
2021-02-04,MSFT,231.18870544433597,-0.0040740379942052485,225.04332275390624,211.00405792236327,0.017376331922431106,1
2021-02-05,MSFT,231.3701629638672,0.0007848892063411217,226.5956588745117,211.61716064453125,0.017483664826151105,1
2021-02-08,MSFT,231.6280975341797,0.001114813453076069,227.83179779052733,212.1637756347656,0.01728508865074805,1
2021-02-09,MSFT,232.86996459960935,0.005361469867645852,228.92464447021484,212.73503662109374,0.017131086055267915,0
2021-02-10,MSFT,231.96243286132807,-0.0038971609749745006,229.8722885131836,213.2621633911133,0.017350223287332784,1
2021-02-11,MSFT,233.5577850341797,0.006877631662905337,230.40342712402344,213.84335876464843,0.015684939829552085,1
2021-02-12,MSFT,234.0354461669922,0.002045151835733394,231.64816436767578,214.39322143554688,0.011151571747531093,0
2021-02-16,MSFT,232.8031005859375,-0.005265636471901591,232.0350570678711,214.93448608398438,0.006014755000429995,1
2021-02-17,MSFT,233.8180389404297,0.004359642770812355,232.53681640625,215.51763916015625,0.006009922704495164,0
2021-02-18,MSFT,233.4254150390625,-0.0016791856742379707,232.6659149169922,216.09064697265626,0.0042198004932305425,0
2021-02-19,MSFT,230.725341796875,-0.011567177643169946,232.61957855224608,216.61099182128908,0.005580533524719564,0
2021-02-22,MSFT,224.5399932861328,-0.026808275426405515,231.93656158447266,216.97476684570313,0.010065977597330411,0
2021-02-23,MSFT,223.35272216796875,-0.005287570827754995,231.10902404785156,217.3952310180664,0.009982264667682452,1
2021-02-24,MSFT,224.57827758789065,0.005487085216719478,230.27985534667968,217.86466247558593,0.009994846335128772,0
2021-02-25,MSFT,219.2547149658203,-0.023704708573102806,229.00908355712892,218.17527221679688,0.01185560122807194,1
2021-02-26,MSFT,222.50054931640625,0.014803943217786442,227.90335998535156,218.53283935546875,0.012989825476722774,1
2021-03-01,MSFT,226.86666870117188,0.019622960024951563,227.18648223876954,218.97906707763673,0.015040684189977649,0
2021-03-02,MSFT,223.92721557617188,-0.012956743014866712,226.29889373779298,219.2681106567383,0.015362392992837124,0
2021-03-03,MSFT,217.88543701171875,-0.026980992680623594,224.70563354492188,219.43364410400392,0.01666091694613187,0
2021-03-04,MSFT,217.0907287597656,-0.003647367455358763,223.0721649169922,219.59914001464844,0.016603824550065396,1
2021-03-05,MSFT,221.75375366210935,0.02147961328880088,222.1750061035156,219.781474609375,0.018764828928855292,0
2021-03-08,MSFT,217.7227325439453,-0.01817791605145125,221.49328002929687,219.85739624023438,0.017760602319102453,1
2021-03-09,MSFT,223.84103393554688,0.028101343943800927,221.5421112060547,220.11147216796874,0.020235467088561,0
2021-03-10,MSFT,222.538818359375,-0.005817590962999386,221.33816528320312,220.30645050048827,0.020235637220851265,1
2021-03-11,MSFT,227.04856872558597,0.020265005446951756,222.1175506591797,220.5494009399414,0.019450079512713145,0
2021-03-12,MSFT,225.7272491455078,-0.005819545956597172,222.44022064208986,220.78140045166015,0.01923039363758518,0
2021-03-15,MSFT,224.82725524902344,-0.003987085741270935,222.236279296875,221.0425912475586,0.01819414461502443,1
2021-03-16,MSFT,227.6039581298828,0.012350383754780259,222.60395355224608,221.3451776123047,0.018067839534242885,0
2021-03-17,MSFT,226.96241760253903,-0.0028186703456961615,223.51165161132812,221.72530395507812,0.015179510152230858,0
2021-03-18,MSFT,220.9111175537109,-0.02666212367998866,223.89369049072266,221.9803924560547,0.01798563849129187,0
2021-03-19,MSFT,220.55686950683597,-0.0016035772703418827,223.7740020751953,222.33634307861328,0.016621871195428604,1
2021-03-22,MSFT,225.95703125,0.024484214684578953,224.5974319458008,222.6848977661133,0.017026750614261132,1
2021-03-23,MSFT,227.47950744628903,0.006737901395971857,224.961279296875,223.03849182128906,0.014846369112596068,0
2021-03-24,MSFT,225.4496307373047,-0.008923338773553557,225.25236053466796,223.3921826171875,0.015052459162412173,0
2021-03-25,MSFT,222.46226501464844,-0.013250701333537118,224.79373016357422,223.7350375366211,0.014086117550389153,1
2021-03-26,MSFT,226.42623901367188,0.017818635438070496,224.86362915039064,224.1302325439453,0.015295904736130498,0
2021-03-29,MSFT,225.23895263671875,-0.005243590063258696,224.90479888916016,224.56511291503907,0.015341174159932611,0
2021-03-30,MSFT,221.99310302734372,-0.0144106939380515,224.34371337890624,224.94214447021486,0.015337493932847094,1
2021-03-31,MSFT,225.74642944335935,0.016907401017559165,224.22211456298828,225.3218325805664,0.016500275864708477,1
2021-04-01,MSFT,232.0466766357422,0.027908513139799584,225.3356704711914,225.67659088134766,0.015866811412171753,1
2021-04-05,MSFT,238.48097229003903,0.027728454238528766,227.12808074951172,226.147998046875,0.017160186775785246,0
2021-04-06,MSFT,237.32241821289065,-0.004858056666002475,228.26461944580078,226.57751037597657,0.016520439386092763,1
2021-04-07,MSFT,239.2757110595703,0.00823054501714826,229.4442398071289,226.9776904296875,0.016544196133981816,1
2021-04-08,MSFT,242.4832763671875,0.013405310941981163,231.1476043701172,227.38852600097655,0.015922764847526402,1
2021-04-09,MSFT,244.9727478027344,0.010266569607782605,233.39865264892578,227.83826110839843,0.014170236247621287,1
2021-04-12,MSFT,245.0301971435547,0.00023451319110212587,235.25904846191406,228.17393707275392,0.01415223540381453,1
2021-04-13,MSFT,247.5004730224609,0.010081516105784116,237.48520050048828,228.69218505859374,0.013364580718706465,0
2021-04-14,MSFT,244.7237701416016,-0.011218980097089881,239.75826721191407,229.00797698974608,0.012752903461629942,1
2021-04-15,MSFT,248.4675750732422,0.015298084568876824,242.03038177490234,229.40131958007814,0.012664054312070521,1
2021-04-16,MSFT,249.65484619140625,0.004778374473265012,243.79119873046875,229.75172790527344,0.010969302179384752,0
2021-04-19,MSFT,247.73985290527344,-0.0076705632409980185,244.7170867919922,230.0827508544922,0.009256331948524774,0
2021-04-20,MSFT,247.2802734375,-0.001855088966849272,245.71287231445314,230.40095306396483,0.008987056875608933,1
2021-04-21,MSFT,249.5016326904297,0.008983164010820888,246.73546447753907,230.75842376708985,0.009028037415461999,0
2021-04-22,MSFT,246.23663330078125,-0.013086084265025666,247.11080017089844,231.02575714111327,0.00988290075346112,1
2021-04-23,MSFT,250.04736328125,0.015475885652700194,247.61826171875,231.38745574951173,0.01050903847933465,1
2021-04-26,MSFT,250.43038940429688,0.0015318142851843408,248.1582809448242,231.72490783691407,0.010491415011370277,1
2021-04-27,MSFT,250.83255004882807,0.0016058779666789924,248.49148864746093,232.06084991455077,0.010122682996504413,0
2021-04-28,MSFT,243.7375946044922,-0.028285624983498958,248.39287109375,232.27953979492187,0.013393826861769318,0
2021-04-29,MSFT,241.7747039794922,-0.008053294479192452,247.723583984375,232.43867309570314,0.012363877193892217,0
2021-04-30,MSFT,241.4587860107422,-0.001306662622475141,246.9039779663086,232.59934051513673,0.012104261148459455,0
2021-05-03,MSFT,241.15234375,-0.0012691286401503854,246.24522705078124,232.80788055419922,0.012014382405211669,0
2021-05-04,MSFT,237.2554168701172,-0.016159606078399613,245.24274139404298,233.0621890258789,0.012741939432128431,0
2021-05-05,MSFT,235.99151611328125,-0.005327173446698752,243.89172973632813,233.31496490478514,0.01188986599167585,1
2021-05-06,MSFT,239.11294555664065,0.013226871434907972,243.17936096191406,233.60565826416016,0.012890853738116975,1
2021-05-07,MSFT,241.7268829345703,0.010931810370386152,242.3473129272461,234.05510162353517,0.012236316012823378,0
2021-05-10,MSFT,236.6713714599609,-0.020914146632080688,240.9714111328125,234.33851806640624,0.013264843239170737,0
2021-05-11,MSFT,235.76171875,-0.003843526592800406,239.46432800292968,234.5164190673828,0.013048136471799587,0
2021-05-12,MSFT,228.83909606933597,-0.029362793575511414,237.97447814941407,234.6146566772461,0.013254451095232708,1
2021-05-13,MSFT,232.69778442382807,0.016862015367002492,237.06678619384766,234.9109036254883,0.015084413539511019,1
2021-05-14,MSFT,237.6000823974609,0.0210672309827582,236.68091583251953,235.3210906982422,0.01701702016988983,0
2021-05-17,MSFT,234.75634765625,-0.011968576410061438,236.04131622314452,235.581142578125,0.017335748074851522,0
2021-05-18,MSFT,232.7456512451172,-0.008565035327935178,235.59033966064453,235.88160095214843,0.016832265928660165,1
2021-05-19,MSFT,233.3214874267578,0.0024741007127742076,235.32333679199218,236.07121002197266,0.016830861670545306,1
2021-05-20,MSFT,236.5460357666016,0.013820194511043438,235.06664581298827,236.35135437011718,0.01688757319414523,0
2021-05-21,MSFT,235.2888641357422,-0.005314701752600293,234.42284393310547,236.5161602783203,0.0163917105787022,1
2021-05-24,MSFT,240.67274475097656,0.022882003510919846,234.82298126220704,236.81507019042968,0.016793108136379485,1
2021-05-25,MSFT,241.5748748779297,0.0037483684655965632,235.404296875,237.15002258300783,0.01668060112591689,0
2021-05-26,MSFT,241.3541412353516,-0.0009137276494074476,236.65580139160156,237.42502624511718,0.012543283387761416,0
2021-05-27,MSFT,239.2619781494141,-0.008668436660042134,237.31222076416014,237.6710174560547,0.012551394114053191,1
2021-05-28,MSFT,239.61708068847656,0.0014841578332212002,237.51392059326173,238.04513671875,0.010799826915150013,0
2021-06-01,MSFT,237.42893981933597,-0.009131823419488927,237.78117980957032,238.382578125,0.010456104770951711,0
2021-06-02,MSFT,237.3330535888672,-0.0004038523296349128,238.23992004394532,238.61009857177734,0.009915357782292826,0
2021-06-03,MSFT,235.8070831298828,-0.006429658388956705,238.4884796142578,238.7766500854492,0.010261542673266623,1
2021-06-04,MSFT,240.6823272705078,0.02067471458412351,238.90210876464843,239.08130401611328,0.011373759062065154,1
2021-06-07,MSFT,243.5806579589844,0.01204214169501161,239.73128814697264,239.503671875,0.011492370886541961,0
2021-06-08,MSFT,242.3906097412109,-0.004885643333691458,239.9030746459961,239.8229592895508,0.009473944436025436,1
2021-06-09,MSFT,243.36952209472656,0.004038573749044039,240.0825393676758,240.18557067871095,0.009484582506455385,1
2021-06-10,MSFT,246.8723907470703,0.0143932100543811,240.63436431884764,240.68315643310547,0.010374201733112653,1
2021-06-11,MSFT,247.4962310791016,0.0025269748882952303,241.4577896118164,241.11815246582032,0.009635431545602174,1
2021-06-14,MSFT,249.4156036376953,0.007755158736054701,242.4376419067383,241.46553100585936,0.009698516436629922,0
2021-06-15,MSFT,247.9472503662109,-0.0058871748602279395,243.48947296142578,241.6548565673828,0.009252227411152888,0
2021-06-16,MSFT,247.0067443847656,-0.0037931696361068745,244.45684204101562,241.8485430908203,0.009505651479518047,1
2021-06-17,MSFT,250.38487243652344,0.013676258355503457,245.91462097167968,242.07072631835936,0.009164511115530103,0
2021-06-18,MSFT,248.97409057617188,-0.005634453258390071,246.7437973022461,242.20054260253906,0.008229602959396141,1
2021-06-21,MSFT,252.04519653320312,0.012335042372979999,247.59025115966796,242.34199157714843,0.00826413597367787,1
2021-06-22,MSFT,254.8091278076172,0.010966014478478447,248.83210296630858,242.53757019042968,0.008003228218923046,0
2021-06-23,MSFT,254.57867431640625,-0.0009044161533527939,249.95301818847656,242.6791342163086,0.00822145955437546,1
2021-06-24,MSFT,255.9415283203125,0.005353370652768863,250.85993194580078,242.9034893798828,0.007481800110829725,0
2021-06-25,MSFT,254.3388214111328,-0.006262004137030375,251.5441909790039,243.02091430664063,0.008116314173001243,1
2021-06-28,MSFT,257.8896789550781,0.013961130763460838,252.3915985107422,243.18561096191405,0.008752952327619396,1
2021-06-29,MSFT,260.461669921875,0.009973221794753906,253.6430404663086,243.4400473022461,0.008312833291932586,0
2021-06-30,MSFT,259.9818725585937,-0.001842103536482842,254.9405532836914,243.69407928466796,0.008104669715161677,1
2021-07-01,MSFT,260.6535949707031,0.0025837278787890217,255.96742553710936,243.91711853027343,0.007550026360181615,1
2021-07-02,MSFT,266.4598388671875,0.02227571001710915,257.71600036621095,244.32158264160157,0.008649671730828591,1
2021-07-06,MSFT,266.4693908691406,3.584781103871393e-05,259.1584197998047,244.65002319335937,0.008656551842849719,1
2021-07-07,MSFT,268.6478576660156,0.008175298445234347,260.5422927856445,245.01437255859375,0.00850856214679426,0
2021-07-08,MSFT,266.23907470703125,-0.008966321116094633,261.70833282470704,245.32250305175782,0.009490687598312559,1
2021-07-09,MSFT,266.7381591796875,0.0018745725930930934,262.78799591064455,245.7825143432617,0.009520813912962953,0
2021-07-12,MSFT,266.1430969238281,-0.0022308853659686045,263.9684234619141,246.26988220214844,0.009105826987183215,1
2021-07-13,MSFT,269.6556091308594,0.013197833224419586,265.1450164794922,246.8338186645508,0.009021296258527666,1
2021-07-14,MSFT,271.1239318847656,0.005445177864606077,266.21124267578125,247.4332504272461,0.008828052539438037,0
2021-07-15,MSFT,269.7035522460937,-0.005238857480407311,267.18341064453125,248.08221313476562,0.009139997518954793,0
2021-07-16,MSFT,269.434814453125,-0.0009964191822119384,268.06153259277346,248.7510791015625,0.009258590287781674,0
2021-07-19,MSFT,265.8456420898437,-0.013321115797772065,268.00011291503904,249.28573303222657,0.007923494847230168,1
2021-07-20,MSFT,268.0624694824219,0.008338776498841405,268.1594207763672,249.8124447631836,0.008373492898479116,1
2021-07-21,MSFT,270.05865478515625,0.00744671682906084,268.3005004882813,250.4801904296875,0.008303401374058897,1
2021-07-22,MSFT,274.60760498046875,0.016844304430574164,269.137353515625,251.25710815429687,0.00899745647770726,1
2021-07-23,MSFT,277.9953308105469,0.012336606010307172,270.26307067871096,252.2402328491211,0.009432228017356962,0
2021-07-26,MSFT,277.4002990722656,-0.0021404378862994733,271.3887908935547,253.13428314208986,0.009425435997692059,0
2021-07-27,MSFT,274.991455078125,-0.008683638778316904,271.92237548828126,253.88211059570312,0.009639699750625124,0
2021-07-28,MSFT,274.68438720703125,-0.0011166451372335295,272.27842102050784,254.68067138671876,0.00960262468041577,1
2021-07-29,MSFT,274.953125,0.000978351174965697,272.8033782958984,255.5248208618164,0.009326137137047228,0
2021-07-30,MSFT,273.4271545410156,-0.005549929497925765,273.2026123046875,256.3269342041016,0.00959430074001662,0
2021-08-02,MSFT,273.3408203125,-0.0003157485534329707,273.95213012695314,257.06282989501955,0.008129692222242326,1
2021-08-03,MSFT,275.548095703125,0.008075176580290888,274.70069274902346,257.8680145263672,0.008110191456097635,0
2021-08-04,MSFT,274.96270751953125,-0.002124450114960874,275.19109802246095,258.55381378173826,0.008063874235941347,1
2021-08-05,MSFT,277.8514099121094,0.010505797017484442,275.515478515625,259.2793444824219,0.0069206743952986175,0
2021-08-06,MSFT,277.7938537597656,-0.00020714723874160068,275.4953308105469,260.00813873291014,0.005707650797236005,0
2021-08-09,MSFT,276.7093200683594,-0.0039040953452632587,275.4262329101563,260.75708557128905,0.005805560744036506,0
2021-08-10,MSFT,274.8955078125,-0.006554937345121914,275.41663818359376,261.46265411376953,0.005491878128062298,1
2021-08-11,MSFT,275.3850402832031,0.0017807947266894608,275.48670349121096,262.2217761230469,0.005504090814053905,1
2021-08-12,MSFT,278.12969970703125,0.009966624988073214,275.8043609619141,263.03770904541017,0.00630809102017412,1
2021-08-13,MSFT,281.04718017578125,0.010489640163647174,276.5663635253906,263.9425109863281,0.006447989522325277,1
2021-08-16,MSFT,282.7266845703125,0.005975880610084028,277.50494995117185,264.78339813232424,0.006420209592314513,0
2021-08-17,MSFT,281.2679138183594,-0.00515965004919916,278.0769317626953,265.5371432495117,0.006707166838088592,0
2021-08-18,MSFT,279.5467834472656,-0.006119184900006958,278.53533935546875,266.2802667236328,0.00709305625826706,1
2021-08-19,MSFT,285.3544311523437,0.02077522636268725,279.2856414794922,267.11996490478515,0.009000270695997277,1
2021-08-20,MSFT,292.6524658203125,0.025575333239078235,280.77150268554686,268.03556640625,0.011436671408741734,1
2021-08-23,MSFT,292.9313049316406,0.00095279945975002,282.393701171875,268.94426788330077,0.011101402773575934,0
2021-08-24,MSFT,290.9793701171875,-0.006663455839616139,284.00208740234376,269.7755432128906,0.011114832325297941,0
2021-08-25,MSFT,290.3929443359375,-0.002015351744743321,285.5028778076172,270.6244570922852,0.011328512173614438,0
2021-08-26,MSFT,287.58526611328125,-0.00966854834946751,286.4484344482422,271.43602752685547,0.012118844061577535,1
2021-08-27,MSFT,288.19097900390625,0.0021062027926925797,287.1628143310547,272.1921496582031,0.011862262237995403,1
2021-08-30,MSFT,291.9120178222656,0.012911711640734458,288.08134765625,273.050908203125,0.012278606501449522,0
2021-08-31,MSFT,290.267822265625,-0.005632503823949198,288.98133850097656,273.81536071777344,0.01231552926110445,0
2021-09-01,MSFT,290.21978759765625,-0.0001654839575183642,290.04863891601565,274.52357391357424,0.011952314288218493,0
2021-09-02,MSFT,289.5660095214844,-0.0022526998644153418,290.4697967529297,275.22332061767577,0.010445514391613687,0
2021-09-03,MSFT,289.5563049316406,-3.351425762920801e-05,290.1601806640625,275.89561614990237,0.006145329451656984,0
2021-09-07,MSFT,288.6333312988281,-0.0031875445883673414,289.7303833007812,276.5815063476563,0.00613516038765969,1
2021-09-08,MSFT,288.6620788574219,9.959888715682652e-05,289.4986541748047,277.19695434570315,0.0058646383692848286,0
2021-09-09,MSFT,285.8160095214844,-0.009859519293988206,289.04096069335935,277.7040411376953,0.006534051867802712,0
2021-09-10,MSFT,284.3352355957031,-0.00518086417993302,288.71595764160156,278.1911083984375,0.006052240562765399,1
2021-09-13,MSFT,285.56597900390625,0.004328494165081631,288.4534576416016,278.6893560791016,0.0062222539333752986,1
2021-09-14,MSFT,288.25836181640625,0.009428233789933183,288.0880920410156,279.1253265380859,0.005407431614007207,1
2021-09-15,MSFT,293.0948791503906,0.016778411226331613,288.3707977294922,279.65783630371095,0.007590616368566986,1
2021-09-16,MSFT,293.4794006347656,0.001311935184570956,288.69675903320314,280.15446716308594,0.007579878695632831,0
2021-09-17,MSFT,288.3352355957031,-0.017528197985740013,288.573681640625,280.59639038085936,0.00960814211662743,0
2021-09-20,MSFT,282.9794006347656,-0.018575027605877925,287.9159912109375,280.92121520996096,0.011191506824615071,1
2021-09-21,MSFT,283.4601745605469,0.0016989714611834739,287.3986755371094,281.26755676269534,0.011251978143170057,1
2021-09-22,MSFT,287.0947570800781,0.012822198127712348,287.241943359375,281.6163397216797,0.012166435698936346,1
2021-09-23,MSFT,288.037109375,0.0032823737518099527,287.46405334472655,281.95460327148436,0.011742817225438323,0
2021-09-24,MSFT,287.8351745605469,-0.0007010722156297611,287.8140472412109,282.3172357177734,0.011571953842440684,0
2021-09-27,MSFT,282.8545227050781,-0.017303833220081555,287.54290161132815,282.5856298828125,0.012886949577413272,0
2021-09-28,MSFT,272.61407470703125,-0.03620393939652222,285.9784729003906,282.72099853515624,0.016425185316434325,1
2021-09-29,MSFT,273.0756530761719,0.0016931567808327053,283.97655029296874,282.8212622070312,0.014766678706423042,0
2021-09-30,MSFT,271.07574462890625,-0.007323642458552548,281.73618469238284,282.84160400390624,0.01447952570928687,1
2021-10-01,MSFT,277.9794921875,0.02546796493373016,280.7006103515625,282.9090417480469,0.01736969915353326,0
2021-10-04,MSFT,272.2199401855469,-0.020719341404035085,279.6246643066406,282.79353393554686,0.017588146981183196,1
2021-10-05,MSFT,277.6525573730469,0.019956720230696945,279.0439025878906,282.7985791015625,0.019097096348876342,1
2021-10-06,MSFT,281.835205078125,0.015064322636360261,278.5179473876953,282.9354541015625,0.019301259036516194,1
2021-10-07,MSFT,283.5082702636719,0.00593632433209712,278.0650634765625,283.1119317626953,0.0193950725561145,0
2021-10-08,MSFT,283.5082702636719,0.0,277.632373046875,283.28303466796876,0.019399199871823893,0
2021-10-11,MSFT,282.9121398925781,-0.0021026912920012464,277.638134765625,283.472734375,0.01858819505046681,0
2021-10-12,MSFT,281.6140441894531,-0.0045883351050891585,278.5381317138672,283.63819885253906,0.013779522240017359,1
2021-10-13,MSFT,284.912109375,0.011711295134585464,279.72177734375,283.8254791259766,0.014008879634403218,1
2021-10-14,MSFT,291.1044006347656,0.021734040274207445,281.7246429443359,284.14831298828125,0.014330621285067922,1
2021-10-15,MSFT,292.5082397460937,0.004822459256084599,283.17751770019527,284.44144958496094,0.012821472651706793,1
2021-10-18,MSFT,295.4698181152344,0.010124769037998416,285.50250549316405,284.7949688720703,0.009055134378194864,1
2021-10-19,MSFT,296.3736267089844,0.003058886350948642,287.37461242675784,285.1882550048828,0.008163896395613116,0
2021-10-20,MSFT,295.58514404296875,-0.0026604346505832988,288.7496063232422,285.6020477294922,0.008039417034742152,1
2021-10-21,MSFT,298.8063049316406,0.010897573689304219,290.27940979003904,286.07047302246093,0.008266947420042007,0
2021-10-22,MSFT,297.2678527832031,-0.0051486602626723554,291.6553680419922,286.4532360839844,0.008778211017917207,0
2021-10-25,MSFT,296.2774353027344,-0.00333173422957056,292.9918975830078,286.7578411865234,0.00889320999945485,1
2021-10-26,MSFT,298.1812744140625,0.006425866044718509,294.64862060546875,287.06693298339843,0.008281265520100532,1
2021-10-27,MSFT,310.73895263671875,0.04211424157111332,297.23130493164064,287.65635375976564,0.014184444413848822,1
2021-10-28,MSFT,311.8735656738281,0.0036513382937086725,299.3082214355469,288.3028894042969,0.01348843503001707,1
2021-10-29,MSFT,318.8638000488281,0.022413680235761735,301.9437774658203,288.97307678222654,0.014296450340351603,0
2021-11-01,MSFT,316.700439453125,-0.006784591400378015,304.06683959960935,289.4540362548828,0.015094116909188658,1
2021-11-02,MSFT,320.3158264160156,0.011415793957007647,306.4610595703125,290.0017266845703,0.015079091782691928,1
2021-11-03,MSFT,321.15234375,0.002611539190380041,309.0177795410156,290.60518615722657,0.014757612165161589,1
2021-11-04,MSFT,323.4985046386719,0.007305445326278637,311.48699951171875,291.2672973632813,0.014734480743299591,0
2021-11-05,MSFT,323.13311767578125,-0.0011294857863368701,314.0735260009766,291.97825439453123,0.014384591513493823,1
2021-11-08,MSFT,324.0273132324219,0.00276726682511641,316.8485137939453,292.6949810791016,0.013951417113428276,0
2021-11-09,MSFT,323.0273742675781,-0.0030859712252914173,319.3331237792969,293.3172882080078,0.014467128783854671,0
2021-11-10,MSFT,318.07537841796875,-0.015329957285624363,320.0667663574219,293.87343933105467,0.0102680699611272,1
2021-11-11,MSFT,319.64276123046875,0.0049277087094756755,320.84368591308595,294.46189880371094,0.010293482315279446,1
2021-11-12,MSFT,323.7677001953125,0.012904840857226763,321.3340759277344,295.1459326171875,0.008540609950271356,0
2021-11-15,MSFT,323.14276123046875,-0.0019302078757910124,321.9783081054687,295.8176617431641,0.00814226621864716,1
2021-11-16,MSFT,326.4504089355469,0.010235871267805008,322.5917663574219,296.5740032958984,0.007998677036522428,1
2021-11-17,MSFT,326.67193603515625,0.0006785934204576183,323.1437255859375,297.3342004394531,0.008003669516858717,1
2021-11-18,MSFT,328.7430114746094,0.0063399245879212085,323.6681762695313,298.19274047851565,0.007934521195500378,1
2021-11-19,MSFT,330.51544189453125,0.005391537943183922,324.4064086914062,299.1163446044922,0.007949767161471161,0
2021-11-22,MSFT,327.35577392578125,-0.009559819506884781,324.7392547607422,299.9521405029297,0.008779919930782887,0
2021-11-23,MSFT,325.2847595214844,-0.0063264941976138855,324.9649932861328,300.69266845703123,0.009006702792919253,1
2021-11-24,MSFT,325.50640869140625,0.0006814004143567143,325.7080963134766,301.34089904785156,0.007042944200756536,0
2021-11-26,MSFT,317.5784912109375,-0.024355641759375435,325.5016693115234,301.822880859375,0.01088477739679935,1
2021-11-29,MSFT,324.2733764648437,0.021081041188836025,325.55223693847654,302.5416436767578,0.012234782308557025,0
2021-11-30,MSFT,318.4550476074219,-0.01794266591001692,325.0834655761719,303.25115661621095,0.013527520051998965,0
2021-12-01,MSFT,317.9637756347656,-0.0015426729026505326,324.23480224609375,303.9412286376953,0.01290230262728852,0
2021-12-02,MSFT,317.3954467773437,-0.0017874012732655986,323.3071533203125,304.5472424316406,0.012857109232943817,0
2021-12-03,MSFT,311.1532897949219,-0.019666813263394922,321.5481811523438,305.0095660400391,0.013420363068009505,1
2021-12-06,MSFT,314.21661376953125,0.009845063751787286,319.9182983398438,305.5371948242188,0.013884248120157573,1
2021-12-07,MSFT,322.62615966796875,0.026763530411557657,319.4453369140625,306.33262756347654,0.01695761947329447,1
2021-12-08,MSFT,322.6742858886719,0.0001491702370095549,319.1842895507813,307.3338317871094,0.016868818640459082,0
2021-12-09,MSFT,320.8729553222656,-0.005582504231613106,318.7209442138672,308.28977783203123,0.01692894365873552,1
2021-12-10,MSFT,329.9664001464844,0.028339704775323993,319.95973510742186,309.4675909423828,0.01715608616379168,0
2021-12-13,MSFT,326.9416809082031,-0.009166749211248382,320.2265655517578,310.4468347167969,0.01645536642484907,0
2021-12-14,MSFT,316.2876281738281,-0.03258701278093201,320.00982360839845,311.3281884765625,0.018806313813273978,1
2021-12-15,MSFT,322.3660888671875,0.01921814244981701,320.45005493164064,312.2224591064453,0.01980093259053574,0
2021-12-16,MSFT,312.97393798828125,-0.029135046157959144,320.0079040527344,312.8452337646484,0.02207178762199076,0
2021-12-17,MSFT,311.914306640625,-0.00338568557646457,320.08400573730466,313.4133544921875,0.02113749397147926,0
2021-12-20,MSFT,308.1670837402344,-0.012013629450822294,319.479052734375,313.9065307617187,0.021187670737833533,1
2021-12-21,MSFT,315.2762145996094,0.023069079192661546,318.7440582275391,314.5538122558594,0.02066110336509975,1
2021-12-22,MSFT,320.96923828125,0.018057257154240336,318.57355346679685,315.34091613769533,0.021631909544534363,1
2021-12-23,MSFT,322.4045715332031,0.00447187169598906,318.7267150878906,316.09076538085935,0.02159369087685922,1
2021-12-27,MSFT,329.8797302246094,0.023185647324595715,318.7180480957031,316.86627197265625,0.02091104402188838,0
2021-12-28,MSFT,328.7237243652344,-0.00350432522358346,318.89625244140626,317.59058166503905,0.020705741612259142,1
2021-12-29,MSFT,329.39813232421875,0.0020515950294937024,320.2073028564453,318.26914794921873,0.01709373180583496,0
2021-12-30,MSFT,326.8647155761719,-0.007691047700152942,320.65716552734375,318.8789697265625,0.016577371420083677,0
2021-12-31,MSFT,323.97467041015625,-0.008841716552125511,321.7572387695312,319.44676025390623,0.013333821854360406,0
2022-01-03,MSFT,322.4623718261719,-0.004667953152231896,322.8120452880859,319.91988159179687,0.013413748981888735,0
2022-01-04,MSFT,316.9331359863281,-0.017146917975361053,323.6886505126953,320.31318725585936,0.014147786035801736,0
2022-01-05,MSFT,304.7666320800781,-0.038388235639629786,322.6376922607422,320.48297119140625,0.017389211869419996,0
2022-01-06,MSFT,302.35845947265625,-0.007901693800878795,320.7766143798828,320.56651489257814,0.015712169502134898,1
2022-01-07,MSFT,302.5125427246094,0.0005096045674457539,318.78741149902345,320.40198669433596,0.01547125393515457,1
2022-01-10,MSFT,302.7340393066406,0.0007321897467005289,316.0728424072266,320.21919616699216,0.01195633945474883,1
2022-01-11,MSFT,303.4180603027344,0.0022594783119214146,313.5422760009766,319.9102813720703,0.012355382542430756,1
2022-01-12,MSFT,306.5873107910156,0.010445160993775904,311.2611938476563,319.7080187988281,0.013352099191900045,0
2022-01-13,MSFT,293.6117248535156,-0.0423226450697588,307.93589477539064,319.17393676757814,0.01740688540058838,1
2022-01-14,MSFT,298.81353759765625,0.017716638348607594,305.41978149414064,318.72716064453124,0.019583454797701974,0
2022-01-18,MSFT,291.5406799316406,-0.02433911704431646,302.3276123046875,318.08800415039065,0.020203507117548897,1
2022-01-19,MSFT,292.1956787109375,0.0022466805642713528,299.85386657714844,317.46925537109377,0.02035479405505198,0
2022-01-20,MSFT,290.5292358398437,-0.005703174251055154,298.430126953125,316.7992938232422,0.017312792740466616,0
2022-01-21,MSFT,285.1636047363281,-0.01846847215910974,296.7106414794922,316.04201843261717,0.017848462680406695,1
2022-01-24,MSFT,285.4911193847656,0.001148514898106745,295.0084991455078,315.3903332519531,0.01787425514182084,0
2022-01-25,MSFT,277.9003601074219,-0.0265884252151235,292.52513122558594,314.5554852294922,0.018855063724206835,1
2022-01-26,MSFT,285.8186340332031,0.02849321218123091,290.7651885986328,313.79650390625,0.022050986441552376,1
2022-01-27,MSFT,288.83380126953125,0.010549232545761456,288.9898376464844,313.1103247070312,0.022059495346012776,1
2022-01-28,MSFT,296.9447326660156,0.028081655820177076,289.32313842773436,312.5202111816406,0.020242049197249302,1
2022-01-31,MSFT,299.56494140625,0.008823893647514014,289.3982788085938,311.9780712890625,0.019627370572614055,0
2022-02-01,MSFT,297.4263916015625,-0.007138852078779623,289.9868499755859,311.35173889160154,0.017893168066394276,1
2022-02-02,MSFT,301.953857421875,0.015222138815366382,290.96266784667966,310.78050720214844,0.01836563524152957,0
2022-02-03,MSFT,290.1920166015625,-0.03895244432621847,290.92894592285154,310.03723205566405,0.02270283997901591,1
2022-02-04,MSFT,294.7099304199219,0.01556870471927052,291.8835784912109,309.4257354736328,0.022151623614763635,0
2022-02-07,MSFT,289.90313720703125,-0.016310251934984366,292.3247802734375,308.7136700439453,0.02302995778644768,1
2022-02-08,MSFT,293.3805847167969,0.011995204823472605,293.872802734375,308.2297119140625,0.020881992273170422,1
2022-02-09,MSFT,299.7864685058594,0.02183472295975597,295.26958618164065,307.73997375488284,0.020165963379558092,0
2022-02-10,MSFT,291.28057861328125,-0.02837316152050362,295.51426391601564,307.196484375,0.022580561114066058,0
2022-02-11,MSFT,284.21002197265625,-0.02427404076950912,294.2407928466797,306.5214093017578,0.02167449869485925,0
2022-02-14,MSFT,284.17144775390625,-0.0001357243438576683,292.7014434814453,305.85692932128904,0.021259334019865232,1
2022-02-15,MSFT,289.4406433105469,0.018542311686442714,291.9028686523437,305.42267639160156,0.022495042401945137,0
2022-02-16,MSFT,289.1028137207031,-0.0011671808975399767,290.6177642822266,304.920400390625,0.021642213469534537,0
2022-02-17,MSFT,280.6372985839844,-0.029282022640212402,289.66229248046875,304.0806231689453,0.0200723251084422,0
2022-02-18,MSFT,277.9345092773437,-0.009630898388340303,287.98475036621096,303.1858276367187,0.019013688099052885,0
2022-02-22,MSFT,277.7317810058594,-0.0007294102197363816,286.7676147460937,302.3230041503906,0.018681292128396042,0
2022-02-23,MSFT,270.5403747558594,-0.02589335013787375,284.48359375,301.13448364257806,0.01889029058585591,1
2022-02-24,MSFT,284.3633117675781,0.05109380447998868,282.9412780761719,300.2829162597656,0.025216242446684994,1
2022-02-25,MSFT,286.98883056640625,0.009232973067123673,282.51210327148436,299.6969403076171,0.02412110650175963,1
2022-02-28,MSFT,288.4175109863281,0.004978174297244342,282.93285217285154,299.01796874999997,0.022750003876808693,0
2022-03-01,MSFT,284.71075439453125,-0.012852051108549367,282.9867828369141,298.45270507812495,0.023214717473048655,1
2022-03-02,MSFT,289.7688903808594,0.017765876097953548,283.0196075439453,298.0097967529297,0.02314860988984661,0
2022-03-03,MSFT,285.6471862792969,-0.014224108378732891,282.6740447998047,297.5593988037109,0.023607482992452057,0
2022-03-04,MSFT,279.79742431640625,-0.020478976317207298,282.5900573730469,296.8498229980468,0.022575354146484566,0
2022-03-07,MSFT,269.2275695800781,-0.037776812142399474,281.7193634033203,295.8149896240234,0.025468454279367583,0
2022-03-08,MSFT,266.2738342285156,-0.010971147405778425,280.5735687255859,294.69237487792964,0.025577681169717467,1
2022-03-09,MSFT,278.4846496582031,0.045858112439272514,281.3679962158203,293.66447326660153,0.028610599589382706,0
2022-03-10,MSFT,275.6757507324219,-0.010086368958679537,280.4992401123047,292.6035137939453,0.02329321615978698,0
2022-03-11,MSFT,270.3473815917969,-0.01932839260061303,278.83509521484376,291.42249877929686,0.02339710085687759,0
2022-03-14,MSFT,266.84344482421875,-0.012960868150255656,276.6776885986328,290.22207336425777,0.023173068045922195,1
2022-03-15,MSFT,277.1815795898437,0.03874232238470432,275.9247711181641,289.2862115478515,0.0272376262510715,1
2022-03-16,MSFT,284.1702575683594,0.0252133564894792,275.3649078369141,288.5203692626953,0.02794136552852624,1
2022-03-17,MSFT,284.9714050292969,0.0028192516267990797,275.2973297119141,287.8811346435547,0.027603617197829083,1
2022-03-18,MSFT,290.0005187988281,0.017647783885594404,276.31763916015626,287.58581237792964,0.02707288559441362,0
2022-03-21,MSFT,288.774658203125,-0.004227097940309177,278.27234802246096,287.31413635253904,0.02312273982433197,1
2022-03-22,MSFT,293.5044860839844,0.01637895759375252,280.9954132080078,287.13397521972655,0.02232921024612674,0
2022-03-23,MSFT,289.0932006835937,-0.015029703495327174,282.0562683105469,286.8611584472656,0.019601549544156802,1
2022-03-24,MSFT,293.5431823730469,0.015392896404795131,283.8430114746094,286.6636608886718,0.019231551416979416,0
2022-03-25,MSFT,293.1377868652344,-0.0013810421503753778,286.12205200195314,286.3946704101562,0.01729717069943465,1
2022-03-28,MSFT,299.9140625,0.02311634984772848,289.4291137695312,286.5207171630859,0.016100339002176556,1
2022-03-29,MSFT,304.46051025390625,0.015159168316444704,292.1570068359375,286.6336566162109,0.013190660202500136,0
2022-03-30,MSFT,302.9643859863281,-0.004914017474155874,294.0364196777344,286.86213073730465,0.01263404538347486,0
2022-03-31,MSFT,297.6069641113281,-0.017683338777785496,295.2999755859375,286.97035644531246,0.014778620785923706,1
2022-04-01,MSFT,298.6784362792969,0.0036002926583664774,296.1677673339844,287.1333404541016,0.014033149207612996,1
2022-04-04,MSFT,304.0357666015625,0.017936783080168217,297.6938781738281,287.51078369140623,0.014500145237364937,0
2022-04-05,MSFT,300.0877380371094,-0.012985408291212641,298.3522033691406,287.80271606445314,0.014963608067500704,0
2022-04-06,MSFT,289.1028137207031,-0.03660570867793278,298.35316467285156,288.0267651367187,0.018805684657511562,1
2022-04-07,MSFT,290.9078674316406,0.006243639374196253,298.0896331787109,288.1285498046875,0.01819508008123211,0
2022-04-08,MSFT,286.66064453125,-0.01459989012290519,297.4419189453125,288.08508666992185,0.018718561155866457,0
2022-04-11,MSFT,275.35723876953125,-0.03943131356661178,294.9862365722656,287.65333679199216,0.01978594721990566,0
2022-04-12,MSFT,272.2682189941406,-0.011218226145767174,291.7670074462891,287.10740234375,0.017982967539596273,1
2022-04-13,MSFT,277.63525390625,0.01971230770868959,289.2340942382813,286.7115795898437,0.02042426858699524,0
2022-04-14,MSFT,270.11572265625,-0.027084209026779993,286.48497009277344,286.07481689453124,0.021098973583147388,1
2022-04-18,MSFT,270.7816772460937,0.002465441786560385,283.69529418945314,285.68661010742187,0.02102394004933319,1
2022-04-19,MSFT,275.3957824707031,0.01703994624575733,280.8312957763672,285.3003271484375,0.020895145952619328,1
2022-04-20,MSFT,276.4190368652344,0.003715577578389695,278.4644256591797,285.03064514160155,0.02126280884560737,0
2022-04-21,MSFT,271.0617370605469,-0.01938108122162152,276.6603179931641,284.5842681884766,0.0192922512582286,0
2022-04-22,MSFT,264.5169982910156,-0.024144827080737508,274.02123107910154,283.8788787841797,0.01949722706171105,1
2022-04-25,MSFT,270.97479248046875,0.024413531951350764,272.45264587402346,283.47276306152344,0.022052992231008657,0
2022-04-26,MSFT,260.8392944335937,-0.03740384097759053,271.00085144042964,283.0053485107422,0.021711950955583807,1
2022-04-27,MSFT,273.3880615234375,0.04810918967210509,271.11283569335933,282.7896807861328,0.027274317850889494,1
2022-04-28,MSFT,279.5754699707031,0.02263232861298592,271.3068572998046,282.5923773193359,0.027514529734524923,0
2022-04-29,MSFT,267.8858642578125,-0.04181198627374416,271.0838714599609,282.1680383300781,0.029508874764776653,1
2022-05-02,MSFT,274.5945739746094,0.025043164316951083,271.4651611328125,282.0471838378906,0.03059917052420135,0
2022-05-03,MSFT,271.9979858398437,-0.00945607954731753,271.12538146972656,281.92845336914064,0.030280441073221177,1
2022-05-04,MSFT,279.91339111328125,0.029100970174456675,271.4748168945313,281.9720855712891,0.03173295478065011,0
2022-05-05,MSFT,267.7218017578125,-0.043554862834464414,271.1408233642578,281.9157141113281,0.034332471384630706,0
2022-05-06,MSFT,265.19268798828125,-0.009446797955659725,271.20839233398436,281.5323016357422,0.03352266817924108,0
2022-05-09,MSFT,255.3950958251953,-0.03694518215192599,269.65042266845705,280.90042694091795,0.0343186698643717,1
2022-05-10,MSFT,260.1442565917969,0.018595348322005822,269.58091888427737,280.3349618530273,0.033057005685745426,0
2022-05-11,MSFT,251.50494384765625,-0.03320970009996005,267.3926071166992,279.67084564208983,0.029812114825241123,0
2022-05-12,MSFT,246.4854888916016,-0.019957679078845825,264.08360900878904,278.8051776123047,0.027948730130666656,1
2022-05-13,MSFT,252.05520629882807,0.022596532689500126,262.50054321289065,278.13333801269533,0.02777822006407142,1
2022-05-16,MSFT,252.4219970703125,0.001455200139962809,260.2832855224609,277.58582946777346,0.02580692382124426,1
2022-05-17,MSFT,257.5573425292969,0.020344286625519015,258.83922119140624,277.3524249267578,0.027307607325420903,0
2022-05-18,MSFT,245.83084106445312,-0.0455296725369414,255.43096618652345,276.94356506347657,0.02711887594369845,0
2022-05-19,MSFT,244.92132568359372,-0.003699761091493614,253.15091857910156,276.27229858398437,0.024896003656940228,0
2022-05-20,MSFT,244.36019897460935,-0.0022910487987038985,251.0676696777344,275.64598754882815,0.0249710374271219,1
2022-05-23,MSFT,252.1875,0.032031816385138745,250.74691009521484,275.2827899169922,0.02556511488005062,0
2022-05-24,MSFT,251.19094848632807,-0.003951629298327375,249.85157928466796,274.96973999023436,0.024625158343943163,1
2022-05-25,MSFT,253.99679565429688,0.011170176253868958,250.10076446533202,274.50604431152345,0.022530046553321248,1
2022-05-26,MSFT,257.2671203613281,0.01287545655293365,251.17892761230468,273.9679815673828,0.02146881395819399,1
2022-05-27,MSFT,264.3687744140625,0.02760420392143459,252.41028442382813,273.5559289550781,0.02198989783788347,0
2022-05-31,MSFT,263.043212890625,-0.005014062369413486,253.47240600585937,273.01678283691405,0.022199957073865115,1
2022-06-01,MSFT,263.5754089355469,0.0020232266747104433,254.07421264648437,272.5127978515625,0.02147794502418855,1
2022-06-02,MSFT,265.6652526855469,0.007928826738578865,256.0576538085937,271.95601318359377,0.013275802414764611,0
2022-06-03,MSFT,261.2532043457031,-0.016607547638403553,257.6908416748047,271.39921325683594,0.015036228074757924,0
2022-06-06,MSFT,260.0245361328125,-0.004702978537498792,259.257275390625,270.72884033203127,0.015212593458870603,1
2022-06-07,MSFT,263.6528015136719,0.013953550056546193,260.4038055419922,270.139140625,0.01268361863661984,0
2022-06-08,MSFT,261.63067626953125,-0.007669652029226648,261.4477783203125,269.37347290039065,0.013010095609429225,0
2022-06-09,MSFT,256.1931457519531,-0.020783229990876118,261.66741333007815,268.4081256103516,0.014884874736394181,0
2022-06-10,MSFT,244.77621459960935,-0.044563765040762204,260.41832275390624,267.2443621826172,0.01998508792207668,0
2022-06-13,MSFT,234.3945770263672,-0.04241277115190234,257.42090301513673,265.980114440918,0.019639655667593063,1
2022-06-14,MSFT,236.55221557617188,0.009205155584985913,254.7718032836914,264.73759002685546,0.020671941668296962,1
2022-06-15,MSFT,243.58615112304688,0.02973523426843583,252.77287750244142,263.52859771728515,0.024091520591167703,0
2022-06-16,MSFT,237.01661682128903,-0.026970064888620304,249.90801391601562,262.2671752929688,0.024121111202517947,1
2022-06-17,MSFT,239.60958862304688,0.010940042249075521,247.74365234375,261.2773107910156,0.024977728061796826,1
2022-06-21,MSFT,245.50184631347656,0.024591076360050756,246.2913833618164,260.36919036865237,0.027079359171337823,0
2022-06-22,MSFT,244.91168212890625,-0.002403909353157152,244.41727142333986,259.53421112060545,0.02626228584339806,1
2022-06-23,MSFT,250.4556121826172,0.022636445944595573,243.29976501464844,259.0361785888672,0.027879512745194956,1
2022-06-24,MSFT,259.00860595703125,0.03414973894926243,243.58131103515626,258.770986328125,0.0295665934685394,0
2022-06-27,MSFT,256.28985595703125,-0.010496755464762586,244.73267517089843,258.3440783691406,0.0253295589773156,0
2022-06-28,MSFT,248.15289306640625,-0.03174906341977579,246.10850677490234,257.9048217773437,0.02325610584535795,1
2022-06-29,MSFT,251.8101959228516,0.014738102833508515,247.63430480957032,257.52539215087893,0.0234071188029033,0
2022-06-30,MSFT,248.4915313720703,-0.013179230247682416,248.12484283447264,256.98730712890625,0.02259728628410566,1
2022-07-01,MSFT,251.1522216796875,0.010707368146213758,249.5384033203125,256.48197082519533,0.020202661781259828,1
2022-07-05,MSFT,254.3160858154297,0.01259739656923009,251.0090530395508,256.14705780029294,0.02025448309012963,1
2022-07-06,MSFT,257.5670471191406,0.012783152482420457,252.2155731201172,256.0080587768555,0.019386119838621936,1
2022-07-07,MSFT,259.6858825683594,0.008226345229010112,253.6929931640625,255.78228057861327,0.019227141722230726,0
2022-07-08,MSFT,258.96990966796875,-0.0027570728655307297,254.54442291259767,255.7448928833008,0.01845318030465687,0
2022-07-11,MSFT,255.92218017578125,-0.01176866260676801,254.23578033447265,255.39557525634766,0.015447897665115128,0
2022-07-12,MSFT,245.4341583251953,-0.04098129299845055,253.15021057128905,254.7127490234375,0.019881999182424986,0
2022-07-13,MSFT,244.5149688720703,-0.0037451569879164426,252.78641815185546,254.24533111572265,0.01737502424987067,1
2022-07-14,MSFT,245.83084106445312,0.005381560885424852,252.18848266601563,253.67005645751954,0.0166499313128965,1
2022-07-15,MSFT,248.3851318359375,0.010390440680364765,252.17784271240234,253.1977993774414,0.016602784939009612,0
2022-07-18,MSFT,245.99530029296875,-0.009621475831924076,251.66215057373046,252.51943756103515,0.01640075287862885,1
2022-07-19,MSFT,251.10385131835935,0.02076686432345065,251.34092712402344,252.1870785522461,0.017380093528627332,1
2022-07-20,MSFT,253.75494384765625,0.010557753357337996,250.959716796875,251.95832366943358,0.017195380925312444,1
2022-07-21,MSFT,256.2414855957031,0.00979898838755111,250.6152770996094,251.97525146484375,0.01729962204330038,0
2022-07-22,MSFT,251.90689086914065,-0.01691605368461524,249.90897521972656,251.8105041503906,0.018006408263191134,0
2022-07-25,MSFT,250.4265899658203,-0.005876381143099851,249.35941619873046,251.7889370727539,0.017768375581727263,0
2022-07-26,MSFT,243.7216033935547,-0.026774259766827346,249.18816070556642,251.73365936279296,0.014591362528691398,1
2022-07-27,MSFT,260.014892578125,0.06685205151166018,250.73815307617187,251.8928530883789,0.025729779508687912,1
2022-07-28,MSFT,267.4358825683594,0.028540634410025634,252.8986572265625,252.19313079833984,0.026648199312128636,1
2022-07-29,MSFT,271.625244140625,0.01566491950157345,255.22266845703126,252.4744888305664,0.02673585032255165,0
2022-08-01,MSFT,268.9839172363281,-0.009724158417799389,257.5215301513672,252.93755035400392,0.026743943012687267,0
2022-08-02,MSFT,265.8974914550781,-0.011474387810845532,259.0008941650391,253.3570736694336,0.027146875761297925,1
2022-08-03,MSFT,273.299072265625,0.027836219025771936,260.95530700683594,253.9358511352539,0.02800104257611456,1
2022-08-04,MSFT,274.44073486328125,0.004177337991643881,262.7752319335938,254.38091583251952,0.02801271827286938,0
2022-08-05,MSFT,273.7248229980469,-0.002608621003696965,264.9570251464844,254.83159332275392,0.02698907353481693,0
2022-08-08,MSFT,271.2188415527344,-0.009155112122696929,267.03625030517577,255.17603424072266,0.02720436322227112,1
2022-08-09,MSFT,273.1346130371094,0.007063563406609852,269.97755126953126,255.49338409423828,0.024301936524510216,1
2022-08-10,MSFT,279.7718505859375,0.024300243294050672,271.9532470703125,255.80144561767577,0.015820789271120152,0
2022-08-11,MSFT,277.7013854980469,-0.0074005482808737755,272.97979736328125,256.09460906982423,0.014530009551145846,1
2022-08-12,MSFT,282.43267822265625,0.017037339284872388,274.0605407714844,256.4717544555664,0.01465972025391858,1
2022-08-15,MSFT,283.9419860839844,0.00534395619807948,275.55634765625,256.83728912353513,0.01384340651192988,0
2022-08-16,MSFT,283.2066650390625,-0.002589687615639824,277.2872650146484,257.27635833740237,0.012883949248303503,0
2022-08-17,MSFT,282.4600830078125,-0.002636173944377429,278.2033660888672,257.72506927490235,0.010662906620540829,0
2022-08-18,MSFT,281.3450622558594,-0.003947533896045408,278.893798828125,258.07891448974607,0.010900045050942365,0
2022-08-19,MSFT,277.4472961425781,-0.01385404130439849,279.26604614257815,258.395246887207,0.012013538120060485,0
2022-08-22,MSFT,269.3027648925781,-0.02935523742071211,279.0744384765625,258.65743927001955,0.015250683476393663,0
2022-08-23,MSFT,268.0325927734375,-0.004716520900360122,278.5642364501953,259.1225668334961,0.015046220670039103,0
2022-08-24,MSFT,267.40234375,-0.0023513894967626126,277.32728576660156,259.78272216796876,0.01195602225898938,1
2022-08-25,MSFT,270.3692932128906,0.011095450478416424,276.5940765380859,260.4590637207031,0.01284588881555928,0
2022-08-26,MSFT,259.9366149902344,-0.03858677181377057,274.34447021484374,260.78607299804685,0.01522228356984473,0
2022-08-29,MSFT,257.1635131835937,-0.010668377007005625,271.6666229248047,261.18901092529296,0.014467447983651403,0
2022-08-30,MSFT,254.97222900390625,-0.008520976216882858,268.8431793212891,261.49626373291017,0.014260882955528752,0
2022-08-31,MSFT,253.51792907714844,-0.005703758140403359,265.94896392822267,261.6565853881836,0.014108598571770943,0
2022-09-01,MSFT,252.48040771484372,-0.004092496992545991,263.06249847412107,261.80795989990236,0.014101006704063496,0
2022-09-02,MSFT,248.27243041992188,-0.016666549824628007,260.14501190185547,261.76429626464846,0.01419915701347776,0
2022-09-06,MSFT,245.54786682128903,-0.010974088399684945,257.76952209472654,261.4950814819336,0.012658991658276744,1
2022-09-07,MSFT,250.2407073974609,0.019111713886674986,255.9903335571289,261.3740985107422,0.015502838401402175,1
2022-09-08,MSFT,250.6576232910156,0.0016660594428887787,254.31586151123048,261.4241931152344,0.01568012037836495,1
2022-09-09,MSFT,256.4169311523437,0.022976791153251686,252.92062530517578,261.5163278198242,0.017492903945538263,1
2022-09-12,MSFT,258.5403747558594,0.008281214481324906,252.78100128173827,261.7173046875,0.013318094453771903,0
2022-09-13,MSFT,244.3262176513672,-0.054978481089905884,251.4972717285156,261.5807846069336,0.021777012655913405,1
2022-09-14,MSFT,244.5491943359375,0.0009126187386425677,250.45496826171876,261.38544677734376,0.021806555398522248,0
2022-09-15,MSFT,237.91722106933597,-0.027119178554688594,248.8948974609375,260.99245025634764,0.023016292081556824,0
2022-09-16,MSFT,237.2966766357422,-0.002608236725381574,247.37652435302735,260.5446661376953,0.023035370000631272,0
2022-09-19,MSFT,237.08338928222656,-0.0008988214944241069,246.25762023925782,260.1069357299805,0.022757516580270244,0
2022-09-20,MSFT,235.07632446289065,-0.008465649261267583,245.21046600341796,259.69001861572264,0.022690275125708526,0
2022-09-21,MSFT,231.68276977539065,-0.014435969659019054,243.35467224121095,259.41499084472656,0.021313331272312445,1
2022-09-22,MSFT,233.65106201171875,0.008495634950481223,241.65401611328124,259.19771270751954,0.02174358389376845,0
2022-09-23,MSFT,230.68409729003903,-0.012698271927952587,239.0807327270508,258.89477783203125,0.019081850952638854,0
2022-09-26,MSFT,230.22840881347656,-0.00197537880554266,236.2495361328125,258.53164337158205,0.01822548466189321,0
2022-09-27,MSFT,229.22003173828125,-0.004379898555491812,234.7389175415039,258.1961380004883,0.009896019324561262,1
2022-09-28,MSFT,233.73828125,0.019711407757231347,233.65782623291017,257.8488265991211,0.012785685619157888,0
2022-09-29,MSFT,230.2769012451172,-0.014808785220682852,232.89379425048827,257.3792657470703,0.010797184186977685,0
2022-09-30,MSFT,225.8167724609375,-0.019368546128871733,231.7458038330078,256.770771484375,0.011934912151022822,1
2022-10-03,MSFT,233.4183349609375,0.03366252390005675,231.3792984008789,256.40100036621095,0.01710222427923851,1
2022-10-04,MSFT,241.3107452392578,0.0338122979055655,232.00274047851562,256.2186834716797,0.02012692495528736,1
2022-10-05,MSFT,241.6210784912109,0.0012860316337981459,232.99657135009767,256.17667297363283,0.019224654542077703,0
2022-10-06,MSFT,239.2843017578125,-0.009671245356532077,233.55989532470704,255.76206115722655,0.01964561790276126,0
2022-10-07,MSFT,227.1160430908203,-0.05085272446877054,233.20308990478514,254.95566436767578,0.025707441374273405,0
2022-10-10,MSFT,222.2778167724609,-0.02130288222934862,232.40803070068358,253.9687158203125,0.026482202874563054,0
2022-10-11,MSFT,218.55455017089844,-0.016750509140432412,231.34148254394532,252.9601284790039,0.02683054379857511,1
2022-10-12,MSFT,218.8842315673828,0.0015084627440911103,229.8560775756836,252.01986328125,0.02560010793278795,1
2022-10-13,MSFT,227.1160430908203,0.03760806095757219,229.5399917602539,251.0962026977539,0.028816778601487843,0
2022-10-14,MSFT,221.60877990722656,-0.024248675296757782,229.11919250488282,250.0395635986328,0.029201045497972058,1
2022-10-17,MSFT,230.3059844970703,0.03924575819371734,228.8079574584961,249.1711868286133,0.02999064422159765,1
2022-10-18,MSFT,231.2464904785156,0.00408372358842124,227.80153198242186,248.3717398071289,0.02753642237730612,0
2022-10-19,MSFT,229.2879180908203,-0.008469630754795121,226.5682159423828,247.49480590820312,0.027504700440924786,0
2022-10-20,MSFT,228.9679412841797,-0.0013955240612105735,225.53657989501954,246.47872772216797,0.027469166348011307,1
2022-10-21,MSFT,234.75636291503903,0.025280489479857504,226.3006118774414,245.6198272705078,0.023291099236004302,1
2022-10-24,MSFT,239.7303771972656,0.021187984940909566,228.04586791992188,244.76578125,0.02209740908556143,1
2022-10-25,MSFT,243.03663635253903,0.013791573658405554,230.49407653808595,243.94767425537108,0.02036948340682221,0
2022-10-26,MSFT,224.28482055664065,-0.07715633361835106,231.0341354370117,242.76923736572266,0.03460046412036166,0
2022-10-27,MSFT,219.8538055419922,-0.019756196623790023,230.30791168212892,241.51711181640624,0.032939266055719466,1
2022-10-28,MSFT,228.69647216796875,0.04022066665699642,231.0166809082031,240.46414001464845,0.034533073170737526,0
2022-10-31,MSFT,225.0702209472656,-0.015856174720700555,230.49310455322265,239.41659851074218,0.03257210346199268,0
2022-11-01,MSFT,221.23065185546875,-0.017059427389536697,229.49152069091798,238.45515625,0.0328324236683716,0
2022-11-02,MSFT,213.4060821533203,-0.03536837972732765,227.90333709716796,237.36262603759766,0.03431486871889646,0
2022-11-03,MSFT,207.7339630126953,-0.026578994766184305,225.77993927001953,236.16925842285156,0.03481009462032496,1
2022-11-04,MSFT,214.6568145751953,0.033325564400256136,223.76998443603514,235.05500885009766,0.035773355458689454,1
2022-11-07,MSFT,220.93972778320312,0.02926957255208351,221.89091949462892,234.27507110595704,0.03659599338918534,1
2022-11-08,MSFT,221.9093475341797,0.00438861657296874,219.77819061279297,233.56998779296876,0.036105171899762735,0
2022-11-09,MSFT,217.68191528320312,-0.01905026668750598,219.1179000854492,232.8241815185547,0.02746159121318779,1
2022-11-10,MSFT,235.59022521972656,0.08226824866560367,220.69154205322266,232.46562744140624,0.037511665458168746,1
2022-11-11,MSFT,239.5946502685547,0.01699741593732651,221.78135986328124,232.20791229248047,0.03595112529626824,0
2022-11-14,MSFT,234.20372009277344,-0.022500210959379596,222.69470977783203,231.9265380859375,0.03644222562075037,1
2022-11-15,MSFT,234.6109161376953,0.001738640380095413,224.0327362060547,231.70779907226563,0.035679436284918854,1
2022-11-16,MSFT,235.03875732421875,0.0018236201177967981,226.19600372314454,231.4037600708008,0.03264552791218323,0
2022-11-17,MSFT,234.9901123046875,-0.00020696594929725531,228.92161865234374,231.0904098510742,0.0303302428851222,0
2022-11-18,MSFT,234.5428466796875,-0.001903338062241855,230.91022186279298,230.6529281616211,0.029721815087206494,1
2022-11-21,MSFT,235.34988403320312,0.003440895192245108,232.35123748779296,230.18911834716798,0.028902917128380362,1
2022-11-22,MSFT,238.2473907470703,0.012311485623925034,233.98504180908202,230.06754180908203,0.028941093350692594,1
2022-11-23,MSFT,240.7268218994141,0.010406960364052864,236.28953247070314,229.99109436035155,0.02739731741179296,0
2022-11-25,MSFT,240.6393280029297,-0.00036345719930186426,236.79444274902343,230.04553649902343,0.010696574197985385,0
2022-11-28,MSFT,235.0679168701172,-0.023152537779463356,236.34176940917968,230.00096130371094,0.011973530011993794,0
2022-11-29,MSFT,233.67747497558597,-0.0059150645185641615,236.28914489746094,229.93284301757814,0.00973287781532069,1
2022-11-30,MSFT,248.0775451660156,0.06162369818457725,237.63580780029298,230.19286743164062,0.021884014450798,0
2022-12-01,MSFT,247.63999938964844,-0.001763745993513255,238.89593200683595,230.5120120239258,0.021985726130536083,1
2022-12-02,MSFT,247.96087646484372,0.001295740090397901,240.19300842285156,230.7982083129883,0.021947884771453707,0
2022-12-05,MSFT,243.27430725097656,-0.018900438168646394,241.06615447998047,231.05001251220702,0.023214943065820778,0
2022-12-06,MSFT,238.33493041992188,-0.020303734031226428,241.36465911865236,231.21214294433594,0.024448479318291316,0
2022-12-07,MSFT,237.605712890625,-0.003059633466282352,241.3004913330078,231.3798565673828,0.024176578718551587,1
2022-12-08,MSFT,240.5517578125,0.012398880843538906,241.2829849243164,231.5161260986328,0.02427995502834701,0
2022-12-09,MSFT,238.6266326904297,-0.008002955952501778,241.08171539306642,231.68312072753906,0.024418950750184874,1
2022-12-12,MSFT,245.5203399658203,0.02888909422081909,242.12695770263673,232.0771920776367,0.024618039826039214,1
2022-12-13,MSFT,249.80825805664065,0.01746461450573622,243.7400360107422,232.4049905395508,0.02461588781577482,1
2022-12-14,MSFT,250.09999084472656,0.0011678268378931822,243.9422805786133,232.58077545166014,0.015398115172165943,0
2022-12-15,MSFT,242.11721801757807,-0.03191832514741899,243.39000244140624,232.5906982421875,0.018601237261337885,0
2022-12-16,MSFT,237.9167938232422,-0.017348721535495715,242.3855941772461,232.5633480834961,0.01914970544401614,0
2022-12-19,MSFT,233.79421997070312,-0.01732779677420282,241.43758544921874,232.69691162109376,0.019019402833516448,1
2022-12-20,MSFT,235.1068115234375,0.005614302838191865,241.11477355957032,232.95349151611327,0.018272419377968623,1
2022-12-21,MSFT,237.66400146484372,0.010876715671639836,241.1206024169922,233.3356805419922,0.01864355851634713,0
2022-12-22,MSFT,231.59674072265625,-0.02552873260061206,240.2251007080078,233.58993072509764,0.019709364374815554,1
2022-12-23,MSFT,232.12176513671875,0.00226697669589071,239.57461395263672,233.69004516601564,0.019722670960790733,0
2022-12-27,MSFT,230.4007873535156,-0.007414116389255931,238.06265869140626,233.8658853149414,0.016336076067351244,0
2022-12-28,MSFT,228.0380401611328,-0.010254944089047369,235.88563690185546,233.82052642822265,0.014065644736967498,1
2022-12-29,MSFT,234.3386688232422,0.027629726416072087,234.30950469970702,233.8823699951172,0.018099126222850877,0
2022-12-30,MSFT,233.18161010742188,-0.004937549238589689,233.41594390869142,233.9602438354492,0.01571677015110143,0
2023-01-03,MSFT,232.94825744628903,-0.0010007335528103845,232.9190902709961,234.0398501586914,0.014964928298489324,0
2023-01-04,MSFT,222.75836181640625,-0.04374317173088227,231.8155044555664,233.79989013671874,0.019587164811112324,0
2023-01-05,MSFT,216.1563262939453,-0.029637655209110547,229.9204559326172,233.32840911865233,0.020676690898693968,1
2023-01-06,MSFT,218.70376586914065,0.011785172420681889,228.02443237304686,232.84175170898436,0.020771473008402326,1
2023-01-09,MSFT,220.83316040039065,0.009736432853763022,226.9480743408203,232.7727185058594,0.020472034279339493,1
2023-01-10,MSFT,222.5152740478516,0.007617124368510142,225.9874252319336,232.82594787597657,0.02073836428281038,1
2023-01-11,MSFT,229.2437286376953,0.030238169575706353,225.87171936035156,232.83689300537108,0.023312368980821997,1
2023-01-12,MSFT,231.9078369140625,0.011621291854738702,226.25869903564453,232.97364532470704,0.023296317392885374,1
2023-01-13,MSFT,232.6079559326172,0.0030189536838038933,226.08562774658202,233.20119140625,0.021511366139254376,1
2023-01-17,MSFT,233.69696044921875,0.004681716548496029,226.1371627807617,233.60700897216796,0.02150745635711369,0
2023-01-18,MSFT,229.2826385498047,-0.01888908563863534,225.77060089111328,234.03798248291017,0.02236658908223998,0
2023-01-19,MSFT,225.50997924804688,-0.016454186525502346,226.04576263427734,234.25504577636718,0.017823994806721415,1
2023-01-20,MSFT,233.570556640625,0.03574377249049365,227.7871856689453,234.50766235351563,0.017164650540074683,1
2023-01-23,MSFT,235.86520385742188,0.00982421436074854,229.50332946777343,234.78677947998048,0.01712661840781128,0
2023-01-24,MSFT,235.34014892578125,-0.002226080502989336,230.9540283203125,235.13994415283204,0.017385468058441933,0
2023-01-25,MSFT,233.9497528076172,-0.005908027697401286,232.09747619628905,235.10713470458984,0.017811308815612548,1
2023-01-26,MSFT,241.13519287109372,0.030713603999339645,233.2866226196289,235.13794555664063,0.01788614968594276,1
2023-01-27,MSFT,241.29074096679688,0.0006450659227759115,234.22491302490235,235.2796859741211,0.017785677186428105,0
2023-01-30,MSFT,235.9916534423828,-0.021961420911477236,234.56328277587892,235.30730072021484,0.019616741854193976,1
2023-01-31,MSFT,240.950439453125,0.02101254827621646,235.28863067626952,235.42553436279297,0.020557441597892166,1
2023-02-01,MSFT,245.7537078857422,0.019934673883637455,236.93573760986328,235.64080627441408,0.01955329841342295,1
2023-02-02,MSFT,257.2757263183594,0.046884413389905344,240.11231231689453,236.0954638671875,0.021249049447276243,0
2023-02-03,MSFT,251.1986846923828,-0.023620734505114926,241.8751251220703,236.4124398803711,0.022584271786359404,0
2023-02-06,MSFT,249.66241455078125,-0.006115757108692166,243.25484619140624,236.64074035644532,0.02296367524881768,1
2023-02-07,MSFT,260.1537475585937,0.042022076197130165,245.7362060546875,237.0292788696289,0.02535478041227951,0
2023-02-08,MSFT,259.3467712402344,-0.0031019207908107305,248.27590789794922,237.403427734375,0.025169575009289687,0
2023-02-09,MSFT,256.3227233886719,-0.011660248697529796,249.79466094970704,237.8285238647461,0.02498103964333678,0
2023-02-10,MSFT,255.8172607421875,-0.0019719775125747185,251.2473129272461,238.2713195800781,0.025061651045646543,1
2023-02-13,MSFT,263.8097229003906,0.031242857245109557,254.02911987304688,238.58596313476562,0.024059973314978604,1
2023-02-14,MSFT,264.6361389160156,0.003132621521827028,256.39768981933594,238.92588592529296,0.02393546519191805,0
2023-02-15,MSFT,262.5209045410156,-0.007992991371716163,258.0744094848633,239.2170864868164,0.02423275488978634,0
2023-02-16,MSFT,255.5319366455078,-0.026622519481742324,257.9000305175781,239.46223907470704,0.021774210250510226,0
2023-02-17,MSFT,251.5451812744141,-0.015601789050049053,257.93468017578124,239.72644409179688,0.020959251416336085,0
2023-02-21,MSFT,246.291259765625,-0.02088659175330221,257.5975646972656,239.90015502929688,0.021960772771483127,0
2023-02-22,MSFT,245.1605529785156,-0.004590933467088498,256.09824523925784,239.9923309326172,0.015887693722142417,1
2023-02-23,MSFT,248.3382873535156,0.012961850250347906,254.99739685058594,240.1865640258789,0.01696684376685307,0
2023-02-24,MSFT,242.92837524414065,-0.021784446397803303,253.6579620361328,240.13472473144532,0.01774571123122898,1
2023-02-27,MSFT,243.8446044921875,0.003771602420368003,252.4606964111328,240.01545166015626,0.01795393462116445,0
2023-02-28,MSFT,243.12332153320312,-0.002957961528353148,250.39205627441407,239.87591827392578,0.012908124069666564,0
2023-03-01,MSFT,240.0528564453125,-0.012629249504027107,247.93372802734376,239.83463104248048,0.012339761962994963,1
2023-03-02,MSFT,244.77066040039065,0.019653188155888124,246.15870361328126,239.97170837402345,0.015452451602772636,1
2023-03-03,MSFT,248.84510803222656,0.016645980466658106,245.49002075195312,240.27272613525392,0.015364148580384675,1
2023-03-06,MSFT,250.38525390625,0.0061891748091909005,245.37402801513673,240.57829498291017,0.014842495590117478,0
2023-03-07,MSFT,247.73388671875,-0.010589150703310679,245.5182907104492,240.77969268798827,0.013562383870443447,0
2023-03-08,MSFT,247.29525756835935,-0.001770565812373559,245.73176116943358,241.09366302490236,0.013469903451253694,0
2023-03-09,MSFT,245.9501037597656,-0.00543946463761813,245.4929428100586,241.3702297973633,0.012890949947111142,0
2023-03-10,MSFT,242.31423950195312,-0.014782934433578587,245.43152923583983,241.60849884033203,0.011771614577706549,1
2023-03-13,MSFT,247.5096893310547,0.021440959638938883,245.79803771972655,241.99793182373048,0.013614350439609358,1
2023-03-14,MSFT,254.20628356933597,0.027055887211446805,246.90633392333984,242.39528411865234,0.015658649423593563,1
2023-03-15,MSFT,258.73895263671875,0.01783067280532613,248.77494354248046,242.90643096923827,0.014883027421493117,1
2023-03-16,MSFT,269.2272644042969,0.040536268933206276,251.2206039428711,243.63201110839844,0.01791483691034123,1
2023-03-17,MSFT,272.3757019042969,0.01169434866474739,253.57366333007812,244.62435791015625,0.01776972158865112,0
2023-03-20,MSFT,265.35748291015625,-0.025766685299287717,255.07088623046874,245.60838104248046,0.020961364353658554,1
2023-03-21,MSFT,266.8683166503906,0.005693578804204735,256.9843292236328,246.57167205810546,0.020144226334341032,0
2023-03-22,MSFT,265.4159545898437,-0.005442242371729744,258.79639892578126,247.46332794189453,0.02036722447243087,1
2023-03-23,MSFT,270.650390625,0.019721632948724865,261.2664276123047,248.4260302734375,0.02017427751004158,1
2023-03-24,MSFT,273.4869384765625,0.010480486819221646,264.3836975097656,249.31089447021483,0.01824349244681843,0
2023-03-27,MSFT,269.4026794433594,-0.014934018626096668,266.57299652099607,250.06079132080077,0.019785032442349307,0
2023-03-28,MSFT,268.28179931640625,-0.004160612393570462,267.9805480957031,250.77426818847655,0.019012350614662346,1
2023-03-29,MSFT,273.4284362792969,0.019183697798376587,269.4494964599609,251.56889770507811,0.019113879446605968,1
2023-03-30,MSFT,276.8790588378906,0.0126198379566822,270.2146759033203,252.52082611083983,0.015071995154631982,1
2023-03-31,MSFT,281.021728515625,0.014962018778602815,271.07927856445315,253.63106109619142,0.015317058280479374,0
2023-04-03,MSFT,279.9787902832031,-0.003711236984879185,272.5414093017578,254.55922576904297,0.011878948263254101,0
2023-04-04,MSFT,279.9300231933594,-0.00017418137207614315,273.8475799560547,255.44052215576173,0.012009310275164735,0
2023-04-05,MSFT,277.1617126464844,-0.009889294886253785,275.02215576171875,256.2769534301758,0.012505070511085292,1
2023-04-06,MSFT,284.2384948730469,0.02553304408097956,276.38096618652344,257.28272827148436,0.013398808716146517,0
2023-04-10,MSFT,282.0842590332031,-0.0075789728650439425,277.2406982421875,258.1017095947266,0.013788107130282402,0
2023-04-11,MSFT,275.6898193359375,-0.022668544920519507,277.8694122314453,258.78969116210936,0.015074379216417204,1
2023-04-12,MSFT,276.3331298828125,0.0023334577548947966,278.67454528808594,259.59652069091794,0.014898647711035115,1
2023-04-13,MSFT,282.5229187011719,0.02239973477296897,279.58399353027346,260.4279702758789,0.015314257822330023,0
2023-04-14,MSFT,278.9162902832031,-0.01276579059337668,279.7877166748047,261.09122192382813,0.01571177433503878,1
2023-04-17,MSFT,281.5091247558594,0.00929610267662584,279.8364562988281,261.5758898925781,0.015241202433576562,0
2023-04-18,MSFT,281.0899658203125,-0.0014889710445812332,279.94757385253905,262.17371551513673,0.015192707016796337,1
2023-04-19,MSFT,281.1679992675781,0.00027761022005146074,280.0713714599609,262.8038272094727,0.015191152221354396,0
2023-04-20,MSFT,278.8870544433594,-0.008112391275537867,280.24390563964846,263.17849334716794,0.015065415527018735,0
2023-04-21,MSFT,278.5458679199219,-0.0012233860195428603,279.6746429443359,263.5624752807617,0.012289719807958564,0
2023-04-24,MSFT,274.6566467285156,-0.013962587994751141,278.9318817138672,263.9291537475586,0.012770787088127525,0
2023-04-25,MSFT,268.46697998046875,-0.022536016592982877,278.2095977783203,264.18214813232424,0.012747685072953966,1
2023-04-26,MSFT,287.9132995605469,0.0724346792350139,279.36761474609375,264.66421966552736,0.027026579827531393,1
2023-04-27,MSFT,297.1344909667969,0.03202766742739804,280.8287719726562,265.31418670654296,0.027895315758344353,1
2023-04-28,MSFT,299.5031433105469,0.007971650601863889,282.8874572753906,266.05383148193357,0.027156278645052122,0
2023-05-01,MSFT,297.8460693359375,-0.005532743183570554,284.5211517333984,266.9001141357422,0.027448683530772896,0
2023-05-02,MSFT,297.6997985839844,-0.0004910951226559934,286.1821350097656,267.8232064819336,0.027420290413905472,0
2023-05-03,MSFT,296.7153015136719,-0.0033070128867915827,287.736865234375,268.83168731689454,0.027527869804192653,1
2023-05-04,MSFT,297.6997985839844,0.003317985507623522,289.6181396484375,269.8824722290039,0.02712371782402119,1
2023-05-05,MSFT,302.8075561523437,0.017157410225517422,292.0443084716797,270.97185760498047,0.027137121603126372,0
2023-05-08,MSFT,300.8580017089844,-0.0064382622023424485,294.66444396972656,272.13045013427734,0.02653635360828945,0
2023-05-09,MSFT,299.2497253417969,-0.005345632684029988,297.7427185058594,273.23855255126955,0.02472852302802336,1
2023-05-10,MSFT,304.42559814453125,0.017296165591539348,299.3939483642578,274.46459808349607,0.01284387364902111,0
2023-05-11,MSFT,302.2811889648437,-0.007044115845571741,299.9086181640625,275.7091647338867,0.009419864986520974,0
2023-05-12,MSFT,301.169921875,-0.003676269415404887,300.07529602050784,276.8371499633789,0.009285408308960096,1
2023-05-15,MSFT,301.6475830078125,0.0015860187160747774,300.4554473876953,277.8931994628906,0.009032987644015973,1
2023-05-16,MSFT,303.8700256347656,0.007367679212916478,301.0724700927734,278.96289489746096,0.009199635981729458,1
2023-05-17,MSFT,306.7420349121094,0.009451439875796552,302.0751434326172,280.14305786132815,0.009252322948870757,1
2023-05-18,MSFT,311.1575622558594,0.0143949209472225,303.42091979980466,281.4203039550781,0.009887066460193075,0
2023-05-19,MSFT,310.9817810058594,-0.0005649268130448748,304.23834228515625,282.7209375,0.008900272596355898,1
2023-05-22,MSFT,313.7560729980469,0.00892107564376965,305.5281494140625,284.1497741699219,0.008462030863159102,0
2023-05-23,MSFT,307.9729919433594,-0.018431774083058183,306.4004760742188,285.35904022216795,0.010798241945027862,0
2023-05-24,MSFT,306.5954895019531,-0.00447280273738937,306.6174652099609,286.4068243408203,0.009720797688219002,1
2023-05-25,MSFT,318.38653564453125,0.038457989586643926,308.2279998779297,287.5997760009766,0.014922990834482265,1
2023-05-26,MSFT,325.19549560546875,0.021385828854708633,310.63055725097655,288.719140625,0.015345876501865783,0
2023-05-30,MSFT,323.55426025390625,-0.0050469190801881725,312.82122497558595,289.7427117919922,0.015781916980785873,0
2023-05-31,MSFT,320.7994689941406,-0.008514155423587466,314.51416931152346,290.8515515136719,0.016538158464332795,1
2023-06-01,MSFT,324.8926086425781,0.012759184612341823,316.3292266845703,292.0120373535156,0.016657330014927214,1
2023-06-02,MSFT,327.6473999023437,0.00847908258447383,317.97821044921875,293.2566662597656,0.01642510288719658,1
2023-06-05,MSFT,328.1749572753906,0.0016101375234602866,319.69752807617186,294.40715759277344,0.01635309212509433,0
2023-06-06,MSFT,325.9671630859375,-0.006727491359434956,320.91863708496095,295.4567620849609,0.01673517491269375,0
2023-06-07,MSFT,315.9052734375,-0.0308678013858249,321.711865234375,296.3868139648437,0.018904621515844728,1
2023-06-08,MSFT,317.7418212890625,0.005813603019595881,322.8264984130859,297.3760144042969,0.018749806292692954,1
2023-06-09,MSFT,319.23638916015625,0.004703717833020482,322.91148376464844,298.29217346191405,0.0143190269443441,1
2023-06-12,MSFT,324.17950439453125,0.015484184767843301,322.8098846435547,299.23818237304687,0.013451466911148064,1
2023-06-13,MSFT,326.5630798339844,0.0073526407658155435,323.1107666015625,300.14900939941407,0.013529443177506694,1
2023-06-14,MSFT,329.54254150390625,0.009123694177053165,323.9850738525391,301.1402844238281,0.01329766039122233,1
2023-06-15,MSFT,340.0538635253906,0.03189670739782091,325.50119934082034,302.34276123046874,0.015997528533854284,0
2023-06-16,MSFT,334.417236328125,-0.016575689330007415,326.1781829833984,303.48787170410156,0.017250534743044416,0
2023-06-20,MSFT,330.2361755371094,-0.01250252779110117,326.3843048095703,304.4078253173828,0.017868663960131724,0
2023-06-21,MSFT,325.84991455078125,-0.013282194112120282,326.37257995605466,305.2831384277344,0.018289520667505013,1
2023-06-22,MSFT,331.8578186035156,0.018437641946344785,327.96783447265625,306.40649841308596,0.015431849409231063,0
2023-06-23,MSFT,327.2761535644531,-0.013806108466398404,328.9212677001953,307.42535888671875,0.016531333874556953,0
2023-06-26,MSFT,321.004638671875,-0.019162761552509622,329.0980926513672,308.1949932861328,0.017934637998641284,1
2023-06-27,MSFT,326.83660888671875,0.0181678689721525,329.3638031005859,309.1533996582031,0.01819863774713349,1
2023-06-28,MSFT,328.0870056152344,0.0038257548099485117,329.5161956787109,310.08495727539065,0.01809496952878178,0
2023-06-29,MSFT,327.305419921875,-0.0023822512930486983,329.2924835205078,311.0092663574219,0.01785787941843095,1
2023-06-30,MSFT,332.66864013671875,0.0163859804586306,328.5539611816406,312.0392791748047,0.015204079422011985,0
2023-07-03,MSFT,330.1775817871094,-0.007488106930023886,328.12999572753904,313.06508972167967,0.014497171535142715,1
2023-07-05,MSFT,330.3338623046875,0.0004733226184898687,328.1397644042969,314.100849609375,0.013941248992751575,1
2023-07-06,MSFT,333.3817138671875,0.00922657925904291,328.8929443359375,315.2753509521484,0.013341710690421824,0
2023-07-07,MSFT,329.42535400390625,-0.01186735714262177,328.6496978759766,316.4945184326172,0.012712947438137482,0
2023-07-10,MSFT,324.1599426269531,-0.015983625161075765,328.33807678222655,317.2194512939453,0.012978951602686875,1
2023-07-11,MSFT,324.7851867675781,0.0019288137070796463,328.71613159179685,317.77246520996096,0.011280478020395262,1
2023-07-12,MSFT,329.4057922363281,0.014226650897279258,328.9730499267578,318.3705181884766,0.010675520310345516,1
2023-07-13,MSFT,334.73956298828125,0.016192097642674375,329.6383056640625,319.10838806152344,0.011725159458140202,1
2023-07-14,MSFT,337.2599182128906,0.007529301891027407,330.6337554931641,319.89959045410154,0.011725792234682073,1
2023-07-17,MSFT,337.7386474609375,0.0014194667738272049,331.14075622558596,320.72005737304687,0.010750858291089294,1
2023-07-18,MSFT,351.1805725097656,0.03979978350088831,333.2410552978516,321.7896728515625,0.015622229501410519,0
2023-07-19,MSFT,346.8725280761719,-0.012267319922641629,334.894921875,322.67097229003906,0.016636336513963127,0
2023-07-20,MSFT,338.852294921875,-0.02312155764764301,335.4419799804688,323.43085815429686,0.018739587941953736,0
2023-07-21,MSFT,335.823974609375,-0.008936992187697057,336.08184204101565,324.16234313964844,0.018524042328036942,1
2023-07-24,MSFT,337.13299560546875,0.003897937893255987,337.3791473388672,324.81649108886717,0.017403055899881347,1
2023-07-25,MSFT,342.8673095703125,0.01700905589067392,339.18735961914064,325.6282135009766,0.0178449690172365,0
2023-07-26,MSFT,329.9626159667969,-0.037637573613209185,339.2430419921875,326.2040673828125,0.02208432226626452,0
2023-07-27,MSFT,323.0755615234375,-0.020872226458685805,338.07664184570314,326.632626953125,0.022246942511475448,1
2023-07-28,MSFT,330.5487365722656,0.023131353586724357,337.4055236816406,327.166201171875,0.023598258861539555,0
2023-07-31,MSFT,328.15545654296875,-0.007240324238158569,336.44720458984375,327.5944696044922,0.023627583025115004,1
2023-08-01,MSFT,328.565673828125,0.0012500699804836035,334.1857147216797,327.9426318359375,0.01853226484193281,0
2023-08-02,MSFT,319.9300842285156,-0.026282689542690085,331.49147033691406,328.1215979003906,0.019522206067289032,0
2023-08-03,MSFT,319.1094055175781,-0.002565181429925567,329.5171813964844,328.2286645507813,0.01880823294136954,1
2023-08-04,MSFT,320.2035217285156,0.0034286554768352406,327.95513610839845,328.47327514648435,0.01898652409515547,1
2023-08-07,MSFT,322.4796447753906,0.007108363563861131,326.48980102539065,328.7909582519531,0.019172192138699484,0
2023-08-08,MSFT,318.5135192871094,-0.012298839795124694,324.05442199707034,328.7934979248047,0.01774541653488188,0
2023-08-09,MSFT,314.7818603515625,-0.011715857285740983,322.5363464355469,328.58522521972657,0.014378764407372109,1
2023-08-10,MSFT,315.46563720703125,0.0021722244563429083,321.7753540039063,328.42345275878904,0.01328731226658488,0
2023-08-11,MSFT,313.5900573730469,-0.005945433076609441,320.07948608398436,328.2792645263672,0.00983696202063314,1
2023-08-14,MSFT,316.54998779296875,0.009438852891948457,318.9189392089844,328.112412109375,0.010819236578111815,0
2023-08-15,MSFT,314.4203186035156,-0.006727750028680979,317.50440368652346,327.8478704833984,0.010720383740156597,0
2023-08-16,MSFT,313.6568298339844,-0.0024282424651251855,316.8770782470703,327.5575079345703,0.007450208632913065,0
2023-08-17,MSFT,310.2109375,-0.010986186195302228,315.9872314453125,327.24238342285156,0.007983854751775973,0
2023-08-18,MSFT,309.8193359375,-0.0012623718739769307,314.9488128662109,327.12066467285155,0.007710656160607805,1
2023-08-21,MSFT,315.1056213378906,0.01706247734472277,314.21141052246094,327.0679406738281,0.009607692026023663,1
2023-08-22,MSFT,315.6734924316406,0.0018021611018519401,313.9274078369141,326.99668273925784,0.008986815861750343,1
2023-08-23,MSFT,320.1178894042969,0.01407909463167445,314.4610107421875,326.91545043945314,0.009223181821452882,0
2023-08-24,MSFT,313.23590087890625,-0.021498294075964375,314.238037109375,326.6489068603516,0.011777954570552206,1
2023-08-25,MSFT,316.1825256347656,0.009407046726098267,314.4972839355469,326.38170654296874,0.012008836076497869,1
2023-08-28,MSFT,316.8873596191406,0.002229199678128957,314.53102111816406,325.91837646484373,0.011649525047867522,1
2023-08-29,MSFT,321.4982604980469,0.014550598939787163,315.2388153076172,325.65999694824217,0.012181251842486106,1
2023-08-30,MSFT,321.8702697753906,0.001157111322367621,316.06015930175784,325.4926788330078,0.012079102389617019,0
2023-08-31,MSFT,320.8619079589844,-0.0031328206146840065,317.12525634765626,325.3929187011719,0.01132551786181472,1
2023-09-01,MSFT,321.742919921875,0.002745766764570945,318.31761474609374,325.19062072753906,0.011210976671923027,1
2023-09-05,MSFT,326.530029296875,0.014878678219748753,319.4600555419922,325.1756982421875,0.010942864829566685,0
2023-09-06,MSFT,325.8741455078125,-0.002008647689999088,320.48012084960936,325.27308837890627,0.01107878683104266,0
2023-09-07,MSFT,322.96661376953125,-0.008922253509097589,320.76499328613284,325.1956884765625,0.010965701442924717,1
2023-09-08,MSFT,327.2348937988281,0.013215855284480549,322.164892578125,325.1786462402344,0.00822521531842749,1
2023-09-11,MSFT,330.82763671875,0.010979094797056055,323.62940368652346,325.24909057617185,0.008345434173027456,0
2023-09-12,MSFT,324.7875061035156,-0.018257636136878586,324.41941833496094,325.09146789550783,0.011057609927218425,1
2023-09-13,MSFT,328.9872741699219,0.012930817803895822,325.16831970214844,325.0676617431641,0.01087211491755371,1
2023-09-14,MSFT,331.5716857910156,0.007855658330902182,326.1384613037109,325.0924182128906,0.010995519351583301,0
2023-09-15,MSFT,323.2701416015625,-0.025036951420168818,326.37928466796876,324.89018676757814,0.014102164833807046,0
2023-09-18,MSFT,322.134521484375,-0.0035129137246061592,326.41844482421874,324.7443701171875,0.014146902777572435,0
2023-09-19,MSFT,321.733154296875,-0.0012459614252161577,325.9387573242187,324.6958343505859,0.013175031155830066,0
2023-09-20,MSFT,314.0190124511719,-0.023976832174980034,324.7532440185547,324.48051086425784,0.014993713099393562,0
2023-09-21,MSFT,312.8051147460937,-0.003865682194217235,323.73709411621087,324.14849731445315,0.014878997133441384,0
2023-09-22,MSFT,310.3381652832031,-0.007886538124202369,322.04742126464845,323.66046936035156,0.01376385907747102,1
2023-09-25,MSFT,310.8570251464844,0.001671917673444323,320.05036010742185,323.1324114990234,0.012831214539968541,0
2023-09-26,MSFT,305.57061767578125,-0.017005912825074576,318.12867126464846,322.48905090332033,0.012705273962603136,1
2023-09-27,MSFT,306.2069702148437,0.002082505654184441,315.85064086914065,321.5895788574219,0.011293268624688768,1
2023-09-28,MSFT,307.03912353515625,0.00271761717157748,313.3973846435547,320.79291076660155,0.010635353355704827,1
2023-09-29,MSFT,309.10467529296875,0.0067273243032690555,311.9808380126953,320.1979583740234,0.009537632676870014,1
2023-10-02,MSFT,315.02734375,0.01916072104512101,311.27012023925784,319.78202575683594,0.01212410172245573,0
2023-10-03,MSFT,306.7943420410156,-0.026134244764219328,309.7762390136719,319.17525268554687,0.014278294035605762,1
2023-10-04,MSFT,312.2471008300781,0.01777333556018945,309.5990478515625,318.5628485107422,0.014102305555820859,1
2023-10-05,MSFT,312.6387023925781,0.00125413994704493,309.58240661621096,318.2163702392578,0.014058434836161605,1
2023-10-06,MSFT,320.3724975585937,0.024737164998542838,310.58583984375,318.1623089599609,0.015704567643098598,1
2023-10-09,MSFT,322.8785705566406,0.007822372448148762,311.7879943847656,318.00890563964845,0.015754147167008396,0
2023-10-10,MSFT,321.4786682128906,-0.004335692955207859,313.37879943847656,317.87536987304685,0.014329891917483357,1
2023-10-11,MSFT,325.423828125,0.012271918177466201,315.3004852294922,317.8125329589844,0.014446914146882697,0
2023-10-12,MSFT,324.1903686523437,-0.0037903170144705234,317.01560974121094,317.8977386474609,0.01476428544640702,0
2023-10-13,MSFT,320.8325500488281,-0.010357552007093873,318.1883972167969,317.93220153808596,0.015578783898160727,1
2023-10-16,MSFT,325.63922119140625,0.014981868709538881,319.2495849609375,318.04091552734377,0.015172923897466401,0
2023-10-17,MSFT,325.0714111328125,-0.0017436783459815475,321.07729187011716,318.0927508544922,0.011380131960256399,0
2023-10-18,MSFT,323.1624450683594,-0.00587245140321857,322.1688262939453,318.1857293701172,0.011082725715868692,1
2023-10-19,MSFT,324.3470153808594,0.003665556844791862,323.33965759277345,318.3770324707031,0.011054706664512326,0
2023-10-20,MSFT,319.7948303222656,-0.014034921990105031,323.2818908691406,318.4636163330078,0.009571003210548771,1
2023-10-23,MSFT,322.3890686035156,0.008112195805778821,323.2329406738281,318.6395965576172,0.00959819121426903,1
2023-10-24,MSFT,323.5736389160156,0.003674350118728187,323.44243774414065,318.78006958007813,0.009540446891444619,1
2023-10-25,MSFT,333.500244140625,0.030678040577915677,324.2500793457031,319.1616680908203,0.013125118847203578,0
2023-10-26,MSFT,320.9891967773437,-0.03751435743479048,323.9299621582031,319.3083154296875,0.018258575050984775,1
2023-10-27,MSFT,322.8687438964844,0.005855484041241477,324.1335815429687,319.5614715576172,0.01803815408851825,1
2023-10-30,MSFT,330.2109069824219,0.022740395980514805,324.5907501220703,319.9693029785156,0.018864776790609106,1
2023-10-31,MSFT,330.9940795898437,0.0023717345213660757,325.1830169677734,320.28707214355467,0.01882965040100902,1
2023-11-01,MSFT,338.7865295410156,0.023542565960176898,326.74542541503905,320.7493328857422,0.019744168968583043,1
2023-11-02,MSFT,340.9891967773437,0.006501637592593257,328.4096435546875,321.1667590332031,0.01974469067916977,1
2023-11-03,MSFT,345.3749389648437,0.012861821515019356,330.9676544189453,321.8095397949219,0.018635226836090975,1
2023-11-06,MSFT,349.0263671875,0.010572360095380207,333.6313842773437,322.46641662597654,0.018654826650008362,1
2023-11-07,MSFT,352.94219970703125,0.011219302859796887,336.5682403564453,323.18751342773436,0.018607183365826722,1
2023-11-08,MSFT,355.5559997558594,0.007405745334498892,338.77381591796876,323.8686682128906,0.016960867539639067,0
2023-11-09,MSFT,353.098876953125,-0.00691064924912399,341.9847839355469,324.4932403564453,0.009034225344493687,1
2023-11-10,MSFT,361.8898620605469,0.024896666857960215,345.88689575195315,325.31379943847656,0.010097602383507041,0
2023-11-13,MSFT,358.9627990722656,-0.00808827020357794,348.7620849609375,326.0581970214844,0.010960587091521996,1
2023-11-14,MSFT,362.4772338867188,0.009790526549091405,351.910400390625,326.77714111328123,0.010753535027133053,1
2023-11-15,MSFT,362.6243896484375,0.0004059724251943564,354.2941864013672,327.51214599609375,0.00976318669623321,1
2023-11-16,MSFT,369.00048828125,0.01758320403929292,357.09531555175784,328.4328234863281,0.010329756104228052,0
2023-11-17,MSFT,362.8009643554688,-0.01680085561582223,358.8379180908203,329.14414489746093,0.012746373279526855,1
2023-11-20,MSFT,370.2463684082031,0.02052200733799414,360.9599182128906,329.93251953125,0.013589477104807608,0
2023-11-21,MSFT,365.9595947265625,-0.011578165371535443,362.26165771484375,330.75596130371093,0.014498854916867164,1
2023-11-22,MSFT,370.6484680175781,0.012812543675809529,363.7709045410156,331.58918518066406,0.01475010025512959,0
2023-11-24,MSFT,370.2364196777344,-0.0011116957856256438,365.4846588134766,332.36247985839844,0.014371112197944017,1
2023-11-27,MSFT,371.39398193359375,0.003126548859960776,366.43507080078126,333.32495666503905,0.012526288174337551,1
2023-11-28,MSFT,375.4060974121094,0.010802855387228583,368.07940063476565,334.39038818359376,0.012142811423003207,0
2023-11-29,MSFT,371.6294555664063,-0.010060150518965028,368.9946228027344,335.38831420898435,0.012796828816767745,1
2023-11-30,MSFT,371.6883239746094,0.00015840619552975888,369.90101623535156,336.5417004394531,0.012801719513147894,0
2023-12-01,MSFT,367.3721618652344,-0.011612315563805153,369.73818359375,337.63304138183594,0.012310915673574185,0
2023-12-04,MSFT,362.1045227050781,-0.014338699844351877,369.6685394287109,338.6683685302734,0.011965660320706336,1
2023-12-05,MSFT,365.4200439453125,0.00915625470642012,369.1859069824219,339.75962890625,0.010195057759794707,0
2023-12-06,MSFT,361.7709045410156,-0.009986150088808432,368.7670379638672,340.8836346435547,0.010027155766614233,1
2023-12-07,MSFT,363.8800354003906,0.005830017928199371,368.09019470214844,342.03709594726564,0.009155521735585922,1
2023-12-08,MSFT,367.0975036621094,0.008842112643466349,367.77630310058595,343.2382635498047,0.00976020666688853,0
2023-12-11,MSFT,364.2232971191406,-0.007829545323234544,367.0592346191406,344.34063598632815,0.009883600765529115,1
2023-12-12,MSFT,367.24462890625,0.008295273287038274,366.2430877685547,345.3849816894531,0.009551635571222593,0
2023-12-13,MSFT,367.23480224609375,-2.675780496919078e-05,365.8036224365234,346.5937908935547,0.009147339323860743,0
2023-12-14,MSFT,358.95562744140625,-0.02254463562290432,364.5303527832031,347.52796142578126,0.01134062640712307,1
2023-12-15,MSFT,363.6641845703125,0.013117379333117851,364.15955505371096,348.54847106933596,0.01203132399272276,1
2023-12-18,MSFT,365.547607421875,0.005179016607829823,364.5038635253906,349.45197326660156,0.011170042886120972,1
2023-12-19,MSFT,366.1459655761719,0.0016368816048804025,364.5764556884766,350.3173211669922,0.010807432263068508,0
2023-12-20,MSFT,363.5562438964844,-0.007072921520826503,364.75498962402344,351.15887268066405,0.01053668264434335,1
2023-12-21,MSFT,366.420654296875,0.007878864545663555,365.00905151367186,351.97880920410154,0.010669994302528078,1
2023-12-22,MSFT,367.4407653808594,0.0027839890356122776,365.0433776855469,352.84381713867185,0.010325772838366451,1
2023-12-26,MSFT,367.5192565917969,0.00021361595754387785,365.3729736328125,353.7775512695313,0.009941990425709587,0
2023-12-27,MSFT,366.9405212402344,-0.0015747075593519622,365.3425628662109,354.6035772705078,0.009615903792316437,1
2023-12-28,MSFT,368.1275024414063,0.0032348054588247077,365.4318328857422,355.4646990966797,0.009671590114631057,1
2023-12-29,MSFT,368.87298583984375,0.0020250684708245092,366.42356872558594,356.37890991210935,0.005408986303466781,0
2020-03-13,NVDA,5.990503311157227,0.1134020216544045,6.408127117156982,6.397059202194214,0.07408578394634761,0
2020-03-16,NVDA,4.885130405426025,-0.18452087384251337,6.2090654373168945,6.375485744476318,0.09119725317040155,1
2020-03-17,NVDA,5.404236793518066,0.10626254470412033,6.088131046295166,6.366203527450562,0.10065822381805052,0
2020-03-18,NVDA,5.044816493988037,-0.06650713380307915,5.8849403858184814,6.3492407131195066,0.09699386182383359,1
2020-03-19,NVDA,5.297281265258789,0.05004439142070227,5.734904098510742,6.335900325775146,0.09999852938481732,0
2020-03-20,NVDA,5.117698192596436,-0.03390098876571157,5.584942722320557,6.318744564056397,0.1000792474164785,1
2020-03-23,NVDA,5.290317058563232,0.033729786218444247,5.503482389450073,6.303728647232056,0.09925097963058678,1
2020-03-24,NVDA,6.197947025299072,0.17156438010963715,5.473883008956909,6.30621901512146,0.11300945724830348,0
2020-03-25,NVDA,6.109396934509277,-0.014287003491373351,5.471768712997436,6.303130025863648,0.11142574418209708,1
2020-03-26,NVDA,6.398425102233887,0.04730878854703602,5.573575258255005,6.308158302307129,0.10236845929137804,0
2020-03-27,NVDA,6.286247730255127,-0.017532028614290596,5.603149700164795,6.311793203353882,0.0976893400133857,1
2020-03-30,NVDA,6.606119155883789,0.050884317537972734,5.775248575210571,6.320155029296875,0.07035583263344893,0
2020-03-31,NVDA,6.55662202835083,-0.007492618035639609,5.890487098693848,6.327352914810181,0.06622551085079179,0
2020-04-01,NVDA,6.045971393585205,-0.07788318932486449,5.990602588653564,6.325004014968872,0.06797751478307762,1
2020-04-02,NVDA,6.354401588439941,0.051014167083552886,6.09631462097168,6.327744846343994,0.0680254276473938,0
2020-04-03,NVDA,6.066864967346191,-0.04524999200819202,6.191231298446655,6.323367738723755,0.06911682878997345,1
2020-04-06,NVDA,6.676012992858887,0.10040573323970858,6.3298008918762205,6.3323568344116214,0.07373538088738553,0
2020-04-07,NVDA,6.442949295043945,-0.034910611777454914,6.354301118850708,6.341795606613159,0.05491178790364457,1
2020-04-08,NVDA,6.639946460723877,0.030575619434327406,6.407356071472168,6.351311254501343,0.05497306646414906,0
2020-04-09,NVDA,6.54045295715332,-0.014984082199920312,6.421558856964111,6.360045204162597,0.05375529166608114,1
2020-04-13,NVDA,6.7120795249938965,0.026240777047844555,6.4641420364379885,6.372077417373657,0.05363600063696608,1
2020-04-14,NVDA,7.062793254852295,0.05225112851426128,6.509809446334839,6.395787382125855,0.053759421520344165,0
2020-04-15,NVDA,6.985437393188477,-0.010952587577255368,6.5526909828186035,6.416011238098145,0.05388118405889635,1
2020-04-16,NVDA,7.3301825523376465,0.04935197894484489,6.6811120986938475,6.439749240875244,0.04586539551827165,0
2020-04-17,NVDA,7.270984172821045,-0.00807597615665423,6.772770357131958,6.460498561859131,0.04528202063698217,0
2020-04-20,NVDA,7.139902591705322,-0.018028038295793025,6.880074119567871,6.476891107559204,0.04199200387766581,0
2020-04-21,NVDA,6.7036237716674805,-0.06110430981855164,6.88283519744873,6.4858805942535405,0.03721664061053754,1
2020-04-22,NVDA,7.117515563964844,0.06174150077554397,6.9502918243408205,6.4974900913238525,0.03933399086006554,0
2020-04-23,NVDA,7.064287185668945,-0.0074785053601269524,6.992725896835327,6.50558895111084,0.03903729492429399,1
2020-04-24,NVDA,7.203079700469971,0.019647065748202852,7.058988571166992,6.514151830673217,0.03841165988035749,1
2020-04-27,NVDA,7.38938045501709,0.025864041811860528,7.126718664169312,6.527315740585327,0.03839453382378834,0
2020-04-28,NVDA,7.247105121612549,-0.01925402735325965,7.145149850845337,6.528182926177979,0.036320486961911536,1
2020-04-29,NVDA,7.423707962036133,0.02436874275452605,7.188976907730103,6.529211339950561,0.03651133890858462,0
2020-04-30,NVDA,7.269989490509033,-0.02070642761180741,7.182957601547241,6.518151721954346,0.03405756361697366,0
2020-05-01,NVDA,7.033692359924316,-0.0325030910833094,7.159228420257568,6.50534914970398,0.035521569246082865,1
2020-05-04,NVDA,7.245363712310791,0.030093916758786365,7.169774532318115,6.504053592681885,0.0364681249147177,1
2020-05-05,NVDA,7.306303977966309,0.00841093257360881,7.230042552947998,6.5143130493164065,0.028936187682307043,1
2020-05-06,NVDA,7.407041072845459,0.013787695554817292,7.258995103836059,6.532170448303223,0.022481577961165063,1
2020-05-07,NVDA,7.583145141601562,0.023775225089774032,7.310880899429321,6.550765800476074,0.022843610074726878,1
2020-05-08,NVDA,7.7729291915893555,0.02502708921482033,7.36786584854126,6.580564107894897,0.023225606125920326,1
2020-05-11,NVDA,8.024649620056152,0.03238424309064447,7.431392765045166,6.606706056594849,0.023868985688863767,0
2020-05-12,NVDA,7.762979984283447,-0.03260823190569084,7.482980251312256,6.62445071220398,0.025885109232832475,0
2020-05-13,NVDA,7.740594387054443,-0.0028836345416740627,7.514668893814087,6.646990985870361,0.025305156918252258,1
2020-05-14,NVDA,7.9898271560668945,0.03219814352102901,7.586652660369873,6.665253067016602,0.02498320425290125,1
2020-05-15,NVDA,8.447742462158203,0.057312291886514766,7.7280576705932615,6.698255033493042,0.02423114982385511,1
2020-05-18,NVDA,8.705928802490234,0.030562761766067315,7.874114179611206,6.740027370452881,0.024255979162048955,1
2020-05-19,NVDA,8.76090145111084,0.006314392165127858,8.01957392692566,6.793146991729737,0.02436453893771857,1
2020-05-20,NVDA,8.924567222595215,0.018681384832107906,8.171326541900635,6.841759519577026,0.02430650943526139,0
2020-05-21,NVDA,8.730803489685059,-0.02171127496463754,8.286092376708984,6.893764791488647,0.0273899979004892,1
2020-05-22,NVDA,8.980531692504883,0.02860311804232718,8.406852626800537,6.965768232345581,0.02756509299782516,0
2020-05-26,NVDA,8.673593521118164,-0.03417817362004172,8.471747016906738,7.0194300365448,0.030725428577661012,0
2020-05-27,NVDA,8.482069969177246,-0.02208122290658454,8.543656015396119,7.091368827819824,0.02931896300714858,0
2020-05-28,NVDA,8.444010734558105,-0.004487022007298114,8.613997650146484,7.152164306640625,0.029397165083479556,1
2020-05-29,NVDA,8.83054256439209,0.0457758572300313,8.698069190979004,7.227878828048706,0.030858667905501132,0
2020-06-01,NVDA,8.76164722442627,-0.00780193736267476,8.729459667205811,7.297166147232056,0.02643060753231227,1
2020-06-02,NVDA,8.780549049377441,0.0021573369101732798,8.736921691894532,7.370423164367676,0.024726260076159107,0
2020-06-03,NVDA,8.725082397460938,-0.006316991295713614,8.733339786529541,7.43911847114563,0.024754452866998143,1
2020-06-04,NVDA,8.726078987121582,0.00011422123198912004,8.713490962982178,7.48968111038208,0.023866631993553822,1
2020-06-05,NVDA,8.87886905670166,0.017509590482228443,8.728297519683839,7.545070552825928,0.02348575800862325,0
2020-06-08,NVDA,8.764399528503418,-0.012892354585614885,8.70668430328369,7.592390041351319,0.02185874769980363,1
2020-06-09,NVDA,9.004286766052246,0.027370641510427562,8.7397536277771,7.64675082206726,0.020482262692822,1
2020-06-10,NVDA,9.32356071472168,0.03545799428258478,8.823902702331543,7.701099653244018,0.020443712893297616,0
2020-06-11,NVDA,8.75568962097168,-0.0609071052493223,8.8550705909729,7.745081005096435,0.030232444699803643,1
2020-06-12,NVDA,8.891311645507812,0.015489587960186402,8.861147499084472,7.801987810134888,0.026923552797733355,1
2020-06-15,NVDA,9.13144874572754,0.027008062453986126,8.8981276512146,7.85752875328064,0.02788948597196882,0
2020-06-16,NVDA,9.026681900024414,-0.011473189919852023,8.922740936279297,7.916725091934204,0.028346000835589847,1
2020-06-17,NVDA,9.19341278076172,0.018470893577944292,8.969573974609375,7.967073087692261,0.028510847055361145,0
2020-06-18,NVDA,9.175496101379396,-0.0019488605384734292,9.014515686035157,8.021724023818969,0.028562490364999412,1
2020-06-19,NVDA,9.218544960021973,0.00469172000804452,9.04848327636719,8.073295993804932,0.028244942460686668,1
2020-06-22,NVDA,9.482820510864258,0.02866781601525714,9.120325374603272,8.13214334487915,0.02851876791825919,0
2020-06-23,NVDA,9.406426429748535,-0.008056050520855007,9.160539340972901,8.186030282974244,0.028081202267971717,0
2020-06-24,NVDA,9.192915916442873,-0.022698366366893485,9.147474861145021,8.228632736206055,0.027014498024877497,1
2020-06-25,NVDA,9.446240425109863,0.02755649142987182,9.21652994155884,8.277848796844482,0.01833468419172282,0
2020-06-26,NVDA,9.112786293029783,-0.035300195323601624,9.238677406311037,8.313500871658325,0.022516703920811034,1
2020-06-29,NVDA,9.157580375671388,0.004915519930042356,9.241290569305422,8.351232795715331,0.02089092116399372,1
2020-06-30,NVDA,9.453957557678224,0.03236413657850168,9.284018135070802,8.39751389503479,0.02263035711921759,1
2020-07-01,NVDA,9.486056327819824,0.0033952733493636256,9.313282489776611,8.453162546157836,0.02211974835727483,1
2020-07-02,NVDA,9.567926406860352,0.008630570619787115,9.352525520324708,8.502170763015748,0.022090667626913675,1
2020-07-06,NVDA,9.793880462646484,0.023615781118897505,9.410059070587158,8.556762628555298,0.02291214077907944,1
2020-07-07,NVDA,9.8262300491333,0.0033030407722656197,9.444400024414062,8.609225635528565,0.021523843796800723,1
2020-07-08,NVDA,10.168893814086914,0.03487235320567694,9.5206467628479,8.664815902709961,0.023123998661793113,1
2020-07-09,NVDA,10.460541725158691,0.028680396944233966,9.647409343719483,8.729084634780884,0.02115303669540757,0
2020-07-10,NVDA,10.430930137634276,-0.0028307891027475884,9.745878314971923,8.789229078292847,0.02104439783081188,0
2020-07-13,NVDA,10.005900382995604,-0.04074706177018539,9.835189723968506,8.843947296142579,0.022380008617551024,1
2020-07-14,NVDA,10.329151153564451,0.03230601527056898,9.952346801757812,8.909856472015381,0.02339346197367514,0
2020-07-15,NVDA,10.180091857910156,-0.014430933717419436,10.024960231781005,8.968551034927367,0.02362625920913388,0
2020-07-16,NVDA,10.088020324707031,-0.009044273321716978,10.085156631469726,9.024185361862182,0.02419746543875217,1
2020-07-17,NVDA,10.154462814331056,0.006586276344160202,10.143810272216797,9.079133796691895,0.024185492732448386,1
2020-07-20,NVDA,10.46228313446045,0.03031379657966382,10.210650539398193,9.136716556549072,0.024805253888954097,0
2020-07-21,NVDA,10.280877113342283,-0.01733904720286672,10.256115245819093,9.18687551498413,0.025969481482212127,1
2020-07-22,NVDA,10.390615463256836,0.0106740260295628,10.278287410736084,9.234194831848145,0.023905142247561885,0
2020-07-23,NVDA,10.083040237426758,-0.029601251910218562,10.24053726196289,9.28059603691101,0.02389516741085027,1
2020-07-24,NVDA,10.147491455078123,0.006392042095808792,10.212193393707274,9.328733978271485,0.024097197024665343,1
2020-07-27,NVDA,10.37344455718994,0.022266892572621266,10.248947811126708,9.376406326293946,0.021024267485762464,0
2020-07-28,NVDA,10.168396949768066,-0.01976658826211708,10.23287239074707,9.410819416046143,0.019582022991862805,1
2020-07-29,NVDA,10.417242050170898,0.024472402251026315,10.256587409973145,9.445045680999756,0.02054516241737767,1
2020-07-30,NVDA,10.56506061553955,0.014189798476097248,10.304291439056396,9.48112886428833,0.020408453303667022,1
2020-07-31,NVDA,10.565805435180664,7.049837840189532e-05,10.345425701141355,9.513953628540039,0.020449726995746268,1
2020-08-03,NVDA,10.959482192993164,0.03725951232280744,10.395145606994628,9.558527202606202,0.02152609151400416,1
2020-08-04,NVDA,11.175978660583496,0.019754260628184417,10.48465576171875,9.602436141967774,0.02044414572222299,1
2020-08-05,NVDA,11.234708786010742,0.005255031994144899,10.56906509399414,9.653658447265625,0.020454029623473285,1
2020-08-06,NVDA,11.283231735229492,0.004319021537894319,10.689084243774413,9.70968168258667,0.015804211492655644,0
2020-08-07,NVDA,11.147859573364258,-0.011997640839243262,10.789121055603028,9.763758659362793,0.01743971441046262,0
2020-08-10,NVDA,11.113519668579102,-0.003080403422662914,10.863128566741944,9.809418201446533,0.017232044873520362,0
2020-08-11,NVDA,10.799967765808104,-0.02821355539213133,10.926285648345948,9.85018461227417,0.018825819787707997,1
2020-08-12,NVDA,11.38749885559082,0.05440118920010084,11.023311328887939,9.902323608398438,0.02378008270227492,1
2020-08-13,NVDA,11.390233993530272,0.00024018776854650703,11.105828666687012,9.955626640319824,0.023863579885774266,1
2020-08-14,NVDA,11.5106782913208,0.010574347977305942,11.200315952301025,10.011318626403808,0.02371622911195367,1
2020-08-17,NVDA,12.280112266540527,0.0668452332474525,11.332378959655761,10.079343490600586,0.02892688136584696,0
2020-08-18,NVDA,12.204215049743652,-0.006180498610234286,11.435202598571777,10.14813980102539,0.029295721545853665,0
2020-08-19,NVDA,12.082528114318848,-0.009970894066420155,11.519984531402589,10.209704627990723,0.029913629992569298,1
2020-08-20,NVDA,12.085017204284668,0.00020600738043152766,11.600163078308105,10.264933757781982,0.029993356155291324,1
2020-08-21,NVDA,12.625018119812012,0.0446835040777509,11.747878932952881,10.34232032775879,0.031273454162004444,1
2020-08-24,NVDA,12.661593437194824,0.002897050684261382,11.902686309814452,10.41772596359253,0.03098883178498867,1
2020-08-25,NVDA,12.691210746765137,0.0023391455204451184,12.091810607910157,10.48892120361328,0.027750911290967066,1
2020-08-26,NVDA,12.714101791381836,0.001803692734559048,12.224470901489259,10.56266960144043,0.024596160255453726,0
2020-08-27,NVDA,12.570018768310549,-0.011332536535844984,12.342449378967284,10.630201721191407,0.025434605945269587,1
2020-08-28,NVDA,13.08712387084961,0.041137973782720216,12.500093936920166,10.70843427658081,0.027257419126594854,1
2020-08-31,NVDA,13.31282901763916,0.017246352140999344,12.603365612030029,10.790319957733153,0.019954146001172162,1
2020-09-01,NVDA,13.76138687133789,0.03369365392617918,12.759082794189453,10.875891284942627,0.020712387164869124,1
2020-09-02,NVDA,14.28462028503418,0.03802185190985918,12.979292011260986,10.97345516204834,0.02054577293379488,0
2020-09-03,NVDA,12.959360122680664,-0.09277531610287004,13.066726303100586,11.048784046173095,0.04043670526049822,0
2020-09-04,NVDA,12.568058013916016,-0.030194554751188374,13.061030292510987,11.111220397949218,0.03976933864011607,0
2020-09-08,NVDA,11.861616134643556,-0.0562093108171724,12.981032562255859,11.166196994781494,0.043550329554766475,1
2020-09-09,NVDA,12.660158157348633,0.06732151956703603,12.977927303314209,11.23624855041504,0.04933493759521126,0
2020-09-10,NVDA,12.258646965026855,-0.0317145479014983,12.93238182067871,11.292342338562012,0.05039185083350655,0
2020-09-11,NVDA,12.112032890319824,-0.011960053595254982,12.886583232879639,11.344861869812013,0.050404487997157056,1
2020-09-14,NVDA,12.816727638244627,0.05818137667773415,12.859543609619141,11.409837894439697,0.05229817786897897,1
2020-09-15,NVDA,12.934967041015623,0.009225397161298332,12.821757411956787,11.47265962600708,0.05205090968334305,0
2020-09-16,NVDA,12.46052074432373,-0.036679358763533454,12.691670799255371,11.525345439910888,0.05149712801189909,0
2020-09-17,NVDA,12.40974235534668,-0.004075141803377869,12.50418300628662,11.570162410736083,0.0489110950362094,0
2020-09-18,NVDA,12.136672019958496,-0.022004512871335535,12.421914196014404,11.60368501663208,0.04045701929989998,1
2020-09-21,NVDA,12.46325969696045,0.026909162286406607,12.411434364318847,11.644331607818604,0.040662420870616986,1
2020-09-22,NVDA,12.583240509033203,0.009626760172703142,12.483596801757812,11.695878410339356,0.035580707231309176,0
2020-09-23,NVDA,12.071455955505373,-0.04067192017512755,12.424726581573486,11.730724506378174,0.031180293373832248,1
2020-09-24,NVDA,12.294740676879885,0.01849691720679969,12.42833595275879,11.773017482757568,0.030308697694863163,1
2020-09-25,NVDA,12.81822109222412,0.04257758899531994,12.498954772949219,11.82762149810791,0.03259693930418443,1
2020-09-28,NVDA,12.97877597808838,0.012525520094333498,12.515159606933594,11.884107761383056,0.027261631926060913,1
2020-09-29,NVDA,13.168705940246582,0.014633888625464664,12.53853349685669,11.93823621749878,0.02748263056142596,1
2020-09-30,NVDA,13.472140312194824,0.023042079709660657,12.6396954536438,12.00206148147583,0.024430568043163924,1
2020-10-01,NVDA,13.555776596069336,0.006208091805487204,12.754298877716064,12.06536470413208,0.02407469981553201,0
2020-10-02,NVDA,13.005908966064451,-0.040563344055428385,12.84122257232666,12.123822078704833,0.02724805765640992,1
2020-10-05,NVDA,13.583656311035156,0.044421912107657224,12.953262233734131,12.192545375823975,0.029146585905101052,1
2020-10-06,NVDA,13.677252769470217,0.006890372981464887,13.062663459777832,12.25862154006958,0.029153202525982923,1
2020-10-07,NVDA,13.90377140045166,0.01656170539503865,13.24589500427246,12.333329029083252,0.023426981683199854,0
2020-10-08,NVDA,13.779060363769531,-0.008969583366285616,13.394326972961426,12.400565395355224,0.024489654899680226,0
2020-10-09,NVDA,13.703387260437012,-0.0054918914160135834,13.482843589782714,12.463331928253174,0.02239025705449287,1
2020-10-12,NVDA,14.164640426635742,0.03365979209610548,13.60143003463745,12.535308628082275,0.023922544094450958,1
2020-10-13,NVDA,14.18679141998291,0.0015638232020005471,13.703238582611084,12.59985481262207,0.02393995678182609,0
2020-10-14,NVDA,14.034452438354492,-0.010738085668464792,13.759469795227051,12.65702428817749,0.023922907038326544,0
2020-10-15,NVDA,13.909745216369627,-0.008885791770832152,13.79486665725708,12.710525016784668,0.02426664299389774,0
2020-10-16,NVDA,13.751927375793455,-0.011345846967092177,13.869468498229981,12.759898929595947,0.0198089924092944,0
2020-10-19,NVDA,13.439530372619627,-0.022716597800226834,13.855055904388427,12.805732345581054,0.016322692226134822,1
2020-10-20,NVDA,13.58664321899414,0.010946278798121378,13.84599494934082,12.855194816589355,0.01658732738458601,0
2020-10-21,NVDA,13.466413497924805,-0.008849111523091646,13.802259159088134,12.90852373123169,0.015592642833440825,0
2020-10-22,NVDA,13.30337142944336,-0.012107311906512486,13.754690265655517,12.94684118270874,0.015754993127366963,1
2020-10-23,NVDA,13.531634330749512,0.01715827469125264,13.737514972686768,12.989669189453124,0.016999288241720176,0
2020-10-26,NVDA,13.084569931030272,-0.033038462966984206,13.629507923126221,13.021147022247314,0.014770625535650816,1
2020-10-27,NVDA,13.33896541595459,0.019442403247890816,13.544725322723389,13.042324085235595,0.016951208672143493,0
2020-10-28,NVDA,12.572535514831545,-0.05745797198081992,13.398533630371094,13.049690494537353,0.02355144600304569,1
2020-10-29,NVDA,12.967822074890137,0.03144048068842453,13.304341316223145,13.06739637374878,0.027081701495256433,0
2020-10-30,NVDA,12.479937553405762,-0.03762270323164563,13.177142333984374,13.075294780731202,0.02880746548191832,1
2020-11-02,NVDA,12.52648639678955,0.003729893934532269,13.085837936401367,13.073324146270751,0.028650439342457045,1
2020-11-03,NVDA,12.96334457397461,0.03487475764129844,13.023508071899414,13.079359169006347,0.031170445160255623,1
2020-11-04,NVDA,13.73475170135498,0.05950679803181802,13.050341892242432,13.100229988098144,0.03699839923480858,1
2020-11-05,NVDA,14.098923683166504,0.02651463890501904,13.129897117614746,13.127926425933838,0.037307943328619246,1
2020-11-06,NVDA,14.499192237854004,0.02839000789580859,13.226652908325196,13.166509895324706,0.03783137625749839,0
2020-11-09,NVDA,13.571956634521484,-0.06395084554515551,13.275391578674316,13.176206550598145,0.04249449301762791,0
2020-11-10,NVDA,12.714919090270996,-0.06314767776891772,13.212986946105957,13.164248352050782,0.0470468665519451,1
2020-11-11,NVDA,13.360125541687012,0.050744046960527145,13.291745948791505,13.156223125457764,0.04575268504371362,1
2020-11-12,NVDA,13.398706436157228,0.002887764366422685,13.334834384918214,13.138504848480224,0.04494510101013742,0
2020-11-13,NVDA,13.23964786529541,-0.011871188582249226,13.410805416107177,13.14411060333252,0.04297772950876442,1
2020-11-16,NVDA,13.456953048706056,0.016413214733622894,13.503852081298827,13.16188850402832,0.04306517682697854,0
2020-11-17,NVDA,13.36435604095459,-0.00688097873391702,13.543953227996827,13.191943302154542,0.04218917838171224,1
2020-11-18,NVDA,13.370829582214355,0.00048438856611787706,13.507561016082764,13.206156730651855,0.0373955929149858,1
2020-11-19,NVDA,13.382279396057127,0.0008563278570241639,13.435896587371825,13.22862937927246,0.036075498624712383,0
2020-11-20,NVDA,13.031299591064451,-0.0262272064874155,13.289107322692871,13.247014713287353,0.03463018470196878,1
2020-11-23,NVDA,13.08332347869873,0.003992225585079057,13.240244007110595,13.252346630096435,0.029109210465004486,0
2020-11-24,NVDA,12.901861190795898,-0.013869739458653219,13.258938217163086,13.25168451309204,0.020845424792502325,1
2020-11-25,NVDA,13.177664756774902,0.021377037149939326,13.240692138671875,13.266027393341064,0.014156441447574395,1
2020-11-27,NVDA,13.20404815673828,0.002002130153585302,13.22122631072998,13.281913509368897,0.01413019004192082,1
2020-11-30,NVDA,13.34369659423828,0.010576183594781519,13.231631183624268,13.306054000854493,0.014059852716721057,0
2020-12-01,NVDA,13.332246780395508,-0.0008580691086542691,13.219160556793213,13.323433742523193,0.0129561721086279,1
2020-12-02,NVDA,13.486077308654783,0.011538229886764118,13.231332683563233,13.341490478515626,0.013308752736002271,0
2020-12-03,NVDA,13.34216022491455,-0.010671530382513339,13.228465747833251,13.366904563903809,0.013813571097543326,1
2020-12-04,NVDA,13.503759384155272,0.01211191864859762,13.240613746643067,13.391084938049316,0.014350844044648734,1
2020-12-07,NVDA,13.552064895629885,0.003577189884714116,13.29269027709961,13.405761814117431,0.010698822616752092,0
2020-12-08,NVDA,13.296344757080078,-0.018869459415905565,13.313992404937744,13.412113189697266,0.01290952944971457,0
2020-12-09,NVDA,12.878780364990234,-0.03140444984833124,13.311684322357177,13.406314678192139,0.016063563954149134,1
2020-12-10,NVDA,12.920114517211914,0.003209477221464363,13.285929298400879,13.39527416229248,0.014299976809094329,1
2020-12-11,NVDA,12.960948944091797,0.003160531342464745,13.261619377136231,13.38337760925293,0.014339545827101549,1
2020-12-14,NVDA,13.255260467529297,0.022707559817343625,13.252775764465332,13.388364639282226,0.01592495921809364,1
2020-12-15,NVDA,13.306802749633787,0.0038884397806253634,13.25023136138916,13.3828275680542,0.015985373572115994,0
2020-12-16,NVDA,13.189276695251465,-0.008832027993017078,13.220551300048829,13.373068046569824,0.015635091149099566,1
2020-12-17,NVDA,13.28763198852539,0.007457216612138939,13.215098476409912,13.3607452583313,0.015583297328097214,0
2020-12-18,NVDA,13.21865940093994,-0.005190735839539551,13.186588478088378,13.349537239074706,0.015001851447038417,1
2020-12-21,NVDA,13.278666496276855,0.004539574968748239,13.159248638153077,13.341042823791504,0.015044841566124768,0
2020-12-22,NVDA,13.224885940551758,-0.004050147335214471,13.152102756500245,13.322247734069824,0.013875695194093188,0
2020-12-23,NVDA,12.956963539123535,-0.020258957440735803,13.159921073913575,13.297651176452638,0.011326671286843863,0
2020-12-24,NVDA,12.94152545928955,-0.0011914890234404618,13.162062168121338,13.275792636871337,0.011302211654016953,0
2020-12-28,NVDA,12.84815502166748,-0.007214793798133612,13.150782775878906,13.254560832977296,0.011477450213407426,1
2020-12-29,NVDA,12.891229629516602,0.003352590918811238,13.114379692077637,13.237346878051758,0.008247566931792653,1
2020-12-30,NVDA,13.092915534973145,0.01564520307626438,13.092990970611572,13.230414581298827,0.009959331089618658,0
2020-12-31,NVDA,13.002531051635742,-0.006903312184056487,13.07431640625,13.21873233795166,0.009820876068741326,1
2021-01-04,NVDA,13.060794830322266,0.0044809567041328435,13.051632690429688,13.210619964599609,0.009565018586455965,1
2021-01-05,NVDA,13.350874900817873,0.02220998601265456,13.06485424041748,13.2115700340271,0.01204936013073254,0
2021-01-06,NVDA,12.563800811767578,-0.058952997080519376,12.993367671966553,13.192213363647461,0.02234359833489293,1
2021-01-07,NVDA,13.290369033813477,0.057830288217031844,12.999915981292725,13.196329345703125,0.02998635117636667,0
2021-01-08,NVDA,13.223387718200684,-0.005039838656276441,13.02655839920044,13.194017791748047,0.02916820384884312,1
2021-01-11,NVDA,13.566755294799805,0.025966687502213093,13.089081382751464,13.213902187347411,0.030045546707328837,0
2021-01-12,NVDA,13.43055248260498,-0.010039453740794735,13.147321128845215,13.223156795501708,0.030187518861911015,1
2021-01-13,NVDA,13.477364540100098,0.0034854900835796787,13.205934619903564,13.243105335235596,0.03018681318159563,0
2021-01-14,NVDA,13.147198677062988,-0.024497806084768592,13.211362934112548,13.255519580841064,0.031245041772912426,0
2021-01-15,NVDA,12.807817459106444,-0.025813956744157207,13.19189157485962,13.252409038543702,0.032320472525188514,1
2021-01-19,NVDA,12.972900390625,0.01288923206827719,13.183102130889893,13.237172012329102,0.03258823878651384,1
2021-01-20,NVDA,13.312031745910645,0.026141521562188297,13.17921781539917,13.221434173583985,0.0329107087651674,1
2021-01-21,NVDA,13.811768531799316,0.03754023393477768,13.304014587402344,13.20768569946289,0.027310456766312573,0
2021-01-22,NVDA,13.657387733459473,-0.011177482303182829,13.340716457366943,13.20939432144165,0.022050624053626115,0
2021-01-25,NVDA,13.59837532043457,-0.004320915110312518,13.378215217590332,13.227063446044921,0.022022851046444504,0
2021-01-26,NVDA,13.381250381469728,-0.015966976484210083,13.359664726257325,13.227485942840577,0.021142226009659603,0
2021-01-27,NVDA,12.865836143493652,-0.03851764396321422,13.303193092346191,13.216828536987304,0.024169953047910146,1
2021-01-28,NVDA,12.99854564666748,0.010314875900307552,13.255311203002929,13.212006492614746,0.024499941553018226,0
2021-01-29,NVDA,12.937544822692873,-0.004692896084897535,13.234345817565918,13.201618328094483,0.02337428232852476,1
2021-02-01,NVDA,13.183801651000977,0.019034278271728988,13.27194423675537,13.19800724029541,0.02244510285644212,1
2021-02-02,NVDA,13.5022611618042,0.02415536271201746,13.32488031387329,13.200635871887208,0.023257735019570857,0
2021-02-03,NVDA,13.476119995117188,-0.0019360584404159997,13.341289138793945,13.202512683868408,0.021981183531385295,1
2021-02-04,NVDA,13.609332084655762,0.00988504774273613,13.32104549407959,13.214073333740235,0.018379772011024288,0
2021-02-05,NVDA,13.536375999450684,-0.00536073958304939,13.30894432067871,13.223134384155273,0.018123478970853268,1
2021-02-08,NVDA,14.38072109222412,0.06237600764101847,13.387178897857666,13.252711582183839,0.02683732785022596,0
2021-02-09,NVDA,14.205924987792969,-0.01215489149050153,13.46964635848999,13.2732767868042,0.026516910081444734,1
2021-02-10,NVDA,14.704910278320312,0.03512515312843889,13.653553771972657,13.30329402923584,0.02262431995132994,1
2021-02-11,NVDA,15.189456939697266,0.03295135109333702,13.872644901275635,13.34020923614502,0.023370927885847284,0
2021-02-12,NVDA,14.901119232177734,-0.018982752883414,14.06900234222412,13.371586685180665,0.025142295072741884,1
2021-02-16,NVDA,15.268636703491213,0.024663749453118555,14.277485847473145,13.407237873077392,0.025317283527116957,0
2021-02-17,NVDA,14.846091270446776,-0.0276740773423354,14.411868858337403,13.437316493988037,0.02837212497530658,0
2021-02-18,NVDA,14.769401550292969,-0.0051656505915781414,14.54119701385498,13.46262933731079,0.028539575938940978,1
2021-02-19,NVDA,14.866510391235352,0.006575001743415632,14.66691484451294,13.4889182472229,0.02855465968625917,0
2021-02-22,NVDA,14.298053741455078,-0.0382373963237137,14.743082618713379,13.508952426910401,0.03209507295356956,0
2021-02-23,NVDA,14.085161209106444,-0.014889616181213872,14.713526630401612,13.533080043792724,0.02565557712451329,1
2021-02-24,NVDA,14.44072723388672,0.025244015279739518,14.737006855010986,13.56349229812622,0.02668038737477591,0
2021-02-25,NVDA,13.254015922546388,-0.08217808508671132,14.591917419433594,13.569353637695313,0.03497634443167927,1
2021-02-26,NVDA,13.659379005432127,0.030584170507610198,14.43890962600708,13.577436008453368,0.03466168234653769,1
2021-03-01,NVDA,13.786117553710938,0.009278500012951385,14.3274094581604,13.587022304534912,0.03499894227007795,0
2021-03-02,NVDA,13.35236930847168,-0.031462682916300944,14.135782718658447,13.590284156799317,0.03380490952754132,0
2021-03-03,NVDA,12.753288269042969,-0.04486702139436871,13.926502418518066,13.579597282409669,0.035059787342830384,0
2021-03-04,NVDA,12.320533752441406,-0.03393277933284233,13.68161563873291,13.561634769439697,0.035386379921465864,1
2021-03-05,NVDA,12.411415100097656,0.007376413188125097,13.436106109619141,13.544289741516113,0.03544753616596744,0
2021-03-08,NVDA,11.546656608581545,-0.0696744476388762,13.160966396331787,13.51072515487671,0.03875005174005855,1
2021-03-09,NVDA,12.474235534667969,0.08033311784790076,12.999873828887939,13.501070594787597,0.050259427808760276,0
2021-03-10,NVDA,12.422425270080566,-0.0041533819401928795,12.798043632507325,13.490688591003417,0.04874541606441607,1
2021-03-11,NVDA,12.9457426071167,0.04212682512943289,12.767216300964355,13.492640342712402,0.045104107473898786,0
2021-03-12,NVDA,12.80875015258789,-0.010582046830863057,12.682153415679931,13.490990753173827,0.04371379151529032,1
2021-03-15,NVDA,13.142766952514648,0.02607723594790179,12.617818355560303,13.491987781524658,0.0446597397669083,1
2021-03-16,NVDA,13.242399215698242,0.007580767698580404,12.60682134628296,13.496785144805909,0.043675845004661165,1
2021-03-17,NVDA,13.292219161987305,0.003762154083831293,12.660714435577393,13.50141363143921,0.040729556124473584,0
2021-03-18,NVDA,12.675742149353027,-0.04637878785487226,12.696235275268554,13.487910976409912,0.04221097181588921,1
2021-03-19,NVDA,12.798538208007812,0.009687484741163876,12.73494758605957,13.492605724334716,0.0422399772420967,1
2021-03-22,NVDA,13.137784957885742,0.026506679463258465,12.894060420989991,13.489554042816161,0.033722685257159254,0
2021-03-23,NVDA,13.022710800170898,-0.008759022779237458,12.948907947540283,13.485540504455566,0.0246516195850667,0
2021-03-24,NVDA,12.596531867980955,-0.03272582327362672,12.966318607330322,13.46613603591919,0.02729168216927136,0
2021-03-25,NVDA,12.489177703857422,-0.008522517566634025,12.920662117004394,13.447308540344238,0.02338126590882474,1
2021-03-26,NVDA,12.792062759399414,0.02425180125737514,12.918993377685547,13.433602504730224,0.024737177562559755,1
2021-03-29,NVDA,12.900659561157228,0.008489389381553636,12.894782638549804,13.42867172241211,0.02327056259086496,0
2021-03-30,NVDA,12.824443817138672,-0.005907895147317599,12.852987098693848,13.429004249572754,0.023068636222980186,1
2021-03-31,NVDA,13.29919147491455,0.037018966634749795,12.853684329986573,13.435530071258546,0.02631426234572286,1
2021-04-01,NVDA,13.76098918914795,0.0347237435527159,12.962209033966065,13.44450922012329,0.022532880807218585,1
2021-04-05,NVDA,13.9360933303833,0.012724676898477671,13.075964546203613,13.446995716094971,0.02257145655494965,0
2021-04-06,NVDA,13.810552597045898,-0.009008316058252808,13.14324131011963,13.4500590133667,0.022264304716544482,1
2021-04-07,NVDA,14.09151840209961,0.020344284059553797,13.2501220703125,13.459921875,0.022134511141005373,1
2021-04-08,NVDA,14.26438045501709,0.012267099114863678,13.416906929016113,13.477584476470946,0.01684608617794711,1
2021-04-09,NVDA,14.34707736968994,0.0057974417419415225,13.602696895599365,13.507209300994873,0.015393475013660032,1
2021-04-12,NVDA,15.153101921081545,0.05618040041342742,13.838800811767578,13.550300426483155,0.02027668954604159,1
2021-04-13,NVDA,15.621870040893556,0.03093545613653159,14.110921859741211,13.603986930847167,0.020439274320782585,0
2021-04-14,NVDA,15.220854759216309,-0.02567012019863857,14.350562953948975,13.644727993011475,0.023841838351654262,1
2021-04-15,NVDA,16.077939987182617,0.05630992749913322,14.628437805175782,13.696241569519042,0.02625239787376666,0
2021-04-16,NVDA,15.85401725769043,-0.013927327112223331,14.837740612030029,13.743799514770508,0.027583770019306474,0
2021-04-19,NVDA,15.305290222167969,-0.03461122986076515,14.974660301208496,13.777718677520753,0.03169559872378626,0
2021-04-20,NVDA,15.115490913391112,-0.012400895770140585,15.105154132843017,13.80930097579956,0.03193725433233758,1
2021-04-21,NVDA,15.30404567718506,0.012474273238913147,15.226406860351563,13.827767467498779,0.03173729357866922,0
2021-04-22,NVDA,14.79567050933838,-0.0332183514457588,15.279535865783691,13.839562377929688,0.03432858106288,1
2021-04-23,NVDA,15.209147453308104,0.027945806424166664,15.365742874145507,13.849647121429443,0.03514872771302385,1
2021-04-26,NVDA,15.421112060546877,0.013936652786719517,15.39254388809204,13.854280223846436,0.030766700166126048,0
2021-04-27,NVDA,15.325218200683594,-0.0062183492011977926,15.362878704071045,13.862762203216553,0.029106570971102422,0
2021-04-28,NVDA,15.220603942871094,-0.006826281782260968,15.362853622436523,13.86180154800415,0.027957961460937368,1
2021-04-29,NVDA,15.268425941467283,0.0031419251677320403,15.28190221786499,13.87024824142456,0.02007775379001384,0
2021-04-30,NVDA,14.954337120056152,-0.020571133043786882,15.191934204101562,13.873946952819825,0.020512295454549145,0
2021-05-03,NVDA,14.782221794128418,-0.011509391860432316,15.139627361297608,13.872261180877686,0.018037905486434427,0
2021-05-04,NVDA,14.298505783081056,-0.0327228218994452,15.057928848266602,13.872270221710204,0.020190409112750322,1
2021-05-05,NVDA,14.405359268188477,0.007473052550278192,14.968060207366943,13.878674182891846,0.019756941487598885,1
2021-05-06,NVDA,14.469624519348145,0.004461204331195345,14.93545560836792,13.879252128601074,0.017412859808288605,1
2021-05-07,NVDA,14.75780963897705,0.019916558252327743,14.890321826934814,13.909328002929687,0.01600200806914476,0
2021-05-10,NVDA,14.21331787109375,-0.036895161355465445,14.769542407989501,13.92040678024292,0.018009925792063956,1
2021-05-11,NVDA,14.253668785095217,0.0028389510716235744,14.662387466430664,13.929757804870606,0.018332938822218408,0
2021-05-12,NVDA,13.707934379577637,-0.03828729387119223,14.511120510101318,13.936869106292725,0.0208177108033926,0
2021-05-13,NVDA,13.61502742767334,-0.006777604074521326,14.345780658721925,13.954103889465332,0.020341403118488602,1
2021-05-14,NVDA,14.19065284729004,0.04227868233645338,14.269412231445312,13.991506271362304,0.026038478319727443,0
2021-05-17,NVDA,14.11343479156494,-0.005441473098952376,14.202533531188966,14.02554666519165,0.025938431326689815,0
2021-05-18,NVDA,13.964237213134766,-0.010571315957710326,14.169106674194335,14.073898277282716,0.02412540008703002,1
2021-05-19,NVDA,14.014053344726562,0.0035674080031338207,14.129976081848145,14.104694633483886,0.023984397010975236,1
2021-05-20,NVDA,14.558794975280762,0.03887109725889437,14.138893127441406,14.14742202758789,0.02732794230695151,1
2021-05-21,NVDA,14.936651229858398,0.025953813843741624,14.156777286529541,14.187240200042725,0.027855108425815473,1
2021-05-24,NVDA,15.554620742797852,0.04137269481824224,14.29090757369995,14.242157611846924,0.026828288627476285,1
2021-05-25,NVDA,15.590237617492676,0.002289793835784426,14.424564456939697,14.291107025146484,0.026843724128769734,1
2021-05-26,NVDA,15.642297744750977,0.003339277343655578,14.618000793457032,14.339104995727538,0.02129382440016301,0
2021-05-27,NVDA,15.43107795715332,-0.013503117703314027,14.79960584640503,14.38188217163086,0.022096124056710135,1
2021-05-28,NVDA,16.184791564941406,0.04884387272754909,14.999019718170166,14.452063159942627,0.023141593619712086,1
2021-06-01,NVDA,16.20471954345703,0.0012312780449266203,15.208148193359374,14.520186786651612,0.022626092873827462,1
2021-06-02,NVDA,16.716583251953125,0.0315873228859902,15.48338279724121,14.59176275253296,0.02140490440045972,1
2021-06-03,NVDA,16.907379150390625,0.011413570318875355,15.772715377807618,14.669456119537353,0.0209413953009563,1
2021-06-04,NVDA,17.513643264770508,0.035857959355331204,16.068200206756593,14.767798347473144,0.02064553802023479,1
2021-06-07,NVDA,17.554244995117188,0.0023182915018231665,16.32995958328247,14.86909969329834,0.021088640688581576,0
2021-06-08,NVDA,17.39284324645996,-0.009194456879354385,16.513781833648682,14.96111530303955,0.020509912398195506,0
2021-06-09,NVDA,17.298416137695312,-0.005429078352894856,16.684599685668946,15.049070434570313,0.021030285608075888,1
2021-06-10,NVDA,17.36493492126465,0.003845368445287045,16.85686340332031,15.139880256652832,0.02101134745703992,1
2021-06-11,NVDA,17.763805389404297,0.022969879815167182,17.09013614654541,15.229172534942627,0.019451458256938104,1
2021-06-14,NVDA,17.956636428833008,0.010855277639088001,17.26732063293457,15.313085479736328,0.0152128605510902,0
2021-06-15,NVDA,17.727184295654297,-0.012778124349072328,17.419567108154297,15.388907299041747,0.01673483286266138,1
2021-06-16,NVDA,17.748859405517578,0.0012227046045092393,17.522794723510742,15.467673435211182,0.014859981132375695,1
2021-06-17,NVDA,18.59293556213379,0.04755664222309486,17.691350364685057,15.557701778411865,0.01985102849674762,0
2021-06-18,NVDA,18.57450485229492,-0.000991274873044068,17.7974365234375,15.643904266357422,0.017771707137365388,0
2021-06-21,NVDA,18.363733291625977,-0.011347358238887328,17.87838535308838,15.724237384796142,0.018595783826329277,1
2021-06-22,NVDA,18.821645736694336,0.02493569459959266,18.021265602111818,15.7976082611084,0.018897829624017176,1
2021-06-23,NVDA,18.99156188964844,0.00902769902967826,18.19058017730713,15.865002098083496,0.01829249966770067,1
2021-06-24,NVDA,19.139299392700195,0.0077791128454938185,18.368016624450682,15.943370990753174,0.018198735544819364,0
2021-06-25,NVDA,18.96540069580078,-0.009085948933206023,18.488176155090333,16.001120204925538,0.01846651279644669,1
2021-06-28,NVDA,19.916109085083008,0.05012856857238601,18.68412342071533,16.082362041473388,0.023051328972219464,1
2021-06-29,NVDA,19.95771789550781,0.002089203782076332,18.907176780700684,16.175410594940185,0.021819297904693953,0
2021-06-30,NVDA,19.93355178833008,-0.0012108652554492227,19.125646018981932,16.271771812438963,0.021967553189276595,1
2021-07-01,NVDA,20.14232635498047,0.01047352568510207,19.280585098266602,16.368537425994873,0.018059790864748442,1
2021-07-02,NVDA,20.416379928588867,0.013605855092335695,19.464772605895995,16.480951614379883,0.01782454366273413,1
2021-07-06,NVDA,20.627153396606445,0.010323743423408471,19.691114616394042,16.58931173324585,0.01623604838731926,0
2021-07-07,NVDA,20.30153083801269,-0.0157861122343389,19.839103126525877,16.686920108795167,0.017624623838745943,0
2021-07-08,NVDA,19.83414649963379,-0.02302212291812844,19.923361587524415,16.77709867477417,0.020103132074105457,1
2021-07-09,NVDA,19.98113441467285,0.007410851535344598,20.00754508972168,16.872309284210203,0.0200968541240332,1
2021-07-12,NVDA,20.44179916381836,0.023054984746372797,20.155184936523437,16.975776748657225,0.020253473211095212,0
2021-07-13,NVDA,20.18019676208496,-0.012797425492587333,20.181593704223634,17.080293941497803,0.014593273600439317,0
2021-07-14,NVDA,19.77310562133789,-0.020172803345105295,20.16313247680664,17.18011161804199,0.016099187303263953,0
2021-07-15,NVDA,18.9008731842041,-0.0441120607878881,20.059864616394044,17.272158966064453,0.021143258014702716,0
2021-07-16,NVDA,18.09839630126953,-0.042457132806182685,19.85547161102295,17.346019706726075,0.023323719832005006,1
2021-07-19,NVDA,18.715017318725582,0.034070478245235236,19.68533535003662,17.430927562713624,0.02636333710382799,0
2021-07-20,NVDA,18.5478458404541,-0.008932477882572676,19.477404594421387,17.506728286743165,0.02553826764165551,1
2021-07-21,NVDA,19.343095779418945,0.04287559567862864,19.381561088562012,17.609323844909667,0.03040513369992727,1
2021-07-22,NVDA,19.52645874023437,0.009479504361991742,19.35079231262207,17.714779644012452,0.02992769947160448,0
2021-07-23,NVDA,19.490583419799805,-0.0018372671108379812,19.301737213134764,17.830432624816893,0.02977599196936843,0
2021-07-26,NVDA,19.22749900817871,-0.013498026506165828,19.1803071975708,17.942682056427003,0.028566238371802718,0
2021-07-27,NVDA,19.14179039001465,-0.004457606167479478,19.07646656036377,18.041704807281494,0.02845878331262325,1
2021-07-28,NVDA,19.435771942138672,0.015358101104135935,19.042733192443848,18.14815155029297,0.028558528133088647,1
2021-07-29,NVDA,19.59422874450684,0.008152843264466192,19.112068748474123,18.26075138092041,0.024333259777052068,0
2021-07-30,NVDA,19.431791305541992,-0.008290065461769469,19.245408248901366,18.36910614013672,0.018895983711219158,1
2021-08-02,NVDA,19.68191719055176,0.01287199317226273,19.342098236083984,18.47156858444214,0.01660869996359537,1
2021-08-03,NVDA,19.746700286865234,0.0032915033472740163,19.461983680725098,18.567769565582275,0.015889518862125716,1
2021-08-04,NVDA,20.204111099243164,0.023163911222280564,19.54808521270752,18.660759372711183,0.011468726846506176,1
2021-08-05,NVDA,20.565866470336918,0.017905037708256577,19.652025985717774,18.760271949768068,0.012169520944954753,0
2021-08-06,NVDA,20.29579734802246,-0.013131910717401052,19.73254737854004,18.853341941833495,0.013367231646595479,0
2021-08-09,NVDA,20.22504234313965,-0.003486189956942276,19.832301712036134,18.949221229553224,0.012225881305371774,0
2021-08-10,NVDA,19.86728286743164,-0.01768893580731412,19.904850959777832,19.022871055603026,0.013971120176098051,0
2021-08-11,NVDA,19.63109970092773,-0.011888045691999638,19.92438373565674,19.091398658752443,0.014125692792987204,1
2021-08-12,NVDA,19.83639335632324,0.0104575728575107,19.948600196838377,19.153794860839845,0.014271779439468274,1
2021-08-13,NVDA,20.1184139251709,0.014217330932175809,20.01726245880127,19.21801555633545,0.014362221925906164,0
2021-08-16,NVDA,19.88123321533203,-0.01178923501231488,20.037194061279298,19.26536735534668,0.01470103049167189,0
2021-08-17,NVDA,19.39092445373535,-0.02466188874131625,20.00161647796631,19.302100944519044,0.01675344419415505,0
2021-08-18,NVDA,18.9743709564209,-0.021481879232127632,19.87864246368408,19.33373149871826,0.015278005029403602,1
2021-08-19,NVDA,19.72975730895996,0.03981087722349197,19.795031547546387,19.382358322143556,0.01996312901351235,1
2021-08-20,NVDA,20.74424743652344,0.05141929075340257,19.839876556396483,19.44994457244873,0.026147744695169978,1
2021-08-23,NVDA,21.882312774658203,0.05486173174597897,20.00560359954834,19.53231472015381,0.03076771863257726,0
2021-08-24,NVDA,21.71787452697754,-0.007514664897354861,20.19066276550293,19.6075394821167,0.029969757463840646,1
2021-08-25,NVDA,22.136430740356445,0.019272429853067985,20.4411958694458,19.695724411010744,0.029125035473112976,0
2021-08-26,NVDA,21.99193382263184,-0.0065275617112553475,20.65674991607666,19.780585899353028,0.029743437885343796,1
2021-08-27,NVDA,22.55796813964844,0.025738269384663948,20.900705337524414,19.85988655090332,0.030113039389429185,1
2021-08-30,NVDA,22.60979461669922,0.002297479840823291,21.17356147766113,19.940592346191405,0.029196617788592744,0
2021-08-31,NVDA,22.31177520751953,-0.013180987011689904,21.46564655303955,20.019553184509277,0.02772573494169534,1
2021-09-01,NVDA,22.36759185791016,0.0025016678355480604,21.804968643188477,20.090472106933593,0.025191827940695292,0
2021-09-02,NVDA,22.322736740112305,-0.002005361957728713,22.06426658630371,20.15709560394287,0.024419049659746218,1
2021-09-03,NVDA,22.768274307250977,0.01995891329659738,22.266669273376465,20.229675102233887,0.0206027943892515,0
2021-09-07,NVDA,22.587867736816406,-0.00792359438401169,22.337224769592286,20.3021244430542,0.01365047144702153,0
2021-09-08,NVDA,22.26592254638672,-0.01425301379399091,22.392029571533204,20.349120712280275,0.014387928615580055,0
2021-09-09,NVDA,22.10445785522461,-0.0072516506255569935,22.38883228302002,20.39205551147461,0.013379914132370945,1
2021-09-10,NVDA,22.404470443725582,0.013572492502007316,22.430085945129395,20.44147388458252,0.013804175990069539,0
2021-09-13,NVDA,22.079532623291016,-0.014503258233696248,22.38224239349365,20.48021800994873,0.011820504189255298,1
2021-09-14,NVDA,22.16924285888672,0.004063049572936572,22.338187217712402,20.51527526855469,0.011906008744993068,1
2021-09-15,NVDA,22.26791763305664,0.004450976282682095,22.333801460266113,20.548090553283693,0.011342347839428862,0
2021-09-16,NVDA,22.16924285888672,-0.004431252881205161,22.31396656036377,20.58544479370117,0.011374844397187162,0
2021-09-17,NVDA,21.82835578918457,-0.015376576993268887,22.264528465270995,20.62532897949219,0.012278099504442346,0
2021-09-20,NVDA,21.04393768310547,-0.03593573944161943,22.092094802856444,20.64658504486084,0.013722846739657053,1
2021-09-21,NVDA,21.176502227783203,0.006299417279882924,21.950958251953125,20.661279106140135,0.014423080381817326,1
2021-09-22,NVDA,21.869230270385746,0.03271210869251551,21.911289024353028,20.695059776306152,0.018600426614269017,1
2021-09-23,NVDA,22.40845489501953,0.024656772001892424,21.94168872833252,20.747766761779786,0.02019901112067467,0
2021-09-24,NVDA,22.00876235961914,-0.01783668429050078,21.902117919921874,20.809924545288087,0.020560750633813372,0
2021-09-27,NVDA,21.589147567749023,-0.019065805928279334,21.853079414367677,20.879739570617676,0.020926508935500215,0
2021-09-28,NVDA,20.631290435791016,-0.044367529053759625,21.699284172058107,20.918065032958985,0.024631668959851707,0
2021-09-29,NVDA,20.44988250732422,-0.008792854185799781,21.517480659484864,20.956105766296385,0.02430809263552478,1
2021-09-30,NVDA,20.648231506347656,0.009699273282005372,21.365379524230956,20.98220848083496,0.02495452324207065,1
2021-10-01,NVDA,20.674150466918945,0.001255262978009597,21.249958992004395,21.00516231536865,0.0248735629248357,0
2021-10-04,NVDA,19.66745376586914,-0.048693497837342226,21.11231060028076,21.00869972229004,0.026875355421631313,1
2021-10-05,NVDA,20.38409423828125,0.036437887737952535,21.033069801330566,21.03183162689209,0.029970993696410642,1
2021-10-06,NVDA,20.632286071777344,0.01217575971710283,20.909375381469726,21.061641540527344,0.027850214770296314,1
2021-10-07,NVDA,21.006059646606445,0.01811595542679023,20.769135856628417,21.0930472946167,0.027132038000845043,0
2021-10-08,NVDA,20.76285552978516,-0.011577807590419487,20.64454517364502,21.116419830322265,0.02690261667828923,0
2021-10-11,NVDA,20.62729835510254,-0.006528830992835188,20.54836025238037,21.140329971313477,0.02648815016888772,0
2021-10-12,NVDA,20.60338020324707,-0.0011595387550862313,20.545569229125977,21.158759231567384,0.0224254523933279,1
2021-10-13,NVDA,20.870500564575195,0.012964880456170391,20.587631034851075,21.181235237121584,0.02252279889496047,1
2021-10-14,NVDA,21.674863815307617,0.038540678420416974,20.69029426574707,21.21065029144287,0.02526027852726421,1
2021-10-15,NVDA,21.79048538208008,0.005334361856096592,20.801927757263183,21.235142669677735,0.02522324999641034,1
2021-10-18,NVDA,22.14930534362793,0.016466818212453882,21.050112915039062,21.272212829589844,0.016588860704022806,1
2021-10-19,NVDA,22.217084884643555,0.0030601203949325306,21.233411979675292,21.312053680419922,0.014349438720423314,0
2021-10-20,NVDA,22.03069305419922,-0.00838957187282341,21.37325267791748,21.355321884155273,0.015247771256622642,1
2021-10-21,NVDA,22.617769241333008,0.026648103429587122,21.534423637390137,21.41505527496338,0.016169480484611833,1
2021-10-22,NVDA,22.651655197143555,0.0014982006160280115,21.723303604125977,21.471360511779785,0.014933519830380512,1
2021-10-25,NVDA,23.09021377563477,0.019360994800349918,21.9695951461792,21.530796508789063,0.014198473357646334,1
2021-10-26,NVDA,24.636144638061523,0.06695177781584905,22.372871589660644,21.62589473724365,0.02179267152054674,0
2021-10-27,NVDA,24.371013641357425,-0.010761870438708354,22.72292289733887,21.725496520996092,0.023644221940365986,1
2021-10-28,NVDA,24.859411239624023,0.020040101961035894,23.04137763977051,21.843197326660157,0.02236237317945008,1
2021-10-29,NVDA,25.48336601257324,0.025099338312352337,23.410665702819824,21.95826950073242,0.022382760935013634,1
2021-11-01,NVDA,25.74251365661621,0.010169286267564193,23.76998653411865,22.058234825134278,0.022456556987735445,1
2021-11-02,NVDA,26.314640045166016,0.022224962029019357,24.179742050170898,22.146881370544435,0.022104526849639677,1
2021-11-03,NVDA,26.510990142822266,0.007461629622112831,24.6277717590332,22.242743682861327,0.020574275684539577,1
2021-11-04,NVDA,29.703514099121094,0.1204226601533851,25.336346244812013,22.394085350036622,0.038272306096959655,0
2021-11-05,NVDA,29.654674530029297,-0.0016442353900895101,26.036648178100585,22.547340164184572,0.038528377832455586,1
2021-11-08,NVDA,30.70323181152344,0.03535892057868795,26.797949981689452,22.71024543762207,0.038465008455499314,0
2021-11-09,NVDA,30.556713104248047,-0.004772093966355806,27.390006828308106,22.869183807373048,0.03738411497354626,0
2021-11-10,NVDA,29.362632751464844,-0.03907751297429962,27.889168739318848,23.010200958251954,0.04106292358764997,1
2021-11-11,NVDA,30.29058837890625,0.031603284191030534,28.43228645324707,23.168660888671877,0.04124135693268826,0
2021-11-12,NVDA,30.29058837890625,0.0,28.91300868988037,23.328017921447753,0.041703999246179554,0
2021-11-15,NVDA,29.926782608032227,-0.012010521760857262,29.33143558502197,23.47118808746338,0.04275365885850636,1
2021-11-16,NVDA,30.104198455810547,0.005928330155033246,29.710391426086424,23.62151470184326,0.042798750611795916,0
2021-11-17,NVDA,29.16527938842773,-0.03118897414794286,29.975820350646973,23.75950183868408,0.045167324375246246,1
2021-11-18,NVDA,31.57138442993164,0.0824989539602563,30.162607383728027,23.94884037017822,0.03545723377141624,1
2021-11-19,NVDA,32.87709045410156,0.04135726220900304,30.484848976135254,24.158292770385742,0.03691452396482622,0
2021-11-22,NVDA,31.851463317871094,-0.031195799934373936,30.59967212677002,24.353731384277342,0.03801211731762097,0
2021-11-23,NVDA,31.642152786254883,-0.006571457315079465,30.7082160949707,24.543189582824706,0.03806413144925382,1
2021-11-24,NVDA,32.56712341308594,0.029232228068655886,31.028665161132814,24.74917369842529,0.03549008994225556,0
2021-11-26,NVDA,31.399948120117188,-0.035839066231430294,31.139601135253905,24.933787803649903,0.03748451194310687,1
2021-11-29,NVDA,33.26682662963867,0.059454827835381696,31.43722496032715,25.162557220458986,0.04126507482883,0
2021-11-30,NVDA,32.56911087036133,-0.020973318767222637,31.70145778656006,25.3930606842041,0.0418928445953369,0
2021-12-01,NVDA,31.33600807189941,-0.0378611133527772,31.824638748168944,25.596250801086427,0.0444891292045789,1
2021-12-02,NVDA,32.02482986450195,0.021981797777881118,32.11059379577637,25.79936279296875,0.042844841025183905,0
2021-12-03,NVDA,30.59634017944336,-0.04460569161811567,32.01308937072754,25.963120498657226,0.03754143335639243,0
2021-12-06,NVDA,29.94241142272949,-0.021372777034072254,31.719621467590333,26.121793479919432,0.03451761928708815,1
2021-12-07,NVDA,32.32487106323242,0.07956806173247588,31.766962242126464,26.3365079498291,0.04320255080155587,0
2021-12-08,NVDA,31.72577476501465,-0.018533602099938706,31.775324440002443,26.558397636413574,0.043638926009186195,0
2021-12-09,NVDA,30.393978118896484,-0.041978380543342686,31.558009910583497,26.75727954864502,0.0443435622106487,0
2021-12-10,NVDA,30.102901458740234,-0.009576787185198499,31.428305244445802,26.946372947692872,0.043142468000928524,0
2021-12-13,NVDA,28.072311401367188,-0.06745496144802599,30.90885372161865,27.094336166381837,0.0412253521188101,1
2021-12-14,NVDA,28.24776268005371,0.0062499762195562525,30.47671890258789,27.26594234466553,0.041761726603907035,1
2021-12-15,NVDA,30.36307907104492,0.07488438694951483,30.37942600250244,27.4655220413208,0.0490029661265982,0
2021-12-16,NVDA,28.29760360717773,-0.06802588956918021,30.00670337677002,27.61882839202881,0.05225012962724523,0
2021-12-17,NVDA,27.71344947814941,-0.020643236690196187,29.718414306640625,27.75297618865967,0.0510783350840692,0
2021-12-20,NVDA,27.631702423095703,-0.002949725010528259,29.487343406677248,27.89035312652588,0.050901934047392815,1
2021-12-21,NVDA,28.983442306518555,0.04891989146108533,29.153200531005858,28.0574760055542,0.04578643005281005,1
2021-12-22,NVDA,29.30741310119629,0.011177788726802529,28.911364364624024,28.231556663513185,0.046127451124688794,1
2021-12-23,NVDA,29.546655654907227,0.008163209522616288,28.8266321182251,28.405079765319826,0.04459527370430172,1
2021-12-27,NVDA,30.84754943847656,0.04402846125000526,28.901096916198732,28.5885334777832,0.04674341515634717,0
2021-12-28,NVDA,30.22650718688965,-0.02013262845483199,29.116516494750975,28.757253913879396,0.0407848403675847,0
2021-12-29,NVDA,29.90652084350586,-0.010586282477340947,29.282392311096192,28.912398223876952,0.041217985584635755,0
2021-12-30,NVDA,29.492826461791992,-0.013832915700179194,29.195367050170898,29.05791305541992,0.03372654372681528,0
2021-12-31,NVDA,29.318382263183597,-0.005914800971496881,29.297444915771486,29.20366683959961,0.024845436188760808,1
2022-01-03,NVDA,30.02614402770996,0.024140546302076515,29.52871437072754,29.351834335327148,0.023965972770493348,0
2022-01-04,NVDA,29.19776153564453,-0.027588707071442342,29.68532028198242,29.482756462097168,0.026394680527924118,0
2022-01-05,NVDA,27.517070770263672,-0.057562315636048966,29.538683128356933,29.571293601989748,0.02847942971506439,1
2022-01-06,NVDA,28.089262008666992,0.02079404610979374,29.416868019104005,29.640355949401854,0.02923169228116491,0
2022-01-07,NVDA,27.161195755004883,-0.03303989451113931,29.17832202911377,29.696159591674803,0.030236954282143007,1
2022-01-10,NVDA,27.31371116638184,0.005615195028696451,28.824938201904295,29.74524559020996,0.024858851788686683,1
2022-01-11,NVDA,27.729394912719727,0.015218867322925878,28.575226974487304,29.79016616821289,0.026029978777189617,1
2022-01-12,NVDA,27.91082763671875,0.006542974506659638,28.375657653808595,29.833532447814942,0.02642168470720252,0
2022-01-13,NVDA,26.491308212280277,-0.050859094646515945,28.075505828857423,29.837065811157228,0.029916865403804484,1
2022-01-14,NVDA,26.857154846191406,0.013810062945156298,27.829383087158202,29.84398910522461,0.03087062515646719,0
2022-01-18,NVDA,25.82143211364746,-0.03856412708179402,27.408911895751952,29.766347465515135,0.02990391864655302,0
2022-01-19,NVDA,24.988056182861328,-0.032274582103665184,26.987941360473634,29.673015098571778,0.03016626464226159,0
2022-01-20,NVDA,24.073945999145508,-0.03658188444216748,26.643628883361817,29.54042938232422,0.027490561763328456,0
2022-01-21,NVDA,23.300390243530277,-0.032132486948449945,26.164741706848144,29.395302925109863,0.02528168954737336,0
2022-01-24,NVDA,23.298397064208984,-8.554274415406571e-05,25.778461837768553,29.274018211364748,0.0252840155529139,0
2022-01-25,NVDA,22.253698348999023,-0.04483993951733389,25.272460556030275,29.113280410766603,0.02575817716356379,1
2022-01-26,NVDA,22.70028114318848,0.02006780118907936,24.769549179077153,28.961474266052246,0.026528464603213585,0
2022-01-27,NVDA,21.87489128112793,-0.036360336546237826,24.16595554351807,28.80043643951416,0.025290564060781045,1
2022-01-28,NVDA,22.768070220947266,0.04083124018037543,23.79363174438477,28.653713874816894,0.030473132170813915,1
2022-01-31,NVDA,24.40888786315918,0.07206661022603122,23.548805046081547,28.558586044311525,0.04044695492264498,1
2022-02-01,NVDA,24.56040954589844,0.006207643854514,23.422702789306644,28.41836654663086,0.03924473842196806,1
2022-02-02,NVDA,25.162506103515625,0.024514923356305784,23.440147781372072,28.26407485961914,0.03885545261241803,0
2022-02-03,NVDA,23.87258529663086,-0.05126360631878957,23.42001171112061,28.104497299194335,0.04068316101697296,1
2022-02-04,NVDA,24.242416381835938,0.015491874072695033,23.514214324951173,27.956502571105958,0.039279956131050724,1
2022-02-07,NVDA,24.650129318237305,0.01681816407983372,23.649387550354003,27.798162689208983,0.03941637864671721,1
2022-02-08,NVDA,25.028932571411133,0.01536719131503994,23.926910972595216,27.670742378234863,0.035088545460472687,1
2022-02-09,NVDA,26.62090110778809,0.06360513105522347,24.318972969055174,27.53782386779785,0.0386677088907839,0
2022-02-10,NVDA,25.74267578125,-0.032990067578184235,24.705751419067383,27.401295166015625,0.03816500007717887,0
2022-02-11,NVDA,23.873579025268555,-0.07260693378824379,24.81630229949951,27.252046585083008,0.04630632829453505,1
2022-02-14,NVDA,24.19057846069336,0.013278253549217744,24.79447135925293,27.095361557006836,0.040288212083297664,1
2022-02-15,NVDA,26.411563873291016,0.09181200094931485,24.979586791992187,27.011666030883788,0.04976987630993738,1
2022-02-16,NVDA,26.427513122558597,0.0006038737177433973,25.106087493896485,26.941368064880372,0.04948334072092716,0
2022-02-17,NVDA,24.429819107055664,-0.07559144919306449,25.161810874938965,26.783467025756835,0.05307942946005429,0
2022-02-18,NVDA,23.567546844482425,-0.0352958922370491,25.094323921203614,26.620302467346193,0.05423018175235943,0
2022-02-22,NVDA,23.31634330749512,-0.010658875047324434,24.960945320129394,26.478749771118164,0.053893976265171985,0
2022-02-23,NVDA,22.31649398803711,-0.04288190932308866,24.68970146179199,26.3230216217041,0.05468049744414557,1
2022-02-24,NVDA,23.67321014404297,0.060794323549798523,24.394932365417482,26.235039596557616,0.054265329648763634,1
2022-02-25,NVDA,24.08092498779297,0.017222625967040495,24.228757286071776,26.151702842712403,0.05426114623292801,1
2022-02-28,NVDA,24.30820846557617,0.009438320076924578,24.27222023010254,26.03060543060303,0.048896280844541666,0
2022-03-01,NVDA,23.403064727783203,-0.03723613523698288,24.193468856811524,25.932714653015136,0.05029118701966733,1
2022-03-02,NVDA,24.14784240722656,0.03182393793746097,23.967096710205077,25.86140251159668,0.04044863517993933,0
2022-03-03,NVDA,23.643354415893555,-0.020891638384306743,23.688680839538574,25.781635551452638,0.040501211655628616,0
2022-03-04,NVDA,22.86766624450684,-0.03280787310218902,23.532465553283693,25.659320030212402,0.03468283030136344,0
2022-03-07,NVDA,21.28838539123535,-0.06906174142937982,23.304549407958984,25.498939476013184,0.03919648373918577,1
2022-03-08,NVDA,21.44990348815918,0.007587146416013546,23.11790542602539,25.337004432678224,0.03955574224483324,1
2022-03-09,NVDA,22.9454345703125,0.06972204247813463,23.18079948425293,25.17896213531494,0.04415644199980128,0
2022-03-10,NVDA,22.59048843383789,-0.015469139858168113,23.07252731323242,25.026241760253907,0.039536153162225786,0
2022-03-11,NVDA,22.03415870666504,-0.024626724154380608,22.867850685119627,24.868794517517088,0.039257884212518586,0
2022-03-14,NVDA,21.266447067260746,-0.03484188571139191,22.563674545288087,24.704266929626463,0.03954951080548057,1
2022-03-15,NVDA,22.90455436706543,0.0770277844072278,22.51382350921631,24.5759903717041,0.047367975457942954,1
2022-03-16,NVDA,24.423019409179688,0.0662953322635984,22.54134120941162,24.463927879333497,0.05113875792821391,1
2022-03-17,NVDA,24.692211151123047,0.01102205003539325,22.64622688293457,24.373816871643065,0.050523209723533816,1
2022-03-18,NVDA,26.37418365478516,0.06811753282717303,22.996878623962402,24.350959129333496,0.052080396715705954,1
2022-03-21,NVDA,26.65435028076172,0.010622760106765439,23.53347511291504,24.32226089477539,0.04299500908649682,0
2022-03-22,NVDA,26.444976806640625,-0.00785513328652443,24.032982444763185,24.307936515808105,0.04389966773218444,0
2022-03-23,NVDA,25.557626724243164,-0.033554579717938626,24.29420166015625,24.27281482696533,0.04357272506397885,1
2022-03-24,NVDA,28.066131591796875,0.09815093140765763,24.84176597595215,24.279549560546876,0.05004203167626543,0
2022-03-25,NVDA,27.6094970703125,-0.016269948709919047,25.399299812316894,24.27352294921875,0.049220689414495096,1
2022-03-28,NVDA,28.13492774963379,0.019030795018945446,26.0861478805542,24.30639533996582,0.04483306353444882,1
2022-03-29,NVDA,28.57062149047852,0.015485866703546236,26.65275459289551,24.340664672851563,0.04165880389189179,0
2022-03-30,NVDA,27.60750389099121,-0.03371006821844169,26.97120304107666,24.37638610839844,0.042139259560316354,0
2022-03-31,NVDA,27.2047061920166,-0.014590152755753039,27.222452545166014,24.420719108581544,0.043048408037056556,0
2022-04-01,NVDA,26.632417678833008,-0.021036379115593418,27.2482759475708,24.471888542175293,0.038824450576260945,1
2022-04-04,NVDA,27.27848625183105,0.024258727870265062,27.310689544677736,24.551450462341307,0.03941052869703489,0
2022-04-05,NVDA,25.853742599487305,-0.05222957165550601,27.2515661239624,24.602557373046874,0.043093531769878665,0
2022-04-06,NVDA,24.334285736083984,-0.058771253622423414,27.129232025146486,24.644169120788575,0.04583192238442927,0
2022-04-07,NVDA,24.135875701904297,-0.008153517893704887,26.736206436157225,24.67288101196289,0.02860505473937225,0
2022-04-08,NVDA,23.05011558532715,-0.044985321021166924,26.280268287658693,24.696385498046876,0.030188937294736713,0
2022-04-11,NVDA,21.85169982910156,-0.051991746062586164,25.651945495605467,24.678058090209962,0.028977688295111572,0
2022-04-12,NVDA,21.43993186950684,-0.018843749585390923,24.9388765335083,24.618678970336916,0.02553355576589926,1
2022-04-13,NVDA,22.136852264404297,0.03250571872799002,24.39181137084961,24.57020782470703,0.03172494395058826,0
2022-04-14,NVDA,21.19466209411621,-0.042562066143573274,23.79080696105957,24.490850944519043,0.03228755412305831,1
2022-04-18,NVDA,21.71809959411621,0.02469666643778723,23.299375152587892,24.44776123046875,0.03582729275399917,1
2022-04-19,NVDA,22.13186454772949,0.019051618757903288,22.784712982177734,24.40555019378662,0.03515034868282729,0
2022-04-20,NVDA,21.41800117492676,-0.032255003696738394,22.34113883972168,24.34090763092041,0.03365939024331544,0
2022-04-21,NVDA,20.12286949157715,-0.06046930676545925,21.919997215270996,24.24278636932373,0.03389068224596231,0
2022-04-22,NVDA,19.45685768127441,-0.03309725834983479,21.452095413208006,24.099505500793455,0.03397868672476875,1
2022-04-25,NVDA,19.842708587646484,0.01983110082279227,21.13135471343994,23.981506156921387,0.03501770623623811,0
2022-04-26,NVDA,18.73202133178711,-0.0559745788209004,20.819386863708495,23.878675003051757,0.035513014035369696,0
2022-04-27,NVDA,18.36013603210449,-0.019852918865277736,20.51140727996826,23.76206615447998,0.03552749166616449,1
2022-04-28,NVDA,19.72306251525879,0.07423291857811343,20.27002830505371,23.628296127319334,0.04330228295299531,0
2022-04-29,NVDA,18.49174118041992,-0.06243053450174163,19.99973621368408,23.46958068847656,0.04533769536743411,1
2022-05-02,NVDA,19.474803924560547,0.05316225954868714,19.775406646728516,23.37048038482666,0.04870966798361456,1
2022-05-03,NVDA,19.543598175048828,0.003532474614623471,19.516580009460448,23.290001411437988,0.047929990455533034,1
2022-05-04,NVDA,20.273420333862305,0.037343285114469715,19.402121925354002,23.229142951965333,0.04957899059789916,0
2022-05-05,NVDA,18.78785896301269,-0.07327630692726816,19.268620872497557,23.158570251464845,0.0513237804814503,0
2022-05-06,NVDA,18.61935806274414,-0.008968605768239768,19.18487091064453,23.057493209838867,0.05044992962740629,0
2022-05-09,NVDA,16.899497985839844,-0.09236946145558045,18.890549850463866,22.913864669799803,0.05682294807165301,1
2022-05-10,NVDA,17.542577743530273,0.038053187037228486,18.771605491638184,22.778552055358887,0.056969491783394555,0
2022-05-11,NVDA,16.580448150634766,-0.05484539427224955,18.59363670349121,22.642099723815917,0.05901713375448403,0
2022-05-12,NVDA,16.126802444458008,-0.02736028013569647,18.234010696411133,22.481678924560548,0.05143987997841552,1
2022-05-13,NVDA,17.653247833251953,0.0946526996936401,18.150161361694337,22.361876792907715,0.05989668789412938,0
2022-05-16,NVDA,17.212560653686523,-0.02496351853936729,17.923937034606933,22.24877468109131,0.05676967331615872,1
2022-05-17,NVDA,18.12284278869629,0.05288475975913576,17.78186149597168,22.18546382904053,0.06019774757404586,0
2022-05-18,NVDA,16.887535095214844,-0.06816301989067297,17.443272972106932,22.09421646118164,0.06101970182418865,1
2022-05-19,NVDA,17.072982788085938,0.010981335750037458,17.27178535461426,21.97676742553711,0.05804358751137023,0
2022-05-20,NVDA,16.64426612854004,-0.025110823625094425,17.074276161193847,21.85784297943115,0.05829712217025345,1
2022-05-23,NVDA,16.847654342651367,0.01221971654025511,17.069091796875,21.75411289215088,0.050687986536688136,0
2022-05-24,NVDA,16.10586929321289,-0.044028980791740224,16.92542095184326,21.65090133666992,0.05063733904596484,1
2022-05-25,NVDA,16.924427032470703,0.05082356775382246,16.959818840026855,21.531298789978027,0.05065565051565784,1
2022-05-26,NVDA,17.79781723022461,0.05160530374695971,17.126920318603517,21.398794746398927,0.05151112077379993,1
2022-05-27,NVDA,18.75495719909668,0.05377850308781884,17.237091255187988,21.280049667358398,0.04540323299355972,0
2022-05-31,NVDA,18.616374969482425,-0.007389098686982232,17.37747268676758,21.124893493652344,0.0443564868911069,0
2022-06-01,NVDA,18.265419006347656,-0.018852003341686352,17.391730308532715,20.957114868164062,0.042174652050925084,1
2022-06-02,NVDA,19.53363037109375,0.06943237186649598,17.656339836120605,20.818887939453123,0.039233124958690795,0
2022-06-03,NVDA,18.664226531982425,-0.04450805214364484,17.815464210510253,20.68101993560791,0.0436000658741771,1
2022-06-06,NVDA,18.730026245117188,0.0035254454837445603,18.02404022216797,20.494297828674316,0.04196223363426949,1
2022-06-07,NVDA,18.869613647460938,0.007452600467131809,18.226236152648926,20.319500160217284,0.04199486548380273,0
2022-06-08,NVDA,18.59636878967285,-0.014480681104186433,18.475286102294923,20.128728981018067,0.038493746064752435,0
2022-06-09,NVDA,17.998029708862305,-0.03217504920330594,18.582646369934082,19.917277145385743,0.038890496266010544,0
2022-06-10,NVDA,16.927013397216797,-0.05950741992153363,18.495565986633302,19.703667335510254,0.04051809387920409,0
2022-06-13,NVDA,15.603680610656738,-0.07817875224093851,18.180438327789307,19.471646823883056,0.04099651676765783,1
2022-06-14,NVDA,15.792156219482422,0.01207891993745136,17.898016452789307,19.254841594696046,0.041978788059176264,1
2022-06-15,NVDA,16.481245040893555,0.04363487872295857,17.719599056243897,19.038896770477294,0.04589585061018735,0
2022-06-16,NVDA,15.55780792236328,-0.05602957278039533,17.32201681137085,18.832978076934815,0.038550890538084165,1
2022-06-17,NVDA,15.836033821105955,0.01788336121200884,17.039197540283205,18.663013038635253,0.03950770260932539,1
2022-06-21,NVDA,16.52013397216797,0.04319895744035729,16.818208312988283,18.510698204040526,0.04343609165424266,0
2022-06-22,NVDA,16.31471061706543,-0.012434726948862718,16.562718009948732,18.375990104675292,0.04291840173256986,0
2022-06-23,NVDA,16.180084228515625,-0.008251840422408896,16.32108955383301,18.262557792663575,0.04294940537031231,1
2022-06-24,NVDA,17.078584671020508,0.05553125866436304,16.229145050048828,18.175330848693847,0.04732586420005553,0
2022-06-27,NVDA,16.822294235229492,-0.015006538347753007,16.218673133850096,18.06903968811035,0.043484532976617474,0
2022-06-28,NVDA,15.93775463104248,-0.0525813894239584,16.252080535888673,17.963901538848877,0.0388631282368095,0
2022-06-29,NVDA,15.49897289276123,-0.0275309633282107,16.222762203216554,17.839519004821778,0.039819375475031296,0
2022-06-30,NVDA,15.11703109741211,-0.024643039122128285,16.086340808868407,17.69922233581543,0.03704218593920284,0
2022-07-01,NVDA,14.482792854309082,-0.04195521190742291,15.978839302062989,17.560518169403075,0.03523735109302718,1
2022-07-05,NVDA,14.922569274902344,0.03036544297893573,15.887492847442626,17.45651216506958,0.0364019887321484,1
2022-07-06,NVDA,15.088111877441406,0.011093438367713482,15.744290637969971,17.36913724899292,0.03289289781905466,1
2022-07-07,NVDA,15.814094543457031,0.04811620379757775,15.694229030609131,17.28856496810913,0.03736570602508847,0
2022-07-08,NVDA,15.79415225982666,-0.0012610449226523324,15.655635833740234,17.22980758666992,0.03731120779955749,0
2022-07-11,NVDA,15.110052108764648,-0.0433135086839741,15.458782577514649,17.164805908203125,0.03331856164714398,0
2022-07-12,NVDA,15.040244102478027,-0.0046199712472287935,15.280577564239502,17.07114953994751,0.033364911371032556,1
2022-07-13,NVDA,15.122017860412598,0.00543699672541198,15.199003887176513,17.003755073547364,0.030149480202234246,1
2022-07-14,NVDA,15.329442024230955,0.013716698772150426,15.182050800323486,16.920847835540773,0.02951369910218036,1
2022-07-15,NVDA,15.71836280822754,0.025370837593555295,15.24218397140503,16.844343128204347,0.02924313158918957,1
2022-07-18,NVDA,16.056421279907227,0.021507231752071254,15.399546813964843,16.760003147125243,0.02461002247404055,1
2022-07-19,NVDA,16.94495964050293,0.055338505704730645,15.601785850524902,16.72314516067505,0.0278833188316724,1
2022-07-20,NVDA,17.757699966430664,0.047963544509428635,15.868744659423829,16.70591199874878,0.02994434344069538,1
2022-07-21,NVDA,18.000024795532227,0.013646183321018857,16.087337684631347,16.72792253494263,0.027853103600708713,0
2022-07-22,NVDA,17.271053314208984,-0.04049835984138084,16.23502779006958,16.7224920463562,0.03251769637924468,0
2022-07-25,NVDA,16.976865768432617,-0.0170335613250836,16.42170915603638,16.73042039871216,0.028605903989846342,0
2022-07-26,NVDA,16.487228393554688,-0.02884144703484537,16.56640758514404,16.737628917694092,0.03109452191858757,1
2022-07-27,NVDA,17.74074935913086,0.07602981748382942,16.82828073501587,16.73937894821167,0.03740248701393209,1
2022-07-28,NVDA,17.93421173095703,0.01090497181995298,17.088757705688476,16.75381196975708,0.037438124000819285,1
2022-07-29,NVDA,18.112716674804688,0.009953319751407452,17.32819309234619,16.75360944747925,0.037346764667324776,1
2022-08-01,NVDA,18.389942169189453,0.015305572287253488,17.561545181274415,16.78365758895874,0.0372762263308493,1
2022-08-02,NVDA,18.47471237182617,0.004609595933299904,17.71452045440674,16.811692180633546,0.034408829490412456,1
2022-08-03,NVDA,18.8406925201416,0.019809788696550923,17.822819709777832,16.855620708465576,0.03194895745867258,1
2022-08-04,NVDA,19.16180229187012,0.017043416603993666,17.93899745941162,16.90190366744995,0.032052598277174875,0
2022-08-05,NVDA,18.936429977416992,-0.011761540538843152,18.105535125732423,16.958514881134032,0.02843170603886258,0
2022-08-08,NVDA,17.743732452392578,-0.06298428618524132,18.182221794128417,16.974900989532472,0.03593733043408187,0
2022-08-09,NVDA,17.038694381713867,-0.03973448498338028,18.237368392944337,16.959718532562256,0.037219530460277116,1
2022-08-10,NVDA,18.046897888183597,0.05917140620538075,18.26798324584961,16.945557346343993,0.033816551161179716,0
2022-08-11,NVDA,17.89232635498047,-0.008564991842965775,18.263794708251954,16.931076374053955,0.0338221986800175,1
2022-08-12,NVDA,18.65720558166504,0.04274900935236192,18.31824359893799,16.938912105560302,0.036358774772463895,1
2022-08-15,NVDA,18.979307174682617,0.01726419273281299,18.377180099487305,16.92782564163208,0.03643424869689052,0
2022-08-16,NVDA,18.826732635498047,-0.00803899414137188,18.412382125854492,16.931075763702392,0.03662056404215874,0
2022-08-17,NVDA,18.284238815307617,-0.02881508069900296,18.356736755371095,16.9221600151062,0.037288227278741724,1
2022-08-18,NVDA,18.72102928161621,0.023888906217026218,18.312659454345702,16.919188327789307,0.037744213921726194,0
2022-08-19,NVDA,17.799583435058594,-0.049219828284893685,18.198974800109863,16.90325262069702,0.04060586011265904,0
2022-08-22,NVDA,16.98683738708496,-0.04566095891732069,18.1232852935791,16.883028774261476,0.038174296763439454,1
2022-08-23,NVDA,17.13343048095703,0.008629804979679356,18.13275890350342,16.88715711593628,0.036109006245772714,1
2022-08-24,NVDA,17.174320220947266,0.0023865471678705674,18.045501136779784,16.91856990814209,0.02990027889006496,1
2022-08-25,NVDA,17.8634033203125,0.04012287476302956,18.04260883331299,16.95999485015869,0.03297739950640888,0
2022-08-26,NVDA,16.214982986450195,-0.0922791869110341,17.798386573791504,16.954669609069825,0.04047163956706684,0
2022-08-29,NVDA,15.757253646850586,-0.028228789384614483,17.4761812210083,16.95865852355957,0.03920735580332898,0
2022-08-30,NVDA,15.425176620483398,-0.021074549779400154,17.136025619506835,16.95044137954712,0.0390661134238268,0
2022-08-31,NVDA,15.05221176147461,-0.024178968460790373,16.812822914123537,16.921082935333253,0.03896439908056775,0
2022-09-01,NVDA,13.898415565490724,-0.07665293408487439,16.330561542510985,16.872757034301756,0.039757247057555706,0
2022-09-02,NVDA,13.609217643737791,-0.020807977743232953,15.911524963378906,16.821339702606203,0.03913147297725073,0
2022-09-06,NVDA,13.42772102355957,-0.013336300802106349,15.555613327026368,16.748322429656984,0.03863819817621302,1
2022-09-07,NVDA,13.680096626281738,0.018795118120145782,15.210279941558838,16.68547847747803,0.039669376262817614,1
2022-09-08,NVDA,13.955415725708008,0.02012552300963555,14.888389492034912,16.64583169937134,0.04122362638965248,1
2022-09-09,NVDA,14.351430892944336,0.02837716733202056,14.537192249298096,16.622880859375,0.03945759694023456,1
2022-09-12,NVDA,14.469139099121094,0.008201844614297515,14.362607860565186,16.60992301940918,0.031197660074474838,0
2022-09-13,NVDA,13.098535537719728,-0.09472599247349978,14.0967360496521,16.582237873077393,0.04088859642879361,0
2022-09-14,NVDA,13.095544815063477,-0.00022832496408775604,13.863772869110107,16.545697383880615,0.04121775221455615,0
2022-09-15,NVDA,12.897035598754885,-0.015158530562260464,13.648255252838135,16.501875858306885,0.041103874312905554,1
2022-09-16,NVDA,13.165369987487791,0.020805896570434523,13.574950695037842,16.4489013671875,0.03597445493348788,1
2022-09-19,NVDA,13.348917007446287,0.013941652998201937,13.548920631408691,16.39999666213989,0.035934132110612055,0
2022-09-20,NVDA,13.143425941467283,-0.015393838006811822,13.520491123199463,16.360664138793947,0.03601637581151804,1
2022-09-21,NVDA,13.228217124938965,0.006451223893168212,13.475303173065186,16.324423599243165,0.035449598496008386,0
2022-09-22,NVDA,12.529945373535156,-0.05278653538936606,13.3327561378479,16.272582149505617,0.03764941684955344,0
2022-09-23,NVDA,12.485057830810549,-0.0035824212625392704,13.14611883163452,16.215694465637206,0.03530855969825503,0
2022-09-26,NVDA,12.197771072387695,-0.023010446752908864,12.918982028961182,16.14528263092041,0.03457370447466021,1
2022-09-27,NVDA,12.38231372833252,0.01512921130013467,12.84735984802246,16.071800479888918,0.022119656578940047,1
2022-09-28,NVDA,12.704514503479004,0.026021047618042692,12.808256816864013,15.986991577148437,0.024253898951546,0
2022-09-29,NVDA,12.18978786468506,-0.04051525453042626,12.737532043457032,15.875633335113525,0.026877895507380567,0
2022-09-30,NVDA,12.108990669250488,-0.006628269198075909,12.6318941116333,15.75781265258789,0.025269891337014263,1
2022-10-03,NVDA,12.481066703796388,0.030727254212091104,12.545109081268311,15.662012920379638,0.027362889373815154,1
2022-10-04,NVDA,13.134448051452637,0.05234980015430146,12.544211292266846,15.585164566040039,0.032735807075672654,1
2022-10-05,NVDA,13.17634391784668,0.003189769850238111,12.539023971557617,15.51894687652588,0.03268520032747963,0
2022-10-06,NVDA,13.097538948059082,-0.005980791809848007,12.59578332901001,15.426082668304444,0.027155528076002175,0
2022-10-07,NVDA,12.046146392822266,-0.08027405449270464,12.551892185211182,15.308321361541749,0.03831357521004183,0
2022-10-10,NVDA,11.64115047454834,-0.03362037161653986,12.496230125427246,15.178890037536622,0.03907178871790232,0
2022-10-11,NVDA,11.557357788085938,-0.00719797297059277,12.413734531402588,15.04223834991455,0.03849339167198366,0
2022-10-12,NVDA,11.47156810760498,-0.00742294926348952,12.290439891815186,14.902175464630126,0.03679914911548849,1
2022-10-13,NVDA,11.93043327331543,0.040000212822364656,12.264504432678223,14.763970279693604,0.038055005890829816,0
2022-10-14,NVDA,11.199244499206545,-0.0612876965452982,12.17352981567383,14.604719123840333,0.04253719243613513,1
2022-10-17,NVDA,11.858610153198242,0.058875904891478426,12.111284160614014,14.463162727355957,0.04609054959413018,1
2022-10-18,NVDA,11.937413215637209,0.006645219078874387,11.99158067703247,14.34703634262085,0.04194662290801317,1
2022-10-19,NVDA,12.021206855773926,0.0070194135549361825,11.876066970825196,14.246686592102051,0.04208456431843487,1
2022-10-20,NVDA,12.163856506347656,0.011866499951726173,11.782698726654052,14.129025764465332,0.042570619867082854,1
2022-10-21,NVDA,12.435179710388184,0.022305689309877863,11.821602058410644,14.019882831573486,0.034404998701393484,1
2022-10-24,NVDA,12.567853927612305,0.010669264161360381,11.91427240371704,13.898095798492431,0.031817726250340045,1
2022-10-25,NVDA,13.228217124938965,0.052543831359768145,12.081358337402344,13.783073997497558,0.03414018261319375,0
2022-10-26,NVDA,12.864118576049805,-0.027524385595601553,12.220613384246827,13.663821716308593,0.03608597742992588,1
2022-10-27,NVDA,13.143425941467283,0.021712126156663958,12.341912651062012,13.561005458831787,0.03496144286117486,1
2022-10-28,NVDA,13.799798011779783,0.049939191899857516,12.601968002319335,13.462580833435059,0.026276142999360208,0
2022-10-31,NVDA,13.463632583618164,-0.024360170190510178,12.762470245361328,13.37586181640625,0.026271075660444135,1
2022-11-01,NVDA,13.509517669677734,0.0034080762212274074,12.91968069076538,13.306315422058105,0.026378921174150357,0
2022-11-02,NVDA,13.186318397521973,-0.02392382023239703,13.036191844940186,13.227373180389405,0.028828035474480575,1
2022-11-03,NVDA,13.38782024383545,0.015281130050017966,13.158588218688966,13.151643180847168,0.028877208165111554,1
2022-11-04,NVDA,14.12100315093994,0.054764920184978694,13.32717056274414,13.076795177459717,0.03206211962817878,1
2022-11-07,NVDA,14.265644073486328,0.010242963690349383,13.496949577331543,13.03780839920044,0.03206621690387857,1
2022-11-08,NVDA,14.565900802612305,0.021047541041909534,13.630717945098876,13.013981342315674,0.029191235139654124,0
2022-11-09,NVDA,13.741941452026367,-0.056567689273166355,13.718500232696533,12.980316638946533,0.034337205746549575,1
2022-11-10,NVDA,15.711061477661133,0.14329270958612628,13.975263786315917,12.993493633270264,0.055231748972805826,1
2022-11-11,NVDA,16.286632537841797,0.0366347659576689,14.223947238922118,13.041257972717284,0.0545682857898269,0
2022-11-14,NVDA,16.25471305847168,-0.001959857527082609,14.50305528640747,13.094167881011963,0.05307638030618341,1
2022-11-15,NVDA,16.624797821044922,0.02276784347050409,14.81458330154419,13.15810941696167,0.05274699536563439,0
2022-11-16,NVDA,15.87066650390625,-0.045361833885524616,15.083018112182618,13.20192081451416,0.055206326955818445,0
2022-11-17,NVDA,15.638242721557615,-0.014644865878281066,15.308060359954833,13.235577354431152,0.05629184088225851,0
2022-11-18,NVDA,15.370904922485352,-0.017095130433276484,15.433050537109375,13.255966835021972,0.05551972190810246,0
2022-11-21,NVDA,15.279133796691896,-0.005970443917014179,15.534399509429932,13.272166728973389,0.055742796999501666,1
2022-11-22,NVDA,15.9983491897583,0.04707173866244441,15.677644348144531,13.33016300201416,0.057001771054170244,1
2022-11-23,NVDA,16.47816276550293,0.029991442870355156,15.951266479492187,13.39781536102295,0.05198352254074947,0
2022-11-25,NVDA,16.229782104492188,-0.015073322465944283,16.003138542175293,13.464470291137696,0.029201621789904802,0
2022-11-28,NVDA,15.787870407104492,-0.02722844302791838,15.953262329101562,13.51692029953003,0.028147352513079905,0
2022-11-29,NVDA,15.600337028503418,-0.011878320113185459,15.887824726104736,13.561948699951172,0.028290790996734295,1
2022-11-30,NVDA,16.885482788085938,0.08237935867888146,15.913893222808838,13.636789836883544,0.03881880837832889,1
2022-12-01,NVDA,17.097007751464844,0.012527030824854624,16.036527347564697,13.714165649414063,0.035070254166998556,0
2022-12-02,NVDA,16.838586807250977,-0.015114980818308754,16.156561756134032,13.80033847808838,0.035104292654391765,0
2022-12-05,NVDA,16.57317543029785,-0.015762093339022676,16.276788806915285,13.882100830078125,0.0350009529022349,0
2022-12-06,NVDA,15.951556205749512,-0.037507551112500814,16.344031047821044,13.957176532745361,0.03772391919321129,1
2022-12-07,NVDA,16.08426284790039,0.008319353951374842,16.352622413635252,14.031215515136719,0.03479151601651606,1
2022-12-08,NVDA,17.130937576293945,0.06507446056380428,16.417899894714356,14.119743976593018,0.039484763647647886,0
2022-12-09,NVDA,16.96330451965332,-0.009785398837282466,16.491252136230468,14.215214309692383,0.03922697859953697,1
2022-12-12,NVDA,17.49612808227539,0.031410363588341594,16.66207790374756,14.32295705795288,0.0382270760115604,1
2022-12-13,NVDA,18.03193473815918,0.030624298894255997,16.905237674713135,14.433974418640137,0.037764921488542255,0
2022-12-14,NVDA,17.634815216064453,-0.02202312330103673,16.980170917510986,14.523981761932372,0.030950951336600734,0
2022-12-15,NVDA,16.914417266845703,-0.04085089298596689,16.96191186904907,14.598743228912353,0.03392555953233841,0
2022-12-16,NVDA,16.534259796142578,-0.02247535133523515,16.93147916793823,14.667477645874023,0.03435353297030781,0
2022-12-19,NVDA,16.21796226501465,-0.019129827100075047,16.89595785140991,14.75091396331787,0.03452715466784598,0
2022-12-20,NVDA,16.04934310913086,-0.010397061796569518,16.90573654174805,14.839077816009521,0.03239602391779255,1
2022-12-21,NVDA,16.464414596557617,0.025862210347451065,16.943751716613768,14.937218952178956,0.033294330886793636,0
2022-12-22,NVDA,15.30499267578125,-0.07041986910477704,16.7611572265625,15.01388744354248,0.032714545868421784,0
2022-12-23,NVDA,15.172286987304688,-0.00867074498418785,16.582055473327635,15.078724517822266,0.032719976742444805,0
2022-12-27,NVDA,14.089692115783691,-0.071353440152223,16.241411876678466,15.13653347015381,0.03416301307333106,0
2022-12-28,NVDA,14.0048828125,-0.006019244607104346,15.838706684112548,15.179458923339844,0.029697792205595562,1
2022-12-29,NVDA,14.570623397827148,0.04039595281884112,15.532287502288819,15.232123126983643,0.036146806393007935,1
2022-12-30,NVDA,14.581599235534668,0.0007532853885412472,15.299005699157714,15.283330974578858,0.035654520519803584,0
2023-01-03,NVDA,14.2832612991333,-0.020459891372842764,15.073905849456787,15.32571907043457,0.03560786748603649,1
2023-01-04,NVDA,14.716299057006836,0.030317848900503597,14.923739528656006,15.371341457366944,0.03815025804226928,0
2023-01-05,NVDA,14.233375549316406,-0.032815554088682086,14.74214277267456,15.404651889801025,0.03889300167048439,1
2023-01-06,NVDA,14.826055526733398,0.04164015593935888,14.578306865692138,15.436608657836913,0.04083688765979465,1
2023-01-09,NVDA,15.59335231781006,0.051753265708004426,14.60714282989502,15.491193332672118,0.038868485219808305,1
2023-01-10,NVDA,15.87372875213623,0.017980510451619525,14.677287006378174,15.545799388885499,0.03892696432698996,1
2023-01-11,NVDA,15.965524673461914,0.005782883326221011,14.864870262145995,15.589113922119141,0.028244390848928772,1
2023-01-12,NVDA,16.474393844604492,0.03187300020201822,15.111821365356445,15.649329147338868,0.027959634214104766,1
2023-01-13,NVDA,16.861534118652344,0.023499515532988458,15.340912437438964,15.71636947631836,0.026858900756155078,1
2023-01-17,NVDA,17.662755966186523,0.04751773129871162,15.649028110504151,15.80589822769165,0.02813717924739443,0
2023-01-18,NVDA,17.338478088378906,-0.018359415621685082,15.954549789428711,15.88491138458252,0.027809932602814433,0
2023-01-19,NVDA,16.727827072143555,-0.0352194127490717,16.155702590942383,15.937047863006592,0.03242619934063014,1
2023-01-20,NVDA,17.79945182800293,0.06406240040847422,16.512310218811034,16.007724018096923,0.031556162863509644,1
2023-01-23,NVDA,19.150447845458984,0.07590099012659501,16.944749450683595,16.099414958953858,0.035421533944644444,1
2023-01-24,NVDA,19.222286224365234,0.0037512636511676245,17.30764284133911,16.209021854400635,0.03486405658680974,1
2023-01-25,NVDA,19.28015899658203,0.0030107122296119115,17.64828586578369,16.280403804779052,0.03535838268635899,1
2023-01-26,NVDA,19.75809669494629,0.024789095279192708,18.02754306793213,16.34983308792114,0.03500746817604985,1
2023-01-27,NVDA,20.319849014282227,0.02843149965348757,18.4120885848999,16.431135807037354,0.03491732707190341,0
2023-01-30,NVDA,19.119518280029297,-0.0590718333295317,18.637887001037598,16.48103021621704,0.043228557123025126,1
2023-01-31,NVDA,19.49368667602539,0.019569969834800638,18.820980072021484,16.553490619659424,0.04165847791419647,1
2023-02-01,NVDA,20.89657020568848,0.07196604485227764,19.17678928375244,16.658657169342042,0.04436528008468048,1
2023-02-02,NVDA,21.660871505737305,0.03657544240637001,19.670093727111816,16.78445650100708,0.040090110368228474,0
2023-02-03,NVDA,21.05322265625,-0.028052834777509195,19.995470809936524,16.899938278198242,0.041170290486259316,0
2023-02-06,NVDA,21.04224395751953,-0.0005214735487162336,20.184650421142578,17.000816173553467,0.03592210907574858,1
2023-02-07,NVDA,22.123842239379883,0.05140128039784653,20.474806022644042,17.113729763031007,0.038089485031384,1
2023-02-08,NVDA,22.1557674407959,0.001443022467371824,20.76236686706543,17.23224946975708,0.03814662691286633,1
2023-02-09,NVDA,22.287477493286133,0.005944729869646226,21.015304946899413,17.362241611480712,0.03805561666460188,0
2023-02-10,NVDA,21.21785926818848,-0.04799189255131564,21.10510597229004,17.474592056274414,0.04202714050797343,1
2023-02-13,NVDA,21.73969268798828,0.024594065461739367,21.367123413085938,17.57167625427246,0.03567465528869038,1
2023-02-14,NVDA,22.920068740844727,0.05429589414153191,21.70976161956787,17.68813747406006,0.03794952543206066,0
2023-02-15,NVDA,22.713523864746094,-0.009011529521748773,21.89145698547363,17.80563621520996,0.03325907731854842,0
2023-02-16,NVDA,21.95322036743164,-0.0334736037367821,21.920691871643065,17.913237113952636,0.034140025387251596,0
2023-02-17,NVDA,21.34058380126953,-0.027906455449742462,21.949427986145018,18.021017665863038,0.03412580195913355,0
2023-02-21,NVDA,20.609209060668945,-0.034271543244148606,21.90612449645996,18.11151659011841,0.03600650908814837,1
2023-02-22,NVDA,20.70798683166504,0.004792894802770675,21.764538955688476,18.18305757522583,0.031077434806440315,1
2023-02-23,NVDA,23.611536026000977,0.14021397724167262,21.910115814208986,18.316022205352784,0.05591027294682923,0
2023-02-24,NVDA,23.234373092651367,-0.015973672061583732,22.00480537414551,18.430787105560302,0.0564148970169281,1
2023-02-27,NVDA,23.448898315429688,0.009233097098116705,22.227909278869628,18.539126377105713,0.05319333724422137,0
2023-02-28,NVDA,23.164531707763672,-0.01212707752154385,22.370393180847167,18.649720706939696,0.053436680168897396,0
2023-03-01,NVDA,22.64767837524414,-0.022312272013092604,22.34315414428711,18.764385929107664,0.05144918944441867,1
2023-03-02,NVDA,23.26231002807617,0.027138837043176656,22.39803276062012,18.898946933746338,0.0520190578713494,1
2023-03-03,NVDA,23.837034225463867,0.02470623926403026,22.58641414642334,19.05132837295532,0.05065608817193859,0
2023-03-06,NVDA,23.501781463623047,-0.0140643655024284,22.802533912658692,19.200377140045166,0.04970512901613559,0
2023-03-07,NVDA,23.24031639099121,-0.011125329926011895,23.065644645690917,19.33589517593384,0.047881999983437465,1
2023-03-08,NVDA,24.131486892700195,0.03834588508676395,23.407994651794432,19.512425060272218,0.048411905777339725,0
2023-03-09,NVDA,23.38801383972168,-0.030809251675387506,23.385642433166502,19.676739597320555,0.023731225686628794,0
2023-03-10,NVDA,22.917978286743164,-0.020097283856580272,23.354002952575684,19.853305320739747,0.02405969143926452,1
2023-03-13,NVDA,22.91897201538086,4.336022249695759e-05,23.3010103225708,20.031587104797364,0.023794731088989548,1
2023-03-14,NVDA,24.01372528076172,0.04776624643750038,23.385929679870607,20.220449142456054,0.028116251305689774,1
2023-03-15,NVDA,24.17838859558105,0.0068570499951230435,23.539000701904296,20.412384929656984,0.026557765689800963,1
2023-03-16,NVDA,25.48870658874512,0.054193768455005786,23.761640357971192,20.63649383544922,0.03000558924886573,1
2023-03-17,NVDA,25.672327041625977,0.007203992569867701,23.9451696395874,20.8556143951416,0.029532063612152826,1
2023-03-20,NVDA,25.846967697143555,0.006802681160706925,24.179688262939454,21.087886238098143,0.028533362700377637,1
2023-03-21,NVDA,26.14535140991211,0.011544244426069827,24.470191764831544,21.314272155761717,0.02755963632299995,1
2023-03-22,NVDA,26.41380500793457,0.01026773722844987,24.69842357635498,21.530681209564207,0.02598343837530705,1
2023-03-23,NVDA,27.13532257080078,0.02731592675305472,25.07315444946289,21.7559130859375,0.022224207711266944,0
2023-03-24,NVDA,26.724164962768555,-0.01515211794366711,25.45377311706543,21.971085891723632,0.021391190242519367,0
2023-03-27,NVDA,26.476673126220703,-0.00926097548389826,25.809543228149415,22.171131477355956,0.022328899260041786,0
2023-03-28,NVDA,26.355928421020508,-0.004560418320858406,26.04376354217529,22.36101936340332,0.019710777926355855,1
2023-03-29,NVDA,26.928749084472656,0.021734034722726392,26.318799591064455,22.546339225769042,0.02004593723914656,1
2023-03-30,NVDA,27.326927185058597,0.014786357113614867,26.5026216506958,22.746108207702637,0.013377415933797902,1
2023-03-31,NVDA,27.720125198364254,0.014388665459636574,26.707401466369628,22.96595417022705,0.013576969506438438,1
2023-04-03,NVDA,27.90773582458496,0.006768029540926479,26.913478279113768,23.168119850158693,0.013577252950634158,0
2023-04-04,NVDA,27.396787643432617,-0.01830847849370243,27.03862190246582,23.333046646118163,0.01576418169364087,0
2023-04-05,NVDA,26.82596206665039,-0.020835492985947224,27.079837608337403,23.485120162963867,0.017534074618519194,1
2023-04-06,NVDA,26.981639862060547,0.005803251157344036,27.06446933746338,23.63914978027344,0.015205407901557366,1
2023-04-10,NVDA,27.52253150939941,0.02004665580387588,27.144305992126466,23.7944384765625,0.015498640061007037,0
2023-04-11,NVDA,27.113370895385746,-0.01486638734063872,27.207975769042967,23.93030891418457,0.016083927236262424,0
2023-04-12,NVDA,26.44074821472168,-0.024807785179471575,27.216457748413085,24.07673351287842,0.018205393512981838,0
2023-04-13,NVDA,26.408811569213867,-0.0012078571017907214,27.164463996887207,24.21503601074219,0.01660318167166887,1
2023-04-14,NVDA,26.70321083068848,0.011147766369684398,27.102092361450197,24.331168823242187,0.016234512835634714,1
2023-04-17,NVDA,26.94670867919922,0.009118673033540192,27.02475070953369,24.436885566711425,0.015713834023456733,1
2023-04-18,NVDA,27.610349655151367,0.024627904797309474,26.995012092590333,24.568028106689454,0.017789198913709475,1
2023-04-19,NVDA,27.873809814453125,0.009542079785020086,27.042714309692382,24.704659423828126,0.016924953003954912,0
2023-04-20,NVDA,27.048498153686523,-0.02960885742783037,27.064967918395997,24.80315254211426,0.018395464326499484,1
2023-04-21,NVDA,27.0634708404541,0.0005535496530160167,27.07315101623535,24.901306610107422,0.018317251607386394,0
2023-04-24,NVDA,26.986629486083984,-0.0028393015376008135,27.01956081390381,24.99528964996338,0.016978151356278975,0
2023-04-25,NVDA,26.187271118164062,-0.02962053369177209,26.92695083618164,25.09467788696289,0.018781781445402646,1
2023-04-26,NVDA,26.90080451965332,0.027247337008487804,26.972956466674805,25.19790012359619,0.019365954165173786,1
2023-04-27,NVDA,27.17025184631348,0.010016329677549507,27.049100494384767,25.282903785705567,0.019490930958772027,1
2023-04-28,NVDA,27.692184448242188,0.019209707914412455,27.147997856140137,25.382476997375488,0.020023981020012578,1
2023-05-01,NVDA,28.850805282592773,0.04183927188973113,27.338407516479492,25.52042869567871,0.023377712164810126,0
2023-05-02,NVDA,28.15223693847656,-0.024213131566823143,27.39259624481201,25.656661758422853,0.02438824700976618,0
2023-05-03,NVDA,27.74507141113281,-0.014462990214012539,27.37972240447998,25.79937900543213,0.02476514395279352,0
2023-05-04,NVDA,27.505565643310547,-0.008632371648038317,27.425429153442384,25.93533058166504,0.022807222695000323,1
2023-05-05,NVDA,28.621278762817383,0.04056317670304588,27.58120994567871,26.035525436401368,0.025849334428967013,1
2023-05-08,NVDA,29.091310501098636,0.016422457646857014,27.791678047180177,26.152664184570312,0.025842522868526233,0
2023-05-09,NVDA,28.51249885559082,-0.019896375774682173,28.02420082092285,26.253936195373534,0.024420261901754534,1
2023-05-10,NVDA,28.825857162475582,0.010990208486174824,28.21670608520508,26.367162704467773,0.023583209165462866,0
2023-05-11,NVDA,28.519481658935547,-0.010628495860961373,28.351629066467286,26.484598770141602,0.024203159755216794,0
2023-05-12,NVDA,28.281970977783203,-0.008328015354301832,28.410607719421385,26.58499198913574,0.02398746445546391,1
2023-05-15,NVDA,28.893718719482425,0.021630307950594396,28.41489906311035,26.686125679016115,0.020951517789548336,1
2023-05-16,NVDA,29.15318298339844,0.008979953962833687,28.51499366760254,26.79915370941162,0.019183361158063298,1
2023-05-17,NVDA,30.116209030151367,0.033033307110970744,28.752107429504395,26.936671562194825,0.020056617293367267,1
2023-05-18,NVDA,31.613134384155277,0.04970497291027698,29.16286430358887,27.086304512023926,0.02283885668687081,0
2023-05-19,NVDA,31.199981689453125,-0.013069020290162325,29.42073459625244,27.242543869018554,0.022262372319231283,0
2023-05-22,NVDA,31.11216354370117,-0.0028146858105895234,29.622819900512695,27.406427574157714,0.022369474335730184,0
2023-05-23,NVDA,30.625164031982425,-0.015653026220265542,29.834086418151855,27.560551414489748,0.02183733307178893,0
2023-05-24,NVDA,30.4754695892334,-0.004887955623444129,29.999047660827635,27.68978630065918,0.022121442776602347,1
2023-05-25,NVDA,37.9022331237793,0.24369644289811632,30.93732280731201,27.964263191223143,0.07764777295501411,1
2023-05-26,NVDA,38.86625289916992,0.025434379347580194,31.995750999450685,28.23181411743164,0.07646161319614693,1
2023-05-30,NVDA,40.02886962890625,0.029913270331268782,33.109266090393064,28.518944969177245,0.0763502207181013,0
2023-05-31,NVDA,37.75653076171875,-0.05676750026302424,33.9696008682251,28.75713623046875,0.08153608751660095,1
2023-06-01,NVDA,39.68856430053711,0.05117084382067327,34.92683639526367,29.02800048828125,0.08184042599934366,0
2023-06-02,NVDA,39.2464714050293,-0.011139049832090575,35.69017009735107,29.284653816223145,0.08252710142483113,0
2023-06-05,NVDA,39.09079360961914,-0.003966669864496564,36.479251289367674,29.52376323699951,0.08211477618358248,0
2023-06-06,NVDA,38.57485580444336,-0.013198447960105497,37.22552051544189,29.760777053833007,0.08257694420372574,0
2023-06-07,NVDA,37.40212631225586,-0.030401396654149426,37.90321674346924,29.979286117553713,0.08349952674403709,1
2023-06-08,NVDA,38.43511962890625,0.027618571950330573,38.699181747436526,30.220869941711427,0.08292460708259886,1
2023-06-09,NVDA,38.694618225097656,0.006751601105886573,38.77842025756836,30.456187324523924,0.03225720752853902,1
2023-06-12,NVDA,39.405235290527344,0.018364751948082958,38.832318496704104,30.6977534866333,0.03177357602936316,1
2023-06-13,NVDA,40.94224166870117,0.039005131344649335,38.9236557006836,30.96219581604004,0.03278043408407762,1
2023-06-14,NVDA,42.91340255737305,0.048144918507936785,39.43934288024902,31.2623091506958,0.028067419466968634,0
2023-06-15,NVDA,42.57007598876953,-0.008000450864843578,39.72749404907226,31.56577491760254,0.025280021197303812,1
2023-06-16,NVDA,42.60899353027344,0.00091419948402649,40.06374626159668,31.881435546875,0.02457988256934701,1
2023-06-20,NVDA,43.72282028198242,0.026140649178151065,40.52694892883301,32.216259155273434,0.02472350879888145,0
2023-06-21,NVDA,42.961307525634766,-0.017416826074722946,40.965594100952146,32.52503467559814,0.02522332136181356,0
2023-06-22,NVDA,42.94134140014648,-0.0004647466904115216,41.51951560974121,32.84159408569336,0.021205280371678473,0
2023-06-23,NVDA,42.126930236816406,-0.0189656665762028,41.88869667053223,33.15531772613525,0.022951860597975448,0
2023-06-26,NVDA,40.55299758911133,-0.037361674322273664,42.0745346069336,33.438201446533206,0.02734615811847096,1
2023-06-27,NVDA,41.794578552246094,0.030616256181963175,42.31346893310547,33.74002880096435,0.028268542618922452,0
2023-06-28,NVDA,41.037052154541016,-0.018124991899562293,42.322949981689455,34.02183567047119,0.02664192255305601,0
2023-06-29,NVDA,40.74263000488281,-0.007174544325197707,42.10587272644043,34.28448127746582,0.020753295645015695,1
2023-06-30,NVDA,42.2197494506836,0.03625488697277923,42.07084007263184,34.57140007019043,0.02443123534155171,1
2023-07-03,NVDA,42.330528259277344,0.002623862292767676,42.04299354553223,34.87704067230224,0.024448659960916386,0
2023-07-05,NVDA,42.2347297668457,-0.0022631064711705617,41.89418449401855,35.180465850830075,0.02260467787585943,0
2023-07-06,NVDA,42.021141052246094,-0.005057181986926729,41.800167846679685,35.48115608215332,0.022074323123150306,1
2023-07-07,NVDA,42.420352935791016,0.009500262809345683,41.74806900024414,35.80581771850586,0.022373806529999055,0
2023-07-10,NVDA,42.097991943359375,-0.007599205808579201,41.745175170898435,36.10976146697998,0.021635979075707638,1
2023-07-11,NVDA,42.322547912597656,0.00533412542670475,41.92213020324707,36.412807388305666,0.017163353032498774,1
2023-07-12,NVDA,43.81663513183594,0.035302393001569676,42.124335861206056,36.735296401977536,0.01800182881961339,1
2023-07-13,NVDA,45.88760757446289,0.04726452490922206,42.609391403198245,37.07603244781494,0.020429493246549305,0
2023-07-14,NVDA,45.38059997558594,-0.011048900251646843,43.073188400268556,37.42059970855713,0.02085361745891959,1
2023-07-17,NVDA,46.37065887451172,0.021816787337726185,43.48827934265137,37.79311145782471,0.019359487793124835,1
2023-07-18,NVDA,47.40165328979492,0.022233766789324205,43.995391845703125,38.1910332107544,0.01956781521154,0
2023-07-19,NVDA,46.98546600341797,-0.00878001625455016,44.47046546936035,38.558316955566404,0.020177913167495343,0
2023-07-20,NVDA,45.431488037109375,-0.03307358846234598,44.81150016784668,38.88512050628662,0.02418608218691911,0
2023-07-21,NVDA,44.22285461425781,-0.02660343024345413,44.99175033569336,39.19932762145996,0.026533749695309847,1
2023-07-24,NVDA,44.5252571105957,0.00683814961688145,45.23447685241699,39.51331562042236,0.026193796228799828,1
2023-07-25,NVDA,45.59018707275391,0.023917435434747558,45.56124076843262,39.85472972869873,0.026799157614495948,0
2023-07-26,NVDA,45.36362075805664,-0.004969628975983631,45.715939331054685,40.1963627243042,0.025181963592664808,1
2023-07-27,NVDA,45.81075668334961,0.009856707154786815,45.70825424194336,40.534703483581545,0.020308007782015768,1
2023-07-28,NVDA,46.65910339355469,0.018518504640055777,45.83610458374024,40.88482189178467,0.020666835497683354,0
2023-07-31,NVDA,46.63813781738281,-0.0004493351703532822,45.86285247802734,41.2152604675293,0.019582358211035905,0
2023-08-01,NVDA,46.41657257080078,-0.004750730988651308,45.76434440612793,41.51132923126221,0.01809556899654547,0
2023-08-02,NVDA,44.18292999267578,-0.04812166117431327,45.48409080505371,41.77098819732666,0.02327964114216861,1
2023-08-03,NVDA,44.42845153808594,0.005556932178351515,45.38378715515137,42.03731395721436,0.02139534219796648,1
2023-08-04,NVDA,44.5931282043457,0.0037065587604059314,45.420814514160156,42.31667324066162,0.0195972438027839,1
2023-08-07,NVDA,45.32869720458984,0.01649511998515618,45.50115852355957,42.61373779296875,0.020146568291964453,0
2023-08-08,NVDA,44.57716751098633,-0.016579556438860332,45.39985656738281,42.74723648071289,0.019298355085975615,0
2023-08-09,NVDA,42.47126007080078,-0.0472418405603392,45.11062049865723,42.81933662414551,0.024048373356615475,0
2023-08-10,NVDA,42.30559539794922,-0.0039006300395937332,44.76010437011719,42.864871139526365,0.023406276732388914,0
2023-08-11,NVDA,40.77556228637695,-0.03616621151835708,44.17175025939942,42.92525177001953,0.022990601381339796,1
2023-08-14,NVDA,43.66792678833008,0.07093377355876362,43.87472915649414,43.00483901977539,0.03520674579887871,1
2023-08-15,NVDA,43.85456848144531,0.0042741139056117206,43.61852874755859,43.09700096130371,0.035357868354251934,0
2023-08-16,NVDA,43.40144729614258,-0.010332359911247258,43.54038047790527,43.18321403503418,0.03212069053385358,0
2023-08-17,NVDA,43.25972366333008,-0.0032654125989272087,43.42350769042969,43.276911392211915,0.03203168993822971,0
2023-08-18,NVDA,43.21480941772461,-0.001038246243896812,43.285675811767575,43.39316505432129,0.031969431262880564,1
2023-08-21,NVDA,46.87568283081055,0.08471339946681389,43.44037437438965,43.56197631835938,0.042167968914840204,0
2023-08-22,NVDA,45.579200744628906,-0.02765788161126237,43.5405776977539,43.69966796875,0.042911749449483706,1
2023-08-23,NVDA,47.02439880371094,0.03170740240003744,43.99589157104492,43.85205123901367,0.039783170626158236,1
2023-08-24,NVDA,47.0713005065918,0.0009973908029454748,44.47246208190918,43.97463241577148,0.03961011018772814,0
2023-08-25,NVDA,45.92852783203125,-0.024277482505513426,44.98775863647461,44.03493492126465,0.038175700420574096,1
2023-08-28,NVDA,46.74393844604492,0.017753902694111368,45.2953598022461,44.11841217041015,0.032417351990956245,1
2023-08-29,NVDA,48.68914413452149,0.04161407346370405,45.778817367553714,44.240015182495114,0.034136603976488544,1
2023-08-30,NVDA,49.168216705322266,0.009839412446379425,46.35549430847168,44.34892311096191,0.03332081498407275,1
2023-08-31,NVDA,49.2590446472168,0.0018472897326922144,46.955426406860354,44.47487785339356,0.0330812139641657,0
2023-09-01,NVDA,48.41468048095703,-0.017141302116330692,47.4754135131836,44.584344635009764,0.034241797608567236,1
2023-09-05,NVDA,48.453609466552734,0.0008040739959238596,47.63320617675781,44.710878219604496,0.022794751657467888,0
2023-09-06,NVDA,46.97336959838867,-0.030549630553031615,47.77262306213379,44.839285659790036,0.023248453826185848,0
2023-09-07,NVDA,46.15489196777344,-0.017424290350320337,47.68567237854004,44.92649192810059,0.021709087799525507,0
2023-09-08,NVDA,45.48714065551758,-0.01446761727277146,47.527256393432616,45.01549369812012,0.022047457241312445,0
2023-09-11,NVDA,45.09387969970703,-0.008645541358354047,47.4437915802002,45.1025186920166,0.020911921482105685,0
2023-09-12,NVDA,44.78644561767578,-0.006817645411717477,47.248042297363284,45.15385261535644,0.019794033456427832,1
2023-09-13,NVDA,45.40030670166016,0.013706403254785338,46.91915855407715,45.2152481842041,0.013646203554497905,1
2023-09-14,NVDA,45.49612808227539,0.002110588839077776,46.551949691772464,45.2804761505127,0.012785463967575843,0
2023-09-15,NVDA,43.8182487487793,-0.0368796072154054,46.00787010192871,45.31641830444336,0.015219889682587206,1
2023-09-18,NVDA,43.88412857055664,0.0015034791133494707,45.55481491088867,45.345693817138674,0.015593604428924449,0
2023-09-19,NVDA,43.438961029052734,-0.010144158172997964,45.05335006713867,45.37251319885254,0.015154994648825667,0
2023-09-20,NVDA,42.16034698486328,-0.02943472895989141,44.572047805786134,45.36926918029785,0.014996511731824232,0
2023-09-21,NVDA,40.94062423706055,-0.028930567109436978,44.050621032714844,45.31174896240234,0.01598305630285562,1
2023-09-22,NVDA,41.53252029418945,0.014457426288901232,43.65515899658203,45.224647216796875,0.017943707451368647,1
2023-09-25,NVDA,42.14337921142578,0.01470796650213857,43.36010894775391,45.159902801513674,0.019438992041223895,0
2023-09-26,NVDA,41.83295822143555,-0.0073658305479706865,43.06476020812988,45.06914878845215,0.019440534361583654,1
2023-09-27,NVDA,42.388919830322266,0.01329003810688767,42.7636215209961,44.96889411926269,0.019392533644426318,1
2023-09-28,NVDA,43.008766174316406,0.014622838856835907,42.514885330200194,44.889360122680664,0.020399420753282195,1
2023-09-29,NVDA,43.41800308227539,0.009515197583216617,42.474860763549806,44.84909042358399,0.017521680377682782,1
2023-10-02,NVDA,44.6986083984375,0.029494799973536656,42.55630874633789,44.858605499267576,0.019988774943966694,0
2023-10-03,NVDA,43.43596267700195,-0.02824798727916733,42.556008911132814,44.836819610595704,0.021937832789644583,1
2023-10-04,NVDA,43.95898818969727,0.012041301273431726,42.73587303161621,44.80419563293457,0.019494968765241007,1
2023-10-05,NVDA,44.60478591918945,0.014690914329177795,43.1022891998291,44.78901893615723,0.015736709012087135,1
2023-10-06,NVDA,45.67678451538086,0.024033264011927846,43.516715621948244,44.78633949279785,0.01640186865197687,0
2023-10-09,NVDA,45.18870162963867,-0.01068557891980848,43.82124786376953,44.75693145751953,0.017467735136007044,1
2023-10-10,NVDA,45.71271514892578,0.011596118064684857,44.20922355651855,44.73842300415039,0.0167319392969266,1
2023-10-11,NVDA,46.71883773803711,0.022009687804225075,44.64221534729004,44.74446830749512,0.01719900675092139,1
2023-10-12,NVDA,46.85758590698242,0.002969854895006341,45.02709732055664,44.79796142578125,0.01723871430058551,0
2023-10-13,NVDA,45.376346588134766,-0.03161151583412947,45.222931671142575,44.81691932678223,0.021430008071120662,1
2023-10-16,NVDA,46.00917434692383,0.013946203393874423,45.35398826599121,44.84524024963379,0.019937503096996392,0
2023-10-17,NVDA,43.85618209838867,-0.046794846443035665,45.39601020812988,44.815789947509764,0.023685394039540595,0
2023-10-18,NVDA,42.11742782592773,-0.03964673141314845,45.21185417175293,44.766595153808595,0.026530396390536264,0
2023-10-19,NVDA,42.02260971069336,-0.0022512798176149706,44.95363655090332,44.757622146606444,0.025736874832184183,0
2023-10-20,NVDA,41.30993270874024,-0.01695937036894135,44.516951370239255,44.73770889282227,0.023666152502892928,1
2023-10-23,NVDA,42.89497756958008,0.038369582250722845,44.2875789642334,44.78009719848633,0.028114937246361684,1
2023-10-24,NVDA,43.58169555664063,0.016009286540519252,44.07447700500489,44.778372573852536,0.028434372749126944,0
2023-10-25,NVDA,41.701202392578125,-0.04314869212967032,43.572713470458986,44.73530525207519,0.029167300344993832,0
2023-10-26,NVDA,40.25090789794922,-0.03477824166736798,42.91204566955567,44.67229446411133,0.029610435863023192,1
2023-10-27,NVDA,40.424583435058594,0.004314822849454947,42.41686935424805,44.6155916595459,0.02950805819603613,1
2023-10-30,NVDA,41.084354400634766,0.01632103313163591,41.92438735961914,44.5729825592041,0.029740614602177147,0
2023-10-31,NVDA,40.70406723022461,-0.009256252798858111,41.60917587280274,44.449550247192384,0.026937406108451276,1
2023-11-01,NVDA,42.24619674682617,0.03788637405395345,41.62205276489259,44.382890167236326,0.02767743014592365,1
2023-11-02,NVDA,43.424991607666016,0.027902981844830865,41.76229095458985,44.31090202331543,0.028939970637016147,1
2023-11-03,NVDA,44.921199798583984,0.03445500241970878,42.123417663574216,44.26790000915528,0.029431454130990686,1
2023-11-06,NVDA,45.66580581665039,0.016575826589784848,42.40050048828125,44.26264556884766,0.027758545732012287,1
2023-11-07,NVDA,45.86943435668945,0.004459103182294477,42.62927436828613,44.24515548706054,0.027564452951220928,1
2023-11-08,NVDA,46.48727798461914,0.01346961514993228,43.10788192749023,44.2011181640625,0.02164738390427272,1
2023-11-09,NVDA,46.862571716308594,0.008073041656980307,43.76904830932617,44.155005264282224,0.014663664011968561,1
2023-11-10,NVDA,48.2449951171875,0.02949952062485317,44.551089477539065,44.13472427368164,0.01470706793044312,1
2023-11-13,NVDA,48.52946472167969,0.005896354716198093,45.295600509643556,44.1370199584961,0.015195806780831241,1
2023-11-14,NVDA,49.56353378295898,0.021308066495473676,46.18154716491699,44.15921844482422,0.012112030542904965,0
2023-11-15,NVDA,48.796966552734375,-0.015466355437476209,46.83662414550781,44.195690383911135,0.014789414849387393,1
2023-11-16,NVDA,49.38786697387695,0.01210936791540096,47.4329116821289,44.260349884033204,0.014037165660943523,0
2023-11-17,NVDA,49.20620727539063,-0.003678225232573995,47.86141242980957,44.33473121643066,0.012687284025128276,1
2023-11-20,NVDA,50.31513595581055,0.022536357541511176,48.326345443725586,44.43915634155273,0.013200647167023346,0
2023-11-21,NVDA,49.85099792480469,-0.00922462042860206,48.72450180053711,44.54044738769531,0.014466691365103937,0
2023-11-22,NVDA,48.62527847290039,-0.02458766128921175,48.93830184936523,44.604946823120116,0.017654704533173155,0
2023-11-24,NVDA,47.68703842163086,-0.01929531471562529,49.02074851989746,44.648765029907224,0.019124645455782525,1
2023-11-27,NVDA,48.15216827392578,0.009753800355191355,49.011465835571286,44.73544342041016,0.01684277910391385,0
2023-11-28,NVDA,47.73195266723633,-0.008726826262504983,48.931714630126955,44.81239990234375,0.016902412023199392,1
2023-11-29,NVDA,48.05036163330078,0.0066707718471994415,48.78039741516113,44.90462791442871,0.015259087714635229,0
2023-11-30,NVDA,46.68291091918945,-0.028458697658658827,48.56899185180664,44.99507919311523,0.01690381357113425,0
2023-12-01,NVDA,46.67791748046875,-0.00010696502472495872,48.29799690246582,45.1098250579834,0.016004451788282366,0
2023-12-04,NVDA,45.425254821777344,-0.02683630132418724,47.91990165710449,45.18767974853515,0.017330217259788727,1
2023-12-05,NVDA,46.483375549316406,0.02329366630282026,47.53672561645508,45.274479675292966,0.017478665526374434,0
2023-12-06,NVDA,45.42226409912109,-0.022827762348488156,47.09385223388672,45.34626579284668,0.01812347841203101,1
2023-12-07,NVDA,46.51332092285156,0.02402030910105135,46.882656478881835,45.42875381469727,0.019939177251639486,1
2023-12-08,NVDA,47.42170715332031,0.019529593080989116,46.85612335205078,45.51701263427734,0.020457573274017243,0
2023-12-11,NVDA,46.54426956176758,-0.01850286807929269,46.69533348083496,45.57953796386719,0.02085170354470568,1
2023-12-12,NVDA,47.57244110107422,0.02209018530073137,46.67938232421875,45.637014617919924,0.022178273198201866,1
2023-12-13,NVDA,48.002685546875,0.009043985043497571,46.67461471557617,45.72834907531738,0.022271428887908628,1
2023-12-14,NVDA,48.26420974731445,0.005448116026426808,46.83274459838867,45.814453506469725,0.019890037765931366,1
2023-12-15,NVDA,48.80325698852539,0.011168674345505725,47.045278549194336,45.898422927856444,0.01998128040964404,1
2023-12-18,NVDA,49.9881477355957,0.024278927681996798,47.50156784057617,45.984650192260744,0.017405730994595334,0
2023-12-19,NVDA,49.5159797668457,-0.009445598409596134,47.8048282623291,46.07119575500488,0.017653359203235925,0
2023-12-20,NVDA,48.02563095092773,-0.030098340433442616,48.06516494750976,46.117454071044925,0.019086117479677773,1
2023-12-21,NVDA,48.903076171875,0.018270352800650036,48.30414047241211,46.16113883972168,0.018553842653237805,0
2023-12-22,NVDA,48.74335861206055,-0.00326600231145191,48.436305618286134,46.198854293823246,0.017986379201548476,1
2023-12-26,NVDA,49.19155883789063,0.009195103468294663,48.70103454589844,46.27515853881836,0.01638592199190758,1
2023-12-27,NVDA,49.32931900024414,0.0028004837742079403,48.87672233581543,46.34156143188476,0.015339969661379564,1
2023-12-28,NVDA,49.43413543701172,0.0021248304029306553,49.0198673248291,46.45312049865723,0.015229777559386279,0
2023-12-29,NVDA,49.43413543701172,0.0,49.13685989379883,46.599454650878904,0.01523181213673461,0
