date,symbol,close,return_1d,return_2d,return_5d,return_10d,ma_5,ma_10,ma_20,volatility_5,volatility_10,close_to_ma_5,close_to_ma_10,close_to_ma_20,day_of_week,month,future_close,target_return_pct,target_trend,target_volatility,predicted_trend,predicted_trend_label,predicted_return_pct,predicted_volatility,predicted_positive_probability
2023-03-14,MSFT,254.20628356933597,0.027055887211446805,0.04907695103608223,0.026126409012159124,0.04558576267484593,247.45511474609376,246.90633392333984,248.64919509887696,0.01804509947660512,0.015658649423593563,0.02728239757812001,0.0295656637478674,0.02234911103673265,1,3,258.73895263671875,0.01783067280532613,1,0.023950234796514945,1,positive,0.0007498366152950658,0.015690067708339462,0.5003253518853393
2023-03-14,NVDA,24.01372528076172,0.04776624643750038,0.04781167781507101,0.03327875906501476,0.03665921606839295,23.474035263061523,23.385929679870607,22.878161430358887,0.03484478478297379,0.028116251305689774,0.02299093494800375,0.02684501362507241,0.0496352757130194,1,3,24.17838859558105,0.0068570499951230435,1,0.020709026272488055,0,negative,0.0011380636723194563,0.02222331769147106,0.4922822337880495
2023-03-15,AAPL,150.66648864746094,0.0026216813934645256,0.016747888802816302,0.0007851955519031506,0.052852809497223596,148.7342559814453,148.74410552978514,148.0227264404297,0.014108022009572412,0.01629522268713367,0.01299117444912401,0.012924096123532403,0.017860515547895917,2,3,153.4830322265625,0.018693895400269778,1,0.012700600591282009,1,positive,0.0009213998269995933,0.01576688429445687,0.5020006744863165
2023-03-15,MSFT,258.73895263671875,0.01783067280532613,0.04536898468909811,0.046275432779765424,0.07784159067344065,249.7438537597656,248.77494354248046,248.3543357849121,0.018252774945995122,0.014883027421493117,0.03601729828997402,0.040052301700299164,0.04181371273018675,2,3,269.2272644042969,0.040536268933206276,1,0.02430618586896842,0,negative,0.000825388549224891,0.015743080708951394,0.4842045524575303
2023-03-15,NVDA,24.17838859558105,0.0068570499951230435,0.054950831972524705,0.0019435894310781965,0.06758795294488595,23.483415603637695,23.539000701904296,22.941077423095702,0.03032704411292703,0.026557765689800963,0.029594203997978186,0.027162915782785513,0.053934309608305364,2,3,25.48870658874512,0.054193768455005786,1,0.020330932328124447,0,negative,0.0017908778130885945,0.02229264658158192,0.4995832666931345
2023-03-16,AAPL,153.4830322265625,0.018693895400269778,0.021364586231476412,0.03492939064091738,0.06812426589887433,149.77028198242186,149.72301025390624,148.04833221435547,0.013051278797547566,0.0168230562726638,0.02478963246244259,0.025113187119867986,0.03670895802013008,3,3,152.6459503173828,-0.005453905210473287,0,0.010780421191084156,1,positive,0.0009121900120412622,0.0157616077931429,0.5159946675687384
2023-03-16,MSFT,269.2272644042969,0.040536268933206276,0.05908973068662893,0.0946418004656242,0.09991640323190953,254.39928588867187,251.2206039428711,248.68965377807618,0.020467145531467428,0.01791483691034123,0.0582862426827484,0.07167668646127678,0.0825832933305215,3,3,272.3757019042969,0.01169434866474739,1,0.017640110660364285,0,negative,-0.00030077867740446214,0.01965551301081949,0.4197723422717637
2023-03-16,NVDA,25.48870658874512,0.054193768455005786,0.06142242782984875,0.08981920240938424,0.09570831778881073,23.903554153442382,23.761640357971192,23.079836559295654,0.03199109884874176,0.03000558924886573,0.0663145080906078,0.07268295474367603,0.10437119098572079,3,3,25.672327041625977,0.007203992569867701,1,0.008453324037158413,0,negative,0.0010790484559113542,0.023750470833885054,0.44010025713338335
2023-03-17,AAPL,152.6459503173828,-0.005453905210473287,0.013138035456268904,0.04377110876236001,0.026286432647460334,151.0505401611328,150.11398468017578,148.11185302734376,0.009836556592347227,0.013854901775965538,0.010562095008386674,0.01686695375252012,0.030612656565723873,4,3,155.00946044921875,0.015483608486970724,1,0.009447859810030842,0,negative,0.0010015587343535606,0.014227920319221496,0.49796015745260946
2023-03-17,MSFT,272.3757019042969,0.01169434866474739,0.05270466286042641,0.12405982605121091,0.09455919812184121,260.4115783691406,253.57366333007812,249.53184204101564,0.010936283459588178,0.01776972158865112,0.045943132060728864,0.07414823103984602,0.0915468730420641,4,3,265.35748291015625,-0.025766685299287717,0,0.017466733801580057,0,negative,0.0008536871353717061,0.019218637457420737,0.42443613507853223
2023-03-17,NVDA,25.672327041625977,0.007203992569867701,0.06178817253015634,0.12018288526244292,0.07699333729200086,24.454423904418945,23.9451696395874,23.26579189300537,0.025609117280251902,0.029532063612152826,0.049802978061035175,0.07212967909749723,0.10343663175909801,4,3,25.846967697143555,0.006802681160706925,1,0.015232713654210918,0,negative,0.0018689800063194555,0.023848463540001433,0.4789126065493912
2023-03-20,AAPL,155.00946044921875,0.015483608486970724,0.00994525714349348,0.046055715979299805,0.023207111232514954,152.41549072265624,150.46555786132814,148.35066986083984,0.01014236180372633,0.013495349877324706,0.01701906882472093,0.03019895484705115,0.04488547705666024,0,3,156.8609161376953,0.011944146396684507,1,0.011039030815157974,1,positive,0.0008896052838368629,0.014246255354572294,0.5026358123386316
2023-03-20,MSFT,265.35748291015625,-0.025766685299287717,-0.014373661236364965,0.07210947428902226,0.05979676826140956,263.98113708496095,255.07088623046874,250.22245712280272,0.02487792362612115,0.020961364353658554,0.005213803684587903,0.040328384127669814,0.06048628073349005,0,3,266.8683166503906,0.005693578804204735,1,0.013561642374399017,0,negative,0.0011543845478311342,0.018208389110057274,0.4793625939379787
2023-03-20,NVDA,25.846967697143555,0.006802681160706925,0.014055680195111497,0.1277542325981167,0.09978759427877737,25.040023040771484,24.179688262939454,23.491111087799073,0.02422105385304679,0.028533362700377637,0.032226194642798855,0.06895371917426929,0.10028715119260911,0,3,26.14535140991211,0.011544244426069827,1,0.01716132126857181,0,negative,0.001829209663806164,0.024398708188226693,0.4909403237980148
2023-03-21,AAPL,156.8609161376953,0.011944146396684507,0.02761269337017258,0.043842973276497554,0.050659490865325285,153.73316955566406,151.22189178466797,148.88246841430663,0.009920810158023895,0.012364490842894225,0.020345294324389362,0.03728973554342918,0.053588900079131196,1,3,155.43295288085938,-0.009103371904206181,0,0.009313847539916851,1,positive,0.0009419694956090388,0.013668378335111708,0.5013575184295076
2023-03-21,MSFT,266.8683166503906,0.005693578804204735,-0.02021981114835769,0.049810071188114646,0.07723783849305921,266.5135437011719,256.9843292236328,251.251309967041,0.023950234796514973,0.020144226334341032,0.001331162928126961,0.03846144026220588,0.06215691645706545,1,3,265.4159545898437,-0.005442242371729744,0,0.013805053573578535,0,negative,0.0011263658213366485,0.018086468070707545,0.4747709237542776
2023-03-21,NVDA,26.14535140991211,0.011544244426069827,0.018425457400848666,0.08876699072001615,0.1249998050821286,25.466348266601564,24.470191764831544,23.767918205261232,0.020709026272487937,0.02755963632299995,0.02666276044771765,0.06845715232555305,0.10002698528828713,1,3,26.41380500793457,0.01026773722844987,1,0.01712388024243314,0,negative,0.001684760549579574,0.023383760630439142,0.4917655582577741
2023-03-22,AAPL,155.43295288085938,-0.009103371904206181,0.002732042485751096,0.03163586193709822,0.032445897827074965,154.68646240234375,151.71035919189453,149.32169494628906,0.012700600591281946,0.01305401766018305,0.004825829403053872,0.024537504945566946,0.040926791895635306,2,3,156.5162353515625,0.006969451783712,1,0.012304295898399686,0,negative,0.0009628741498377969,0.015395820913666296,0.49674916644129447
2023-03-22,MSFT,265.4159545898437,-0.005442242371729744,0.00022035059666003498,0.025805940253997184,0.07327555408730513,267.84894409179685,258.79639892578126,252.26408004760737,0.024306185868968454,0.02036722447243087,-0.009083438839763813,0.025578237145257976,0.05213534380223406,2,3,270.650390625,0.019721632948724865,1,0.015195575693971107,0,negative,0.0009076059904031135,0.01800856141385093,0.4699615613845356
2023-03-22,NVDA,26.41380500793457,0.01026773722844987,0.021930514922787525,0.09245514454019799,0.09457842881305334,25.913431549072264,24.69842357635498,24.053209114074708,0.02033093232812433,0.02598343837530705,0.019309424840733724,0.0694530736456318,0.09814058002258674,2,3,27.13532257080078,0.02731592675305472,1,0.019196777811193295,0,negative,0.001787336839842122,0.023252251089952245,0.49305859685790876
2023-03-23,AAPL,156.5162353515625,0.006969451783712,-0.0021973656320497525,0.019762465472551893,0.05538214698998756,155.29310302734376,152.5316925048828,149.79095916748048,0.010780421191084086,0.011394783447621393,0.00787628233562554,0.02612272099814361,0.044897744306200194,3,3,157.8162078857422,0.008305672132093767,1,0.012561452840882632,1,positive,0.0009854588780421963,0.013159102363293904,0.5005758203574977
2023-03-23,MSFT,270.650390625,0.019721632948724865,0.014172060670521791,0.005285966203504744,0.10042804002782879,268.1335693359375,261.2664276123047,253.37968521118165,0.01764011066036434,0.02017427751004158,0.0093864460734836,0.035917217142878544,0.06816136581519516,3,3,273.4869384765625,0.010480486819221646,1,0.013873546833089731,0,negative,0.0008569218526065788,0.018054604786157127,0.45757939914160106
2023-03-23,NVDA,27.13532257080078,0.02731592675305472,0.037864136739556686,0.06460178653328552,0.1602234698833107,26.2427547454834,25.07315444946289,24.229398441314697,0.008453324037158125,0.022224207711266944,0.03401197145551205,0.08224605824904763,0.1199338124932996,3,3,26.724164962768555,-0.01515211794366711,0,0.01593552087759553,0,negative,0.0013277256787849246,0.025624969704046915,0.49174060471789005
2023-03-24,AAPL,157.8162078857422,0.008305672132093767,0.015333009897261496,0.03387091211793902,0.07912458825849389,156.32715454101563,153.68884735107423,150.45767822265626,0.009447859810030757,0.009148944488456306,0.009525237947933585,0.02685530281348103,0.048907638014966226,4,3,155.8760986328125,-0.012293472761266133,0,0.013531529528897752,1,positive,0.0009968275662622992,0.013171908537593735,0.505818258358683
2023-03-24,MSFT,273.4869384765625,0.010480486819221646,0.030408812082119097,0.004079793331404069,0.12864575783363374,268.35581665039064,264.3836975097656,254.90761337280273,0.017466733801580116,0.01824349244681843,0.019120591050413527,0.03443193000378031,0.07288650526333029,4,3,269.4026794433594,-0.014934018626096668,0,0.014477017850668425,0,negative,0.0009970594919110468,0.018436233820324978,0.4364910587745153
2023-03-24,NVDA,26.724164962768555,-0.01515211794366711,0.011749914665484695,0.040971662578039414,0.1660786404631105,26.453122329711913,25.45377311706543,24.403888034820557,0.01523271365421076,0.021391190242519367,0.0102461490057153,0.049909765434790865,0.09507816642320766,4,3,26.476673126220703,-0.00926097548389826,0,0.013504651432528169,0,negative,8.087744190973804e-05,0.022865028928855082,0.484497597758686
2023-03-27,AAPL,155.8760986328125,-0.012293472761266133,-0.004089906183292413,0.005590872847903716,0.05190408047916306,156.50048217773437,154.4579864501953,150.96781005859376,0.011039030815157912,0.010831142629730247,-0.003989658921387695,0.009181216298416839,0.03251215323527412,0,3,155.2556610107422,-0.003980325575968169,0,0.009059281468140926,1,positive,0.0009165662540307193,0.013294921064435241,0.5062161180652468
2023-03-27,MSFT,269.4026794433594,-0.014934018626096668,-0.0046100475922438156,0.015244328099738302,0.08845306287392196,269.16485595703125,266.57299652099607,256.18551712036134,0.013561642374399085,0.019785032442349307,0.00088356069176454,0.010615039630019085,0.05159215271637829,0,3,268.28179931640625,-0.004160612393570462,0,0.010950759020622454,0,negative,0.0007114775018780563,0.01792514927196849,0.4748785945423033
2023-03-27,NVDA,26.476673126220703,-0.00926097548389826,-0.024272770034759916,0.024362835766871704,0.15522952375229915,26.579063415527344,25.809543228149415,24.555276775360106,0.017161321268571672,0.022328899260041786,-0.0038522910949083666,0.02584818693512081,0.07824779856640074,0,3,26.355928421020508,-0.004560418320858406,0,0.010004572204856394,1,positive,0.0013348045424999792,0.022882440851536855,0.5056704090205157
2023-03-28,AAPL,155.2556610107422,-0.003980325575968169,-0.016224866313185093,-0.010233620754477868,0.03316068016075935,156.17943115234374,154.9563003540039,151.4720329284668,0.009313847539916782,0.01067575580175961,-0.005914800270340748,0.001931903743535246,0.024979053948937402,1,3,158.3283233642578,0.01979098432554438,1,0.008782819682916285,1,positive,0.0009787775034792183,0.013229783024265054,0.5000732461933917
2023-03-28,MSFT,268.28179931640625,-0.004160612393570462,-0.01903249635668547,0.005296554809341991,0.05537044776956157,269.4475524902344,267.9805480957031,257.4434410095215,0.013805053573578606,0.019012350614662346,-0.004326456718772298,0.0011241533120365244,0.042099958982772856,1,3,273.4284362792969,0.019183697798376587,1,0.009964925747407252,0,negative,0.0010504146867414154,0.01779893888291829,0.4796702266278268
2023-03-28,NVDA,26.355928421020508,-0.004560418320858406,-0.013779159882490788,0.008054089914758755,0.0975360179594964,26.621178817749023,26.04376354217529,24.71484661102295,0.017123880242433002,0.019710777926355855,-0.009963886217978613,0.011986166221318095,0.06640064718288108,1,3,26.928749084472656,0.021734034722726392,1,0.01556492418688973,1,positive,0.0006502993374528991,0.022811506313540054,0.5188713167131808
2023-03-29,AAPL,158.3283233642578,0.01979098432554438,0.015731884188491696,0.018627777634886433,0.050852945373436764,156.75850524902344,155.72248382568358,152.23329467773436,0.012304295898399627,0.011865526030121592,0.01001424524137029,0.016733868318535183,0.04003742216462003,2,3,159.8941650390625,0.009889839300592174,1,0.010839591002889934,0,negative,0.0008896052838368629,0.014211178624286272,0.49939623601905514
2023-03-29,MSFT,273.4284362792969,0.019183697798376587,0.014943269473991716,0.030188395048952987,0.056773375221947475,271.050048828125,269.4494964599609,259.1122200012207,0.015195575693971163,0.019113879446605968,0.008774716925729287,0.014766922453415043,0.05525102705695906,2,3,276.8790588378906,0.0126198379566822,1,0.010684061097700932,0,negative,0.0008343371244021796,0.017830870638030526,0.4767314084688677
2023-03-29,NVDA,26.928749084472656,0.021734034722726392,0.017074500111732283,0.01949526304080007,0.1137528449432843,26.72416763305664,26.318799591064455,24.928900146484374,0.019196777811193173,0.02004593723914656,0.007655297415622986,0.023175429840473605,0.08022210872669855,2,3,27.326927185058597,0.014786357113614867,1,0.01759790648083256,0,negative,0.0004589324466574853,0.022875840664162896,0.48513958463239654
2023-03-30,AAPL,159.8941650390625,0.009889839300592174,0.02987655328071659,0.021581976335634412,0.04177095487034865,157.43409118652343,156.36359710693358,153.0433036804199,0.012561452840882571,0.01103721502751503,0.0156260555385328,0.02257921918817485,0.04476420198657194,3,3,162.39556884765625,0.015644121897647967,1,0.010384844685805144,0,negative,0.0009645542238134383,0.014271027475525609,0.4929952645635751
2023-03-30,MSFT,276.8790588378906,0.0126198379566822,0.0320456309126842,0.023013704870357143,0.028421320740023903,272.2957824707031,270.2146759033203,260.71763992309565,0.013873546833089796,0.015071995154631982,0.016831977071406268,0.024663290075905175,0.061988206550052105,3,3,281.021728515625,0.014962018778602815,1,0.01453104178735876,0,negative,0.0008543731400391787,0.015565634281724383,0.45808559435602847
2023-03-30,NVDA,27.326927185058597,0.014786357113614867,0.03684175903527098,0.007061077448329067,0.07211902219962663,26.762488555908202,26.5026216506958,25.132131004333495,0.01593552087759538,0.013377415933797902,0.02109066307384877,0.031102792215318642,0.08733028569470114,3,3,27.720125198364254,0.014388665459636574,1,0.016016754506493022,0,negative,0.0006783566542729261,0.022002771030086733,0.4842002521646186
2023-03-31,AAPL,162.39556884765625,0.015644121897647967,0.025688679049806762,0.029017051057452115,0.06387079716167987,158.34996337890624,157.33855895996095,153.72627182006835,0.013531529528897695,0.011012750908377297,0.025548509026614097,0.032140944477457634,0.05639437504693423,4,3,163.64625549316406,0.007701482585901642,1,0.010279806898161416,1,positive,0.0009444633544901233,0.014863750426784261,0.5122530415408797
2023-03-31,MSFT,281.021728515625,0.014962018778602815,0.027770674987775745,0.027550822284363674,0.03174301727679807,273.8027404785156,271.07927856445315,262.3264709472656,0.014477017850668484,0.015317058280479374,0.026365652967873965,0.03667727759872985,0.07126714090595021,4,3,279.9787902832031,-0.003711236984879185,0,0.01429585198207053,0,negative,0.0008802466198781511,0.015581706433994338,0.453083264634088
2023-03-31,NVDA,27.720125198364254,0.014388665459636574,0.029387778519125884,0.03726815176389042,0.07976675248090714,26.961680603027343,26.707401466369628,25.326285552978515,0.01350465143252799,0.013576969506438438,0.028130464361771024,0.03791921626182404,0.09451996584253197,4,3,27.90773582458496,0.006768029540926479,1,0.017622093256743392,0,negative,0.0006419960611303575,0.02211528582122129,0.48395362408336867
2023-04-03,AAPL,163.64625549316406,0.007701482585901642,0.023466087415916048,0.049848289304797344,0.055717857599889786,159.90399475097655,158.20223846435547,154.3338981628418,0.009059281468140832,0.010554365882255222,0.023403172309831577,0.03441175726495915,0.06033902753169995,0,4,163.114501953125,-0.0032494085393922623,0,0.00819028807331992,1,positive,0.0011402209158693423,0.013278299949707579,0.5106659265037794
2023-04-03,MSFT,279.9787902832031,-0.003711236984879185,0.011195254196263882,0.03925763047975672,0.05510041477894667,275.9179626464844,272.5414093017578,263.8061477661132,0.010950759020622529,0.011878948263254101,0.014717518199138135,0.027288994360525454,0.06130502512560221,0,4,279.9300231933594,-0.00017418137207614315,0,0.017870303788830203,0,negative,0.0009110808528350442,0.013114135956593623,0.46560012713778626
2023-04-03,NVDA,27.90773582458496,0.006768029540926479,0.021254077913448244,0.05404994394658402,0.07972958962103505,27.247893142700196,26.913478279113768,25.546583271026613,0.010004572204856153,0.013577252950634158,0.02421628264721587,0.03694273683839633,0.09242537557796338,0,4,27.396787643432617,-0.01830847849370243,0,0.0177993788404022,1,positive,0.0008869683232656942,0.022091488715723907,0.5122962806128138
2023-04-04,AAPL,163.114501953125,-0.0032494085393922623,0.004427048783228749,0.05061870782179767,0.03986707440838977,161.47576293945312,158.82759704589844,155.0247444152832,0.008782819682916188,0.010614942107837325,0.010148513831678585,0.026990932224377318,0.05218365344419329,1,4,161.2728729248047,-0.011290406470722991,0,0.008094366046069062,1,positive,0.0009914710735845131,0.013174903634839497,0.5073505250343738
2023-04-04,MSFT,279.9300231933594,-0.00017418137207614315,-0.0038847719286052573,0.043417868474989074,0.04894438840441362,278.247607421875,273.8475799560547,265.4159545898437,0.00996492574740733,0.012009310275164735,0.006046469858529857,0.022211053456381746,0.05468423564041114,1,4,277.1617126464844,-0.009889294886253785,0,0.018002577394521612,0,negative,0.0009272543389725409,0.013197001732908841,0.46174533588004435
2023-04-04,NVDA,27.396787643432617,-0.01830847849370243,-0.011664361276070845,0.03949241346330101,0.0478645788270442,27.456064987182618,27.03862190246582,25.75440683364868,0.015564924186889574,0.01576418169364087,-0.0021589890531535927,0.01324644955126697,0.0637708653277207,1,4,26.82596206665039,-0.020835492985947224,0,0.019143143723518673,1,positive,0.000689010260037536,0.021851520782283692,0.5183416519164382
2023-04-05,AAPL,161.2728729248047,-0.011290406470722991,-0.014503127866916099,0.018597743587371207,0.03757195585431394,162.0646728515625,159.41158905029297,155.56097412109375,0.010839591002889868,0.010931964636815797,-0.004885703422133458,0.01167596337004384,0.03671807042854214,2,4,162.15919494628906,0.0054957911111166435,1,0.0193497672745415,1,positive,0.001016273851172652,0.013348601487481791,0.5033072559553806
2023-04-05,MSFT,277.1617126464844,-0.009889294886253785,-0.010061753727377831,0.01365357757952479,0.04425415222227991,278.9942626953125,275.02215576171875,266.90927734375,0.010684061097701023,0.012505070511085292,-0.006568414816577883,0.007779580080883974,0.03841168581611498,2,4,284.2384948730469,0.02553304408097956,1,0.02031184027157594,0,negative,0.0009178513310206042,0.013320729284732418,0.47072701145533513
2023-04-05,NVDA,26.82596206665039,-0.020835492985947224,-0.03876250530441083,-0.0038169993526188106,0.015603850281775467,27.435507583618165,27.079837608337403,25.88913059234619,0.017597906480832426,0.017534074618519194,-0.022217395290026865,-0.009375076223088197,0.03618628562911885,2,4,26.981639862060547,0.005803251157344036,1,0.01752318312570661,1,positive,0.0019762647124370687,0.022089947297353835,0.5323225657680662
2023-04-06,AAPL,162.15919494628906,0.0054957911111166435,-0.005856665075129053,0.014165807155459342,0.03605350960589804,162.5176788330078,159.97588500976562,156.25378875732423,0.010384844685805075,0.010893590632234657,-0.002205814710700471,0.013647744073365553,0.03779368318637344,3,4,159.5691680908203,-0.01597212453062946,0,0.019338428463505503,1,positive,0.0010140558017889126,0.013070641992812444,0.5020406605014845
2023-04-06,MSFT,284.2384948730469,0.02553304408097956,0.015391245392465391,0.026579966235240393,0.05020537460399943,280.4661499023438,276.38096618652344,268.8236968994141,0.01453104178735882,0.013398808716146517,0.013450268319426861,0.02843006446840679,0.057341663519345776,3,4,282.0842590332031,-0.0075789728650439425,0,0.01713643620960983,0,negative,0.0008597136223794377,0.015508343210669559,0.46181194174560525
2023-04-06,NVDA,26.981639862060547,0.005803251157344036,-0.01515315542738771,-0.012635424417087093,-0.005663566679159571,27.366450119018555,27.06446933746338,26.068811893463135,0.016016754506492873,0.015205407901557366,-0.014061387402620418,-0.0030604507470677333,0.035016094033280654,3,4,27.52253150939941,0.02004665580387588,1,0.01833893231071925,1,positive,0.0007663586329017257,0.022019487649926384,0.5067366688683431
2023-04-10,AAPL,159.5691680908203,-0.01597212453062946,-0.01056411287953396,-0.017404420433955292,0.01110760566713953,161.95239868164063,160.15118103027345,156.92001419067384,0.010279806898161357,0.012338223115431575,-0.014715623913080678,-0.0036341470335028436,0.016882192585883082,0,4,158.35781860351562,-0.007591375588392069,0,0.01704983457599865,0,negative,0.0008033733640444375,0.013804780974331032,0.49805692881416974
2023-04-10,MSFT,282.0842590332031,-0.0075789728650439425,0.01776055696768397,0.0037809550286038718,0.031435945733025994,280.67865600585935,277.2406982421875,270.81219787597655,0.014295851982070602,0.013788107130282402,0.005007872872650587,0.017470598010052907,0.04162316633310881,0,4,275.6898193359375,-0.022668544920519507,0,0.017818839598869433,0,negative,0.0009110808528350442,0.015524124263408932,0.4565305085906759
2023-04-10,NVDA,27.52253150939941,0.02004665580387588,0.025966242739714707,-0.007128167262985707,0.02987433088154945,27.326931381225585,27.144305992126466,26.299039554595947,0.017622093256743257,0.015498640061007037,0.007157778729162789,0.013933880548747668,0.0465223055869981,0,4,27.113370895385746,-0.01486638734063872,0,0.015494490777078356,1,positive,0.00073186694253208,0.021983968507214503,0.5103386358050541
2023-04-11,AAPL,158.35781860351562,-0.007591375588392069,-0.023442249722764985,-0.0323162719104767,0.015921106522874595,160.89471130371095,160.39935302734375,157.42866973876954,0.008190288073319852,0.011847817758168433,-0.015767408882735645,-0.012727822059731775,0.005902030845384543,1,4,157.66847229003906,-0.004353093011482456,0,0.015764899086288014,1,positive,0.0017425226676512121,0.013531382748628426,0.5110698510079138
2023-04-11,MSFT,275.6898193359375,-0.022668544920519507,-0.030075713498720735,-0.015318913775315801,0.023337332448098325,279.82086181640625,277.8694122314453,272.2212043762207,0.017870303788830266,0.015074379216417204,-0.01476316831294433,-0.007843946831011306,0.012741898514720518,1,4,276.3331298828125,0.0023334577548947966,1,0.013044028103488337,0,negative,0.00167403085999089,0.015966724613140346,0.4615467778134748
2023-04-11,NVDA,27.113370895385746,-0.01486638734063872,0.0048822471131722,-0.02846396906550297,0.02404749894859326,27.168058395385742,27.207975769042967,26.50875949859619,0.01779937884040207,0.016083927236262424,-0.002012933688676277,-0.0034771007759004657,0.022807985293373356,1,4,26.44074821472168,-0.024807785179471575,0,0.018436110182796388,1,positive,0.0004844014828247295,0.022098695103161866,0.5087454246331368
2023-04-12,AAPL,157.66847229003906,-0.004353093011482456,-0.011911422635853097,-0.03338777115385483,0.015540890835084697,159.80550537109374,160.64063415527343,157.79846725463867,0.008094366046068995,0.011868048400587155,-0.013372712511325213,-0.018501930603445627,-0.0008238037216788952,2,4,163.04554748535156,0.034103680445517925,1,0.014477688640199247,0,negative,0.0009013556735230321,0.013536506888700917,0.49718159383967764
2023-04-12,MSFT,276.3331298828125,0.0023334577548947966,-0.020387983257561637,-0.012849258788016238,0.030010722258913436,279.1014831542969,278.67454528808594,273.32754669189455,0.018002577394521675,0.014898647711035115,-0.009918805304069078,-0.008401970846863449,0.010996268862376812,2,4,282.5229187011719,0.02239973477296897,1,0.013139965635568083,0,negative,0.0010751974024916235,0.015829007606585,0.45152982782724055
2023-04-12,NVDA,26.44074821472168,-0.024807785179471575,-0.03930537037656889,-0.03489604114006828,0.0032182434382967973,26.976850509643555,27.216457748413085,26.630110645294188,0.019143143723518552,0.018205393512981838,-0.019872679159868234,-0.02850148762421645,-0.007110839045874173,2,4,26.408811569213867,-0.0012078571017907214,0,0.009216977901313437,1,positive,0.0019465601495792905,0.022439006150422842,0.5200641941629466
2023-04-13,AAPL,163.04554748535156,0.034103680445517925,0.029602130941022375,0.010991771451689836,0.02979393718609069,160.16004028320313,161.11235656738282,158.41742019653321,0.019349767274541463,0.014804499216640519,0.018016399078360168,0.011999023285096166,0.02921476238583276,3,4,162.70086669921875,-0.0021140153254647354,0,0.005803858581572257,0,negative,0.0008006544574719908,0.015846649581769165,0.48940725281308645
2023-04-13,MSFT,282.5229187011719,0.02239973477296897,0.02478546136267723,0.019343241905586117,0.03326092393910818,280.17372436523436,279.58399353027346,274.51674499511716,0.020311840271575985,0.015314257822330023,0.00838477748496902,0.0105117790678535,0.029164609635004668,3,4,278.9162902832031,-0.01276579059337668,0,0.008437320477628405,0,negative,0.0008671671932240696,0.015526479396873849,0.4654218588244556
2023-04-13,NVDA,26.408811569213867,-0.0012078571017907214,-0.025985678021753555,-0.015550253012365123,-0.019307897059302692,26.89342041015625,27.164463996887207,26.74163179397583,0.017523183125706478,0.01660318167166887,-0.01801960604309638,-0.027817682239558605,-0.012445770973368186,3,4,26.70321083068848,0.011147766369684398,1,0.020361794494841653,1,positive,0.0017638047454401333,0.022108597547804424,0.5194273527133322
2023-04-14,AAPL,162.70086669921875,-0.0021140153254647354,0.031917569416936686,0.0033403702645977695,0.01755349646105331,160.26837463378905,161.39302673339844,158.87831192016603,0.019338428463505468,0.014673261763998793,0.015177617362052365,0.008103447790100082,0.024059638681039663,4,4,162.72056579589844,0.00012107554851636948,1,0.0076571289561601,0,negative,0.0009636095461849037,0.015733439304630448,0.48984028977934385
2023-04-14,MSFT,278.9162902832031,-0.01276579059337668,0.009347993856133385,-0.01872443277685132,0.007357838667406247,279.1092834472656,279.7877166748047,275.0011962890625,0.0171364362096099,0.01571177433503878,-0.0006914609277013373,-0.0031145984604263877,0.014236643501817303,4,4,281.5091247558594,0.00929610267662584,1,0.006239114015718998,0,negative,0.0008294283043677956,0.015615819591104963,0.44498407102700294
2023-04-14,NVDA,26.70321083068848,0.011147766369684398,0.009926444359114939,-0.0103192034581846,-0.022824240359931247,26.837734603881835,27.102092361450197,26.802357006073,0.018338932310719123,0.016234512835634714,-0.005012486157229379,-0.014717739333258373,-0.003699158822563775,4,4,26.94670867919922,0.009118673033540192,1,0.020107264763525208,1,positive,0.0006085168051929326,0.022179794128784458,0.500463344754731
2023-04-17,AAPL,162.72056579589844,0.00012107554851636948,-0.001993195732513442,0.019749414895015693,0.0020012673409031123,160.89865417480468,161.42552642822267,159.3820426940918,0.017049834575998606,0.013848253906817204,0.011323349038795394,0.008022519091809288,0.020946670310998616,0,4,163.94175720214844,0.007504837512559703,1,0.007716053971037365,0,negative,0.0008990048303628746,0.015733439304630448,0.4899002614104756
2023-04-17,MSFT,281.5091247558594,0.00929610267662584,-0.003588360016855141,-0.0020388740559821317,0.001734372081507063,278.9942565917969,279.8364562988281,275.45786743164064,0.01781883959886949,0.015241202433576562,0.009014049947780878,0.00597730717131828,0.021967995979350396,0,4,281.0899658203125,-0.0014889710445812332,0,0.006008539681925208,0,negative,0.0008471301766726726,0.015526479396873849,0.45058114429666946
2023-04-17,NVDA,26.94670867919922,0.009118673033540192,0.02036809223980396,-0.020921870141325405,-0.027900902814489204,26.7225700378418,27.02475070953369,26.86607608795166,0.015494490777078205,0.015713834023456733,0.008387615451658226,-0.0028877983435733334,0.0030012790473603612,0,4,27.610349655151367,0.024627904797309474,1,0.019884680054168623,1,positive,0.00058009798432888,0.022555689767691692,0.5020564653154789
2023-04-18,AAPL,163.94175720214844,0.007504837512559703,0.0076268217133943494,0.0352615276459034,0.0018057346200428537,162.01544189453125,161.4550765991211,159.8286575317383,0.015764899086287962,0.013836687394237435,0.011889701901817373,0.015401687301549227,0.025734431696602167,1,4,165.08412170410156,0.00696811185538615,1,0.007388682092388733,0,negative,0.0011143007845630772,0.015733439304630448,0.49358203194107936
2023-04-18,MSFT,281.0899658203125,-0.0014889710445812332,0.007793290004331821,0.019587761700386785,0.0039687846925311465,280.07428588867185,279.94757385253905,276.24449157714844,0.013044028103488408,0.015192707016796337,0.0036264662013434368,0.00408073537502851,0.01754052801378969,1,4,281.1679992675781,0.00027761022005146074,1,0.009422402182010847,0,negative,0.0008504568768761355,0.015348665457167345,0.44344081625944426
2023-04-18,NVDA,27.610349655151367,0.024627904797309474,0.03397115164219744,0.01832965593555902,-0.01065604788947494,26.821965789794923,26.995012092590333,26.954245185852052,0.01843611018279626,0.017789198913709475,0.029393217168907304,0.02279449108785303,0.02434141504521503,1,4,27.873809814453125,0.009542079785020086,1,0.018119326224736887,1,positive,0.000663789395728539,0.022199785530143096,0.5083465453376201
2023-04-19,AAPL,165.08412170410156,0.00696811185538615,0.014525243915189945,0.047033178582595925,0.012075074425587085,163.49857177734376,161.65203857421875,160.23981781005858,0.014477688640199188,0.013925260792057602,0.0096976377806961,0.021231301257651936,0.03023158638251333,2,4,164.11898803710938,-0.0058463143337437184,0,0.00534653725045452,0,negative,0.0009175351888780215,0.015773845457746107,0.49197943580830206
2023-04-19,MSFT,281.1679992675781,0.00027761022005146074,-0.0012117741781091373,0.017496524527536694,0.00442244836797534,281.041259765625,280.0713714599609,276.9594757080078,0.013139965635568155,0.015191152221354396,0.00045096404015132485,0.003915529823347086,0.015195448896672792,2,4,278.8870544433594,-0.008112391275537867,0,0.038325582399308944,0,negative,0.0008666303630136321,0.015394306242781713,0.44445366927339486
2023-04-19,NVDA,27.873809814453125,0.009542079785020086,0.03440498601484343,0.05419898060727135,0.017411609610181955,27.10857810974121,27.042714309692382,27.040668106079103,0.009216977901313178,0.016924953003954912,0.02822839698984203,0.030732695514328334,0.03081069243946377,2,4,27.048498153686523,-0.02960885742783037,0,0.0238222027387745,1,positive,0.0007842311543042558,0.021944331876912915,0.5122348092529017
2023-04-20,AAPL,164.11898803710938,-0.0058463143337437184,0.0010810597494230745,0.00658368516229646,0.01764782297660017,163.7132598876953,161.93665008544923,160.6741195678711,0.005803858581572132,0.013478140727046034,0.0024782852023861324,0.013476491890554554,0.021440095508244772,3,4,162.51373291015625,-0.009781044510158377,0,0.015575286958333935,0,negative,0.0009569126978254763,0.014134223890127806,0.4902690647447621
2023-04-20,MSFT,278.8870544433594,-0.008112391275537867,-0.0078370331382136,-0.012869271896692402,0.006225036569447173,280.3140869140625,280.24390563964846,277.6330307006836,0.00843732047762854,0.015065415527018735,-0.005090833951347684,-0.004841679583333369,0.004516839150985996,3,4,278.5458679199219,-0.0012233860195428603,0,0.039006479564904696,0,negative,0.0008542405815447237,0.013941242322946528,0.43804631514957754
2023-04-20,NVDA,27.048498153686523,-0.02960885742783037,-0.020349307722729915,0.024222467671296988,0.008295549158059412,27.23651542663574,27.064967918395997,27.0724027633667,0.02036179449484154,0.018395464326499484,-0.006903132431006487,-0.0006085270360981498,-0.0008829881074510215,3,4,27.0634708404541,0.0005535496530160167,1,0.020752999749540917,1,positive,0.0009597489958008762,0.022021416681428905,0.5009874959286988
2023-04-21,AAPL,162.51373291015625,-0.009781044510158377,-0.015570175783183426,-0.0011501708187483528,0.002186357449447174,163.67583312988282,161.97210388183595,160.97399444580077,0.007657128956160008,0.013876572164368921,-0.007100011024867681,0.0033439648886417483,0.009565137956950576,4,4,162.8190460205078,0.0018786911412609353,1,0.014100998996126112,0,negative,0.0009572808579766656,0.014323035642535205,0.4935316019931395
2023-04-21,MSFT,278.5458679199219,-0.0012233860195428603,-0.009325852709009208,-0.0013280771908487088,-0.02002764247561739,280.24000244140626,279.6746429443359,278.0278045654297,0.006239114015719169,0.012289719807958564,-0.006045298696564894,-0.004036029196392676,0.00186335088068601,4,4,274.6566467285156,-0.013962587994751141,0,0.03835912728816903,0,negative,0.0008409052625718394,0.013264481448833059,0.4272876534537165
2023-04-21,NVDA,27.0634708404541,0.0005535496530160167,-0.02907169774756968,0.013491261857978332,0.0030328393237735174,27.308567428588866,27.07315101623535,27.068810176849365,0.02010726476352509,0.018317251607386394,-0.008975080394666768,-0.00035755630275335903,-0.00019725050197549887,4,4,26.986629486083984,-0.0028393015376008135,0,0.022259069764941256,1,positive,0.0013349094231940454,0.022059763111828386,0.5082398452708268
2023-04-24,AAPL,162.8190460205078,0.0018786911412609353,-0.007920728930570942,0.0006052106820528813,0.020366578133927504,163.69552917480468,162.29709167480468,161.22413635253906,0.007716053971037273,0.012643560024754247,-0.00535434998570361,0.0032160425077054633,0.009892499374170916,0,4,161.28274536132812,-0.009435632358306467,0,0.01430237462698136,0,negative,0.0009249249616691398,0.013621665763110491,0.48953075332032403
2023-04-24,MSFT,274.6566467285156,-0.013962587994751141,-0.0151688923793446,-0.024341939300499105,-0.026331183207969122,278.8695068359375,278.9318817138672,278.08628997802737,0.0060085396819254105,0.012770787088127525,-0.015106922787009314,-0.01532716503786824,-0.012333018106655769,0,4,268.46697998046875,-0.022536016592982877,0,0.03691573540436433,0,negative,0.0008796222262509078,0.014271918927250757,0.44163956520204906
2023-04-24,NVDA,26.986629486083984,-0.0028393015376008135,-0.002287323578965772,0.001481472463298772,-0.019471392852521863,27.31655158996582,27.01956081390381,27.081933403015135,0.019884680054168505,0.016978151356278975,-0.012077736195773126,-0.0012187958215397199,-0.003519095757045898,0,4,26.187271118164062,-0.02962053369177209,0,0.026906953231120845,1,positive,0.000639742160208198,0.02190861861799162,0.5060330381973643
2023-04-25,AAPL,161.28274536132812,-0.009435632358306467,-0.007574667855969164,-0.016219246921585828,0.018470365300596203,163.16372680664062,162.58958435058594,161.49446868896484,0.007388682092388646,0.012812771607094306,-0.011528183880854748,-0.00803765502247622,-0.0013110252589795257,1,4,161.2728729248047,-6.121198210828904e-05,0,0.013525970580175607,0,negative,0.0008635112022066242,0.014032617088578473,0.4895005082957799
2023-04-25,MSFT,268.46697998046875,-0.022536016592982877,-0.036183943473003355,-0.04490728014073986,-0.02619915154236241,276.34490966796875,278.2095977783203,278.0395050048828,0.00942240218201099,0.012747685072953966,-0.028507598337763507,-0.03501898523865643,-0.03442865079279278,1,4,287.9132995605469,0.0724346792350139,1,0.03202471500925866,0,negative,0.002756798564785386,0.016067670212650195,0.4759476932857881
2023-04-25,NVDA,26.187271118164062,-0.02962053369177209,-0.03237573360251733,-0.05154148914306833,-0.034156570969908095,27.03193588256836,26.92695083618164,27.067463302612303,0.01811932622473676,0.018781781445402646,-0.03124692097797488,-0.027469865508265134,-0.03251845858652347,1,4,26.90080451965332,0.027247337008487804,1,0.024750807575613872,1,positive,0.0027620986075441965,0.022800142084359147,0.5395559473062747
2023-04-26,AAPL,161.2728729248047,-6.121198210828904e-05,-0.009496266766655603,-0.023086707188764044,0.02286063017173867,162.40147705078124,162.9500244140625,161.79532928466796,0.005346537250454404,0.012650724450222722,-0.006949469589021318,-0.010292428585319646,-0.0032291189255782005,2,4,165.85231018066406,0.028395583043867356,1,0.014492474839489422,0,negative,0.0008635112022066242,0.013867342865312908,0.4866093398313424
2023-04-26,MSFT,287.9132995605469,0.0724346792350139,0.04826627350888324,0.023990284493753844,0.04190655562235812,277.6939697265625,279.36761474609375,279.02108001708984,0.038325582399308965,0.027026579827531393,0.036800690501299194,0.030589389619193996,0.03186934672789743,2,4,297.1344909667969,0.03202766742739804,1,0.015354123862413183,0,negative,0.0004741828911684043,0.01862104705497274,0.4332509267530331
2023-04-26,NVDA,26.90080451965332,0.027247337008487804,-0.0031802773471552026,-0.034907509998697184,0.017399519151106713,26.837334823608398,26.972956466674805,27.094707107543947,0.023822202738774407,0.019365954165173786,0.002364977612795194,-0.0026749736207312136,-0.007156474772766153,2,4,27.17025184631348,0.010016329677549507,1,0.026483515348457252,0,negative,0.00040895209330626335,0.022341240977573267,0.4990987690891593
2023-04-27,AAPL,165.85231018066406,0.028395583043867356,0.02833263291183785,0.010561374794504363,0.017214592723328925,162.74814147949218,163.23070068359374,162.1715286254883,0.015575286958333889,0.011090539810268755,0.019073450995832353,0.016060762381655547,0.022696841957233982,3,4,167.10296630859375,0.007540782076338459,1,0.006840053429037187,0,negative,0.000811933581142622,0.014781137406411009,0.48549249995183913
2023-04-27,MSFT,297.1344909667969,0.03202766742739804,0.10678226047916106,0.06542948563840012,0.051718183900966386,281.34345703125,280.8287719726562,280.20638275146484,0.03900647956490471,0.027895315758344353,0.05612724782077616,0.058062850467929694,0.06041300005056205,3,4,299.5031433105469,0.007971650601863889,1,0.005375351831867593,0,negative,0.0009666828394858275,0.019499092557350207,0.44479933553267803
2023-04-27,NVDA,27.17025184631348,0.010016329677549507,0.0375365849963496,0.004501310643391987,0.028832811166227046,26.86168556213379,27.049100494384767,27.106782245635987,0.020752999749540806,0.019490930958772027,0.01148722716844941,0.004478941987511309,0.0023414656930633715,3,4,27.692184448242188,0.019209707914412455,1,0.027165000569330296,0,negative,0.0007344493275208726,0.021955653323590934,0.49118167729529694
2023-04-28,AAPL,167.10296630859375,0.007540782076338459,0.036150490023870274,0.028239049809868133,0.02705639926007919,163.66598815917968,163.67091064453126,162.53196868896484,0.014100998996126055,0.011135680942755691,0.020999953552177875,0.020969246462594793,0.02812368333750004,4,4,167.01434326171875,-0.0005303499323365823,0,0.02380814387591921,0,negative,0.0011632367192598732,0.014732195437795671,0.4905824306231137
2023-04-28,MSFT,299.5031433105469,0.007971650601863889,0.04025463140358587,0.07523814855745736,0.07381014929762797,285.534912109375,282.8874572753906,281.3375869750977,0.038359127288169044,0.027156278645052122,0.048919521252172915,0.05873602949805212,0.06456853679155605,4,4,297.8460693359375,-0.005532743183570554,0,0.008976835949575768,0,negative,0.0011238547305386201,0.019069265308521096,0.4531260436417341
2023-04-28,NVDA,27.692184448242188,0.019209707914412455,0.029418448359442184,0.0232310782121965,0.0370357566295787,26.987428283691408,27.147997856140137,27.125045108795167,0.02225906976494115,0.020023981020012578,0.02611423945780955,0.020045183257555443,0.02090832797410269,4,4,28.850805282592773,0.04183927188973113,1,0.03169996255979229,1,positive,0.000825872836745353,0.02217308650136075,0.5118940855158945
2023-05-01,AAPL,167.01434326171875,-0.0005303499323365823,0.00700643289073799,0.02576662462868451,0.0263874295472033,164.5050476074219,164.10028839111328,162.76290740966797,0.014302374626981305,0.011154518266054252,0.015253608875790192,0.01775776812567309,0.026120422150914813,0,5,165.98028564453125,-0.006191430011295962,0,0.023801141935257973,0,negative,0.0009434553201842871,0.014732195437795671,0.49481317558779614
2023-05-01,MSFT,297.8460693359375,-0.005532743183570554,0.0023948023227642334,0.0844305895511186,0.05803344596466076,290.17279663085935,284.5211517333984,282.1788040161133,0.036915735404364346,0.027448683530772896,0.026443804499150403,0.04683278385933409,0.05552247403716959,0,5,297.6997985839844,-0.0004910951226559934,0,0.00917941928431654,0,negative,0.001676749600261166,0.01918260057364131,0.4880395501679933
2023-05-01,NVDA,28.850805282592773,0.04183927188973113,0.061852699996496785,0.0690777556148714,0.07066156487093989,27.360263442993165,27.338407516479492,27.181579113006592,0.02690695323112076,0.023377712164810126,0.05447834384728223,0.05532135568619401,0.06141019852623075,0,5,28.15223693847656,-0.024213131566823143,0,0.026297864336277454,0,negative,-4.769764672145057e-05,0.023141428879719643,0.4803524722049094
2023-05-02,AAPL,165.98028564453125,-0.006191430011295962,-0.0067184963191450064,0.02912611806476284,0.012434467442417496,165.4445556640625,164.30414123535155,162.87960891723634,0.013525970580175547,0.01133342021023429,0.0032381239643604065,0.010201473904292824,0.01903661697070036,1,5,164.90682983398438,-0.006467369340753093,0,0.024292100304141317,0,negative,0.0008990048303628746,0.014734221009728661,0.48990991305287424
2023-05-02,MSFT,297.6997985839844,-0.0004910951226559934,-0.006021121203034108,0.10888794817762082,0.05909080644411824,296.0193603515625,286.1821350097656,283.06485443115236,0.03202471500925867,0.027420290413905472,0.005676784891454734,0.04024592091964707,0.05170173521627208,1,5,296.7153015136719,-0.0033070128867915827,0,0.009753852502592891,0,negative,0.000953668326173902,0.018713616806289607,0.4790365797074583
2023-05-02,NVDA,28.15223693847656,-0.024213131566823143,0.016613080527981827,0.0750351501477966,0.019626237628036947,27.753256607055665,27.39259624481201,27.19380416870117,0.024750807575613775,0.02438824700976618,0.014375982504318596,0.02773160626599669,0.035244527166173434,1,5,27.74507141113281,-0.014462990214012539,0,0.025275800113593854,1,positive,0.0007325406961463444,0.022108021515407007,0.508403771765163
2023-05-03,AAPL,164.90682983398438,-0.006467369340753093,-0.012618757087418553,0.022532970630926075,-0.0010739486528872355,166.17134704589844,164.28641204833986,162.9692253112793,0.014492474839489369,0.011382258377497265,-0.007609718729455817,0.0037764400470439163,0.011889389048786114,2,5,163.27206420898438,-0.009913268156605537,0,0.02363199862990493,0,negative,0.0008990048303628746,0.014858459855622522,0.486919887925951
2023-05-03,MSFT,296.7153015136719,-0.0033070128867915827,-0.0037964839515483018,0.030571710186920287,0.055295418705518795,297.7797607421875,287.736865234375,283.904118347168,0.015354123862413235,0.027527869804192653,-0.0035746527093128977,0.031203635557729203,0.045125034610586034,2,5,297.6997985839844,0.003317985507623522,1,0.011613551838718114,0,negative,0.000953668326173902,0.018687810290032542,0.47795878865656843
2023-05-03,NVDA,27.74507141113281,-0.014462990214012539,-0.03832592749593411,0.031384447660763426,-0.004618615258455416,27.92210998535156,27.37972240447998,27.21121835708618,0.026483515348457165,0.02476514395279352,-0.006340443981906474,0.013343780526900106,0.019618858922118232,2,5,27.505565643310547,-0.008632371648038317,0,0.023425531178086666,1,positive,0.0014580263840734164,0.02217551376167903,0.514291322106082
2023-05-04,AAPL,163.27206420898438,-0.009913268156605537,-0.016316524730815907,-0.015557491896669995,-0.005160425604948893,165.6552978515625,164.20171966552735,163.06918487548828,0.006840053429037093,0.01168111688596446,-0.014386703434704828,-0.005661666993723613,0.00124413042017113,3,5,170.9338836669922,0.0469267017301922,1,0.02207597378408412,0,negative,0.0009437077986615034,0.013366125971637938,0.4886946896969735
2023-05-04,MSFT,297.6997985839844,0.003317985507623522,0.0,0.001902531124367668,0.06745649839564627,297.892822265625,289.6181396484375,284.93102264404297,0.0053753518318677695,0.02712371782402119,-0.0006479635198074485,0.027904533001134046,0.04481356863655073,3,5,302.8075561523437,0.017157410225517422,1,0.012887484141555123,0,negative,0.0011288527344126807,0.017764170178769398,0.4700923420409888
2023-05-04,NVDA,27.505565643310547,-0.008632371648038317,-0.02297051195538158,0.012341210486150223,0.01689807275165589,27.989172744750977,27.425429153442384,27.24519853591919,0.02716500056933021,0.022807222695000323,-0.017278363524735663,0.0029219776077087367,0.00955644008422607,3,5,28.621278762817383,0.04056317670304588,1,0.023791641107948035,1,positive,0.0018994672671725174,0.02199845977166416,0.5192024711819012
2023-05-05,AAPL,170.9338836669922,0.0469267017301922,0.036548236595630446,0.022925489852309244,0.05181193371203241,166.42148132324218,165.04373474121093,163.50791931152344,0.023808143875919178,0.01845319330563715,0.027114302239537924,0.03568841274112611,0.045416542432543894,4,5,170.86495971679688,-0.00040321993929293143,0,0.007666102665473782,0,negative,0.0007608114147141125,0.018156697319097317,0.4900351410317835
2023-05-05,MSFT,302.8075561523437,0.017157410225517422,0.02053232377161751,0.01103298217598514,0.08710123188543117,298.5537048339844,292.0443084716797,285.85947570800784,0.008976835949575867,0.027137121603126372,0.014248194711650619,0.036854844858953184,0.05928815339200977,4,5,300.8580017089844,-0.0064382622023424485,0,0.010330706492827836,0,negative,0.0011433572959440386,0.01793749493892755,0.46719949703196123
2023-05-05,NVDA,28.621278762817383,0.04056317670304588,0.03158064863848198,0.033550777343394955,0.05756127628813568,28.174991607666016,27.58120994567871,27.327180480957033,0.03169996255979221,0.025849334428967013,0.015839832762538864,0.03770932526843773,0.04735571907105984,4,5,29.091310501098636,0.016422457646857014,1,0.01535002117308583,1,positive,0.0009019975623825648,0.02215240215757086,0.5084369304973994
2023-05-08,AAPL,170.86495971679688,-0.00040321993929293143,0.046504560009076545,0.023055603368412836,0.049416293074679096,167.1916046142578,165.84832611083985,164.07270889282228,0.023801141935257942,0.018513035619524734,0.021970930364680452,0.0302483222085963,0.04139780996979536,0,5,169.16122436523438,-0.009971239008784383,0,0.0077103495397523305,0,negative,0.0009524038953615759,0.01810841312731667,0.49373195685414856
2023-05-08,MSFT,300.8580017089844,-0.0064382622023424485,0.01060868411742999,0.010112379121746118,0.0953967628038781,299.1560913085938,294.66444396972656,286.79816284179685,0.00917941928431664,0.02653635360828945,0.005689038096954535,0.021019019654417992,0.04902346210266062,0,5,299.2497253417969,-0.005345632684029988,0,0.009896930769111707,0,negative,0.0010900945200707846,0.01785382659374989,0.46407392771854566
2023-05-08,NVDA,29.091310501098636,0.016422457646857014,0.05765178140133065,0.008336170035814217,0.07798976956718362,28.22309265136719,27.791678047180177,27.405619430541993,0.026297864336277368,0.025842522868526233,0.030762675815025897,0.04676336749843446,0.06150895712570681,0,5,28.51249885559082,-0.019896375774682173,0,0.017022580217464393,1,positive,0.0008906211802603193,0.022460074126905892,0.5018834703527096
2023-05-09,AAPL,169.16122436523438,-0.009971239008784383,-0.010370438345689514,0.019164557455428888,0.04884886468329763,167.82779235839843,166.63617401123048,164.6128791809082,0.02429210030414129,0.01856011040666198,0.007945239510678714,0.0151530744688948,0.02763055483239296,1,5,170.92405700683594,0.010421020823279559,1,0.00603098056892141,1,positive,0.0009685773814990725,0.01810881324521242,0.5066835064357732
2023-05-09,MSFT,299.2497253417969,-0.005345632684029988,-0.011749478301515182,0.005206341304847317,0.11466119730466517,299.46607666015626,297.7427185058594,287.97615814208984,0.009753852502592988,0.02472852302802336,-0.0007224568497783412,0.005061439767528153,0.03914757135604452,1,5,304.42559814453125,0.017296165591539348,1,0.009628824985165853,0,negative,0.000944265318221965,0.01806510332059478,0.47708606169768736
2023-05-09,NVDA,28.51249885559082,-0.019896375774682173,-0.003800665516310975,0.012796919758155445,0.0887922887014343,28.29514503479004,28.02420082092285,27.475575828552245,0.02527580011359376,0.024420261901754534,0.007681664841566738,0.017424155564265353,0.03773981056881137,1,5,28.825857162475582,0.010990208486174824,1,0.013684530173532664,1,positive,0.0007771645656881325,0.02246103992509576,0.5034653544964599
2023-05-10,AAPL,170.92405700683594,0.010421020823279559,0.00034587132515073726,0.03648864743145719,0.059843815683318535,169.03123779296874,167.6012924194336,165.27565841674806,0.0236319986299049,0.018542738353727557,0.011198043856163187,0.019825411483623157,0.03417562298160837,2,5,171.1111602783203,0.001094657327709525,1,0.003510965576890996,0,negative,0.0009638462134078111,0.01803376162778974,0.4969555290456315
2023-05-10,MSFT,304.42559814453125,0.017296165591539348,0.011858073959414739,0.025985503920848974,0.05735163540269839,301.0081359863281,299.3939483642578,289.38078155517576,0.011613551838718187,0.01284387364902111,0.011353387997320885,0.016806117183610025,0.051989688148958546,2,5,302.2811889648437,-0.007044115845571741,0,0.007025868426866062,0,negative,0.000853985472971607,0.014017153810971916,0.47332955540491206
2023-05-10,NVDA,28.825857162475582,0.010990208486174824,-0.00912483260639041,0.03895415280528369,0.07156115503593385,28.511302185058593,28.21670608520508,27.594831275939942,0.023425531178086562,0.023583209165462866,0.011032641560013712,0.021588312804161847,0.04461074156336586,2,5,28.519481658935547,-0.010628495860961373,0,0.018858972074190756,1,positive,0.0010297588102476348,0.022146776993659217,0.5105949402606256
2023-05-11,AAPL,171.1111602783203,0.001094657327709525,0.011527085597795361,0.048012476030817375,0.031708030427358924,170.59905700683595,168.1271774291992,165.67893905639647,0.022075973784084085,0.016804139176522844,0.00300179426820546,0.017748367008526555,0.032787638868659874,3,5,170.1841583251953,-0.005417542325218183,0,0.00744068778074782,0,negative,0.0009660400483886864,0.01603008464106541,0.49352274494104015
2023-05-11,MSFT,302.2811889648437,-0.007044115845571741,0.010130213551856615,0.015389296205945646,0.01732110594532732,301.9244140625,299.9086181640625,290.3686950683594,0.012887484141555194,0.009419864986520974,0.0011816696024782303,0.007910979068575186,0.041025407004291026,3,5,301.169921875,-0.003676269415404887,0,0.007021708355251098,0,negative,0.0009242625730875069,0.013680021959931286,0.47627561401634305
2023-05-11,NVDA,28.519481658935547,-0.010628495860961373,0.0002449032398068596,0.036862212861693555,0.04965834767575528,28.714085388183594,28.351629066467286,27.700364780426025,0.023791641107947934,0.024203159755216794,-0.006777291584155076,0.005920386164574465,0.02957061702986441,3,5,28.281970977783203,-0.008328015354301832,0,0.022213662153103664,1,positive,0.0009452294992509862,0.02203077302370058,0.505320638165795
2023-05-12,AAPL,170.1841583251953,-0.005417542325218183,-0.00432881534991314,-0.004386054571002829,0.018438882831747216,170.44911193847656,168.43529663085937,166.0531036376953,0.0076661026654737015,0.01693566845206944,-0.0015544440816851468,0.010382988181917296,0.02487791313141252,4,5,169.6910858154297,-0.0028972879415922748,0,0.0063940348105815566,1,positive,0.0009797830323224003,0.014566973915919521,0.5032593197684425
2023-05-12,MSFT,301.169921875,-0.003676269415404887,-0.010694489193335044,-0.0054081684689525344,0.005565145480709965,301.5968872070313,300.07529602050784,291.4813766479492,0.010330706492827935,0.009285408308960096,-0.0014156821576815082,0.0036478372895361044,0.03323898541467574,4,5,301.6475830078125,0.0015860187160747774,1,0.006038211929751234,0,negative,0.0009467892703675993,0.012368195230677594,0.4677483278625272
2023-05-12,NVDA,28.281970977783203,-0.008328015354301832,-0.01886799693853991,-0.011855088231591648,0.021297941686158728,28.64622383117676,28.410607719421385,27.77930278778076,0.015350021173085674,0.02398746445546391,-0.012715562635418842,-0.0045277715601361734,0.018095061414700186,4,5,28.893718719482425,0.021630307950594396,1,0.023821714385227535,1,positive,0.0008099596105738656,0.022145166617446435,0.5177522409871829
2023-05-15,AAPL,169.6910858154297,-0.0028972879415922748,-0.008299134086758642,-0.006870185105903759,0.01602702199963968,170.21433715820314,168.70297088623047,166.40162963867186,0.0077103495397522525,0.016990710934492857,-0.003074073262624877,0.005857128205913886,0.01976817284722876,0,5,169.6910858154297,0.0,0,0.007059503645869778,0,negative,0.0009249249616691398,0.014680500199991644,0.4975058504835362
2023-05-15,MSFT,301.6475830078125,0.0015860187160747774,-0.0020960813314284676,0.002624431772939362,0.012763350143752739,301.7548034667969,300.4554473876953,292.48829956054686,0.009896930769111805,0.009032987644015973,-0.0003553231224575626,0.003967761711369144,0.031315042212037625,0,5,303.8700256347656,0.007367679212916478,1,0.005421506371488223,0,negative,0.0008919311997143388,0.01231610484654269,0.4761788813089153
2023-05-15,NVDA,28.893718719482425,0.021630307950594396,0.013122155059561713,-0.006792123772105363,0.0014874259650403676,28.606705474853516,28.41489906311035,27.876653289794923,0.01702258021746425,0.020951517789548336,0.01003307580739099,0.016851006766154697,0.036484488260283054,0,5,29.15318298339844,0.008979953962833687,1,0.02584071355232477,1,positive,0.0007299229817924923,0.02219283941575712,0.5100280382544861
2023-05-16,AAPL,169.6910858154297,0.0,-0.0028972879415922748,0.003132286682031138,0.022356873025544788,170.3203094482422,169.0740509033203,166.68909606933593,0.006030980568921303,0.01678198808217246,-0.0036943546829553142,0.003649495051503804,0.018009514820603867,1,5,170.302490234375,0.003603043825238572,1,0.010704596206385702,0,negative,0.0009249249616691398,0.01429937949380737,0.49848815515184763
2023-05-16,MSFT,303.8700256347656,0.007367679212916478,0.008965383206116728,0.015439614147319647,0.02072633935303303,302.6788635253906,301.0724700927734,293.6273025512695,0.009628824985165946,0.009199635981729458,0.0039353990414170426,0.00929196728325965,0.03488341511330573,1,5,306.7420349121094,0.009451439875796552,1,0.013021634516890411,0,negative,0.0009016778448831075,0.01231610484654269,0.48201571150426914
2023-05-16,NVDA,29.15318298339844,0.008979953962833687,0.030804501083026237,0.022470290347139876,0.035554760607810154,28.73484230041504,28.51499366760254,27.953794956207275,0.013684530173532487,0.019183361158063298,0.014558655955364763,0.022380833158696545,0.04290608946191887,1,5,30.116209030151367,0.033033307110970744,1,0.029415994759350816,1,positive,0.000764821781540596,0.022015433851882225,0.5092231450262692
2023-05-17,AAPL,170.302490234375,0.003603043825238572,0.003603043825238572,-0.0036365084198538566,0.03271944773798974,170.19599609375,169.61361694335938,166.95001449584962,0.0035109655768908207,0.016494631451112653,0.0006257147234316474,0.004061426808943391,0.02008071546833401,2,5,172.6298828125,0.013666227516238694,1,0.01054867980064083,0,negative,0.0009249249616691398,0.014169386669728296,0.4943028255758818
2023-05-17,MSFT,306.7420349121094,0.009451439875796552,0.01688875426581804,0.0076092049476021995,0.033792437893451543,303.14215087890625,302.0751434326172,294.90600433349607,0.007025868426866195,0.009252322948870757,0.011875234185565686,0.015449438925891679,0.04013492572103905,2,5,311.1575622558594,0.0143949209472225,1,0.012716623267566134,0,negative,0.0009063496847437828,0.012237717221071129,0.4786952089225126
2023-05-17,NVDA,30.116209030151367,0.033033307110970744,0.04230989865090096,0.04476369463717167,0.08546157924348075,28.992912673950194,28.752107429504395,28.065914916992188,0.018858972074190627,0.020056617293367267,0.03874382573539914,0.04744353449539429,0.07305281581673473,2,5,31.613134384155277,0.04970497291027698,1,0.026846518516573093,0,negative,0.0005672282530486652,0.022531376960248352,0.49782104804875693
2023-05-18,AAPL,172.6298828125,0.013666227516238694,0.017318511358143995,0.008875648623441146,0.05731426652104932,170.49974060058594,170.54939880371094,167.37555923461915,0.007440687780747731,0.016068728233325308,0.012493521716869571,0.01219871792795657,0.03139241835491391,3,5,172.7383575439453,0.00062836589863835,1,0.008370475486958715,0,negative,0.000908944668525249,0.014169386669728296,0.4995405503238162
2023-05-18,MSFT,311.1575622558594,0.0143949209472225,0.023982413552868564,0.02936462345345614,0.04520582054770328,304.91742553710935,303.42091979980466,296.51952972412107,0.0070217083552512145,0.009887066460193075,0.02046500526415662,0.025498052214591116,0.04936616669181082,3,5,310.9817810058594,-0.0005649268130448748,0,0.021238670680020628,0,negative,0.0008765702011760065,0.012494596817108876,0.48535598464739843
2023-05-18,NVDA,31.613134384155277,0.04970497291027698,0.08438019965633536,0.10847506845379318,0.14933591237901722,29.61164321899414,29.16286430358887,28.294146728515624,0.02221366215310355,0.02283885668687081,0.06759135757374302,0.084020213345946,0.11730297744920803,3,5,31.199981689453125,-0.013069020290162325,0,0.11318488336397596,0,negative,-0.0004676761904156939,0.025945263367805397,0.4341604485676847
2023-05-19,AAPL,172.7383575439453,0.00062836589863835,0.01430318080621129,0.015008442876741412,0.010556560456255415,171.01058044433594,170.72984619140624,167.88679046630858,0.006394034810581448,0.006958370298568868,0.01010333451368961,0.011764266162855419,0.02889784874772716,4,5,171.79161071777344,-0.005480814103092424,0,0.011241292415498826,0,negative,0.000972393259531282,0.012671522396526245,0.48541732865829057
2023-05-19,MSFT,310.9817810058594,-0.0005649268130448748,0.01382186205736291,0.032579146914052615,0.02699478493001406,306.8797973632812,304.23834228515625,298.14132537841795,0.006038211929751367,0.008900272596355898,0.013366743845057538,0.022164986405239562,0.04306835226932604,4,5,313.7560729980469,0.00892107564376965,1,0.02210802314627166,0,negative,0.0009659389234883049,0.0122600703239052,0.4746704536033504
2023-05-19,NVDA,31.199981689453125,-0.013069020290162325,0.03598635732062827,0.10317564903670084,0.09009740438242742,30.195245361328126,29.42073459625244,28.500972270965576,0.023821714385227427,0.022262372319231283,0.033274653545680044,0.06047595743674328,0.09469885422951263,4,5,31.11216354370117,-0.0028146858105895234,0,0.1098073431143699,0,negative,0.000853749256890589,0.022993701953170756,0.4898444839731722
2023-05-22,AAPL,171.79161071777344,-0.005480814103092424,-0.004855892161133246,0.012378522373464262,0.0054232945275172195,171.4306854248047,170.8225112915039,168.33541870117188,0.0070595036458696815,0.007256868364345871,0.0021053715796233163,0.005673136514284138,0.020531579410135725,0,5,169.18812561035156,-0.015154902480651322,0,0.011460450897608407,0,negative,0.0008990048303628746,0.012687731941151826,0.49591936058072256
2023-05-22,MSFT,313.7560729980469,0.00892107564376965,0.008351109075892538,0.040141180212674765,0.04287095977436772,309.30149536132814,305.5281494140625,300.0962966918945,0.005421506371488364,0.008462030863159102,0.014402056580796296,0.026930165353875823,0.04551797691851123,0,5,307.9729919433594,-0.018431774083058183,0,0.023011704868498666,0,negative,0.0009063496847437828,0.0122600703239052,0.4771015874371775
2023-05-22,NVDA,31.11216354370117,-0.0028146858105895234,-0.01584692091478279,0.07677948434940962,0.06946586481644457,30.638934326171874,29.622819900512695,28.707248973846436,0.025840713552324677,0.022369474335730184,0.015445355001301841,0.05027690301566112,0.08377377337848402,0,5,30.625164031982425,-0.015653026220265542,0,0.1068711613092046,1,positive,0.0010557442723141935,0.02234009681556916,0.518061930553541
2023-05-23,AAPL,169.18812561035156,-0.015154902480651322,-0.020552655380496776,-0.002963975406611419,0.0001590272547278282,171.33009338378906,170.82520141601563,168.73068771362304,0.010704596206385645,0.008214969479348298,-0.012501993847860549,-0.009583338945857611,0.0027110533532874737,1,5,169.46421813964844,0.0016318670610060426,1,0.006017559649288144,0,negative,0.0008106901916082134,0.013332716208510382,0.4986346773723521
2023-05-23,MSFT,307.9729919433594,-0.018431774083058183,-0.00967512969013229,0.01350237260165077,0.029150458172013227,310.12208862304686,306.4004760742188,302.07159729003905,0.013021634516890479,0.010798241945027862,-0.006929840725726888,0.0051322239746118825,0.01953641026254438,1,5,306.5954895019531,-0.00447280273738937,0,0.020644155355228535,0,negative,0.0007058250137467768,0.014229056864358845,0.4708117000703166
2023-05-23,NVDA,30.625164031982425,-0.015653026220265542,-0.018423653680060048,0.05049126366140588,0.07409610736301175,30.933330535888672,29.834086418151855,28.929143619537353,0.02941599475935073,0.02183733307178893,-0.009962280122042255,0.02651589871876414,0.05862670650574198,1,5,30.4754695892334,-0.004887955623444129,0,0.11500590844195539,1,positive,0.0008545449641212503,0.022315835845942752,0.5046507231647562
2023-05-24,AAPL,169.46421813964844,0.0016318670610060426,-0.013547766205816325,-0.004922253888201555,-0.008540862490346357,171.16243896484374,170.67921752929686,169.14025497436523,0.01054867980064077,0.007412642154614765,-0.00992169097066975,-0.007118613544381147,0.001915352234347134,2,5,170.59835815429688,0.006692504335716665,1,0.006493075570966563,0,negative,0.0008375910709003592,0.013106565469537361,0.49465696971831896
2023-05-24,MSFT,306.5954895019531,-0.00447280273738937,-0.022822135130873833,-0.00047774805366418427,0.007127821611084384,310.0927795410156,306.6174652099609,303.0057067871094,0.01271662326756621,0.009720797688219002,-0.011278205330156332,-7.167141634534246e-05,0.011847244571422832,2,5,318.38653564453125,0.038457989586643926,1,0.019364528139237946,0,negative,0.0015038640339718947,0.013798626052770073,0.47361617520222976
2023-05-24,NVDA,30.4754695892334,-0.004887955623444129,-0.020464470546172397,0.011929142832099116,0.05722682997629014,31.005182647705077,29.999047660827635,29.10787687301636,0.026846518516573,0.022121442776602347,-0.017084661764148246,0.015881235090934753,0.04698359561513832,2,5,37.9022331237793,0.24369644289811632,1,0.11129734101107215,1,positive,0.0020156019197935036,0.022084108722266838,0.5267776802933027
2023-05-25,AAPL,170.59835815429688,0.006692504335716665,0.008335292674103822,-0.011768093826545867,-0.0029968946688768705,170.75613403320312,170.62793731689453,169.37755737304687,0.008370475486958644,0.00777678232545445,-0.0009239836671142143,-0.00017335474520052685,0.007207571063037932,3,5,173.00462341308594,0.014104855901442725,1,0.006747427552068178,0,negative,0.0008944120661573314,0.012686832700421879,0.4931189547883632
2023-05-25,MSFT,318.38653564453125,0.038457989586643926,0.03381317184815691,0.023232517108896733,0.053279354679131696,311.53857421875,308.2279998779297,304.0683090209961,0.02123867068002067,0.014922990834482265,0.021981102799080388,0.0329578616174544,0.04708884878412789,3,5,325.19549560546875,0.021385828854708633,1,0.012460695202626422,0,negative,-1.0185155680626427e-05,0.015639689674012563,0.4991689608959068
2023-05-25,NVDA,37.9022331237793,0.24369644289811632,0.23761730987619512,0.19893942382303487,0.32899445989418963,32.26300239562988,30.93732280731201,29.64447593688965,0.11318488336397593,0.07764777295501411,0.17478939681426753,0.22512970368661422,0.2785597291201791,3,5,38.86625289916992,0.025434379347580194,1,0.04245178952237802,0,negative,-0.030883544999866074,0.04121727530304655,0.30473205444706297
2023-05-26,AAPL,173.00462341308594,0.014104855901442725,0.020891757046434423,0.0015414403200684212,0.01657301781580145,170.80938720703125,170.90998382568358,169.6726402282715,0.011241292415498769,0.008733354986343202,0.012851964648722403,0.012255805895685645,0.019637716371547764,4,5,174.84872436523438,0.010659258208060907,1,0.009207566857532866,1,positive,0.0009159171742734031,0.01293770567692528,0.5049265731816613
2023-05-26,MSFT,325.19549560546875,0.021385828854708633,0.06066627442474859,0.0457059399223827,0.07977414736801136,314.3813171386719,310.63055725097655,305.35292663574216,0.02210802314627169,0.015345876501865783,0.034398286021642965,0.046888298702449704,0.06498240966066438,4,5,323.55426025390625,-0.0050469190801881725,0,0.008916214311011025,0,negative,0.0009088435436248673,0.016136469607272896,0.4586030227852872
2023-05-26,NVDA,38.86625289916992,0.025434379347580194,0.27532909002002315,0.24571396502800869,0.3742413118838557,33.796256637573244,31.995750999450685,30.203179359436035,0.10980734311436989,0.07646161319614693,0.15001650377929932,0.2147316967130164,0.286826543544906,4,5,40.02886962890625,0.029913270331268782,1,0.041408492099915324,0,negative,-0.018568940347807227,0.0409076622203797,0.35803909481978247
2023-05-30,AAPL,174.84872436523438,0.010659258208060907,0.02491446141054454,0.017795476942604083,0.030394281025548864,171.42080993652343,171.42574768066407,170.06435928344726,0.011460450897608346,0.0089923274083889,0.019997072875692856,0.019967692898424483,0.02813267342990411,1,5,174.7994384765625,-0.00028187731337936395,0,0.008908953684560931,1,positive,0.0009387241520930257,0.01293770567692528,0.5025495738651761
2023-05-30,MSFT,323.55426025390625,-0.0050469190801881725,0.01623097722682787,0.03122867762282433,0.07262341381176052,316.34095458984376,312.82122497558595,306.6383361816406,0.023011704868498704,0.015781916980785873,0.022802313641036465,0.03431044450119369,0.05516571829507089,1,5,320.7994689941406,-0.008514155423587466,0,0.009266358583549496,0,negative,0.0009110808528350442,0.01561755617744333,0.4782700628547175
2023-05-30,NVDA,40.02886962890625,0.029913270331268782,0.05610847514398132,0.28659871476570187,0.3853831006500257,35.579597854614256,33.109266090393064,30.76208257675171,0.10687116130920457,0.0763502207181013,0.12505121031644761,0.20899296044864513,0.3012405622744758,1,5,37.75653076171875,-0.05676750026302424,0,0.038487540510029505,0,negative,-0.019126107177927797,0.04084200718675723,0.32922602284490377
2023-05-31,AAPL,174.7994384765625,-0.00028187731337936395,0.010374376291615306,0.033166115210319536,0.030103836253891902,172.54307250976564,171.93658294677735,170.50531692504882,0.006017559649288016,0.009003333317935305,0.013077117116186532,0.016650648051272254,0.02518467827839821,2,5,177.60015869140625,0.016022478328608925,1,0.009986609513689333,0,negative,0.0009181544834835799,0.012671522396526245,0.48796134617284875
2023-05-31,MSFT,320.7994689941406,-0.008514155423587466,-0.013518104250316632,0.04164805806458571,0.05571277826435961,318.90625,314.51416931152346,307.79331970214844,0.020644155355228577,0.016538158464332795,0.00593660047158262,0.019984154279521826,0.04225611298054899,2,5,324.8926086425781,0.012759184612341823,1,0.017261737581949318,0,negative,0.0009272543389725409,0.015673731013837622,0.47976236332434463
2023-05-31,NVDA,37.75653076171875,-0.05676750026302424,-0.028552331513153728,0.2328597072096954,0.2951083517439439,37.00587120056152,33.9696008682251,31.24229726791382,0.11500590844195538,0.08153608751660095,0.020284877420906122,0.11147996434176277,0.20850686612264968,2,5,39.68856430053711,0.05117084382067327,1,0.031005474124745233,0,negative,-0.012309099713065876,0.041421878074359444,0.4126390897085852
2023-06-01,AAPL,177.60015869140625,0.016022478328608925,0.015736084642084647,0.04800978425459301,0.04285121401917258,174.17026062011718,172.66634979248047,171.1399833679199,0.006493075570966436,0.00990604150236546,0.019692788304256137,0.02857423525113889,0.03774790201771916,3,6,178.44830322265625,0.004775584309717473,1,0.009773410479679303,0,negative,0.000908944668525249,0.012941076861952195,0.49701629782911133
2023-06-01,MSFT,324.8926086425781,0.012759184612341823,0.004136395507886803,0.059678370253742674,0.05917211097484376,322.565673828125,316.3292266845703,309.2021850585937,0.019364528139237985,0.016657330014927214,0.0072138327269535285,0.027071105783553984,0.0507448664407435,3,6,327.6473999023437,0.00847908258447383,1,0.015907961993535,0,negative,0.0008991435499233917,0.015908071926023504,0.4535027252209814
2023-06-01,NVDA,39.68856430053711,0.05117084382067327,-0.008501497332400132,0.30231182112969246,0.31784728485587976,38.848490142822264,34.92683639526367,31.839471912384035,0.11129734101107211,0.08184042599934366,0.021624370847525887,0.13633436052969183,0.24652080944533994,3,6,39.2464714050293,-0.011139049832090575,0,0.021258893114561077,0,negative,-0.022220263173473188,0.040963398756728935,0.3266423148127135
2023-06-02,AAPL,178.44830322265625,0.004775584309717473,0.020874579334435373,0.04601418884265884,0.03370459572446016,175.74024963378906,173.2481918334961,171.8987953186035,0.006747427552068057,0.009350294505630768,0.015409410163637949,0.03001538621631239,0.0381009529003018,4,6,177.09722900390625,-0.00757123600701437,0,0.009559717937862896,0,negative,0.0009983133908375475,0.012671522396526245,0.4937446488751442
2023-06-02,MSFT,327.6473999023437,0.00847908258447383,0.02134645337685437,0.029086858962377393,0.05299513701976166,324.4178466796875,317.97821044921875,310.6995651245117,0.012460695202626498,0.01642510288719658,0.009954918496962062,0.030408339739584456,0.05454733987490523,4,6,328.1749572753906,0.0016101375234602866,1,0.015222300000832334,0,negative,0.0009612077553970436,0.015067601797440416,0.43662755344490967
2023-06-02,NVDA,39.2464714050293,-0.011139049832090575,0.03946179940931427,0.035465938823711296,0.24146093608167818,39.11733779907227,35.69017009735107,32.42651720046997,0.04245178952237797,0.08252710142483113,0.0033011859503406793,0.099643719768715,0.21032028084904786,4,6,39.09079360961914,-0.003966669864496564,0,0.02172394626658001,0,negative,0.0066891235101624955,0.040641667342746365,0.43356946814939207
2023-06-05,AAPL,177.09722900390625,-0.00757123600701437,-0.0028318087731772357,0.023656047509483802,0.02523395221499669,176.55877075195312,173.6840789794922,172.20696258544922,0.009207566857532788,0.009956318038575563,0.0030497394700919056,0.019651484721389334,0.028397611484672014,0,6,176.7323760986328,-0.002060184156045697,0,0.010522125861376831,1,positive,0.0009596288063217838,0.012965479312177196,0.5003808459397083
2023-06-05,MSFT,328.1749572753906,0.0016101375234602866,0.010102872596967849,0.009162063159499079,0.0552867637902148,325.01373901367185,319.69752807617186,311.9679351806641,0.008916214311011144,0.01635309212509433,0.009726414247324566,0.026517030801686214,0.05195092272973789,0,6,325.9671630859375,-0.006727491359434956,0,0.017796629188232594,0,negative,0.0009110808528350442,0.013934817353687035,0.4336057614601345
2023-06-05,NVDA,39.09079360961914,-0.003966669864496564,-0.015061534763299078,0.005777266746854748,0.2529107868942575,39.16224594116211,36.479251289367674,32.949992942810056,0.04140849209991527,0.08211477618358248,-0.001824520780813299,0.07158980044671681,0.18636728321816087,0,6,38.57485580444336,-0.013198447960105497,0,0.023597604520984937,0,negative,0.008921934548390499,0.041281822192944524,0.4416264580508853
2023-06-06,AAPL,176.7323760986328,-0.002060184156045697,-0.009615822022596698,0.010773036750692855,0.028760225020395547,176.9355010986328,174.17815551757812,172.500333404541,0.008908953684560857,0.00970574941549895,-0.0011480172081845819,0.014664413993044745,0.024533533417393283,1,6,175.361572265625,-0.0077563820691393115,0,0.010613059226840584,0,negative,0.0009343279696210766,0.012727615217893206,0.49897376502883956
2023-06-06,MSFT,325.9671630859375,-0.006727491359434956,-0.005128186022251291,0.0074574905307620565,0.0389190557212471,325.49631958007814,320.91863708496095,313.22339324951173,0.009266358583549612,0.01673517491269375,0.0014465401835166425,0.015731482742275205,0.04068588142225438,1,6,315.9052734375,-0.0308678013858249,0,0.018036969159066427,0,negative,0.0009272543389725409,0.014094395903857733,0.4333319867157935
2023-06-06,NVDA,38.57485580444336,-0.013198447960105497,-0.017112763938820552,-0.03632412900845183,0.23986413706844423,38.87144317626953,37.22552051544189,33.4241702079773,0.03848754051002946,0.08257694420372574,-0.007629955247126841,0.036247586879053495,0.1541006273130081,1,6,37.40212631225586,-0.030401396654149426,0,0.026640160957136637,0,negative,0.00926773162463428,0.042051149928489934,0.4480221820949427
2023-06-07,AAPL,175.361572265625,-0.0077563820691393115,-0.009800586649737819,0.0032158786890947866,0.03648865210251917,177.0479278564453,174.79550018310547,172.81035079956055,0.009986609513689269,0.00836784919376527,-0.009524853587598359,0.0032384820085560317,0.014763128795586722,2,6,178.0735626220703,0.015465134814926174,1,0.00828047304654202,1,positive,0.0009249249616691398,0.012784454601974183,0.5103286929943347
2023-06-07,MSFT,315.9052734375,-0.0308678013858249,-0.03738762987815192,-0.015256245816073988,0.025756419236916406,324.51748046875,321.711865234375,314.05617065429686,0.01726173758194939,0.018904621515844728,-0.026538499617370648,-0.018049044577963524,0.005887809111824627,2,6,317.7418212890625,0.005813603019595881,1,0.0042459584704062575,0,negative,0.002890937559396253,0.018444130615410545,0.4743385535613662
2023-06-07,NVDA,37.40212631225586,-0.030401396654149426,-0.04319859336260057,-0.009386573456643399,0.22128737900623574,38.80056228637695,37.90321674346924,33.86865158081055,0.03100547412474517,0.08349952674403709,-0.03604164196898996,-0.013220261346280515,0.10432876912783029,2,6,38.43511962890625,0.027618571950330573,1,0.016366169064491648,0,negative,0.013529464085549314,0.04339667477062854,0.4729483812862573
2023-06-08,AAPL,178.0735626220703,0.015465134814926174,0.007588799251411649,0.00266556029089271,0.05080331751996914,177.14260864257812,175.65643463134765,173.16782608032227,0.009773410479679239,0.009112628893297435,0.005255392740493026,0.01376054339139654,0.028329376494410363,3,6,178.45814514160156,0.002159683413238911,1,0.0073337246397277445,1,positive,0.000908944668525249,0.012749910021997803,0.5108022093912951
2023-06-08,MSFT,317.7418212890625,0.005813603019595881,-0.025233651509573907,-0.02200969539871056,0.03635517210385575,323.0873229980469,322.8264984130859,314.72198181152345,0.01590796199353508,0.018749806292692954,-0.016545067938232627,-0.015750494922251113,0.00959526074460082,3,6,319.23638916015625,0.004703717833020482,1,0.010914066263443859,0,negative,0.0017898141412696464,0.01819134451195048,0.4540127656638184
2023-06-08,NVDA,38.43511962890625,0.027618571950330573,-0.0036224678647019948,-0.03158201093240087,0.2611821949573796,38.54987335205078,38.699181747436526,34.34911470413208,0.02125889311456099,0.08292460708259886,-0.0029767600556442897,-0.006823454827898701,0.11895517424449498,3,6,38.694618225097656,0.006751601105886573,1,0.02297776721074472,0,negative,0.006674029150622515,0.04220023714634424,0.4236453548671881
2023-06-09,AAPL,178.45814514160156,0.002159683413238911,0.01765821802330847,5.515277403911334e-05,0.046071879426857976,177.1445770263672,176.44241333007812,173.53517532348633,0.009559717937862831,0.009132078264007314,0.007415231881689799,0.011424304244538552,0.028368714348190993,4,6,181.2490234375,0.015638839536766147,1,0.009052412529203463,1,positive,0.0009889103828856105,0.012749910021997803,0.50773995672568
2023-06-09,MSFT,319.23638916015625,0.004703717833020482,0.01054466640081353,-0.02567092168194951,0.0026692508020309536,321.4051208496094,322.91148376464844,315.5697418212891,0.015222300000832417,0.0143190269443441,-0.006747657547335417,-0.011381120800184163,0.011619134704440759,4,6,324.17950439453125,0.015484184767843301,1,0.017479328907590647,0,negative,0.0008439011880668802,0.01568615871150101,0.4341477355886962
2023-06-09,NVDA,38.694618225097656,0.006751601105886573,0.03455664263713998,-0.014061217739460896,0.020906026796115862,38.43950271606445,38.77842025756836,34.857871532440186,0.021723946266579922,0.03225720752853902,0.0066368056558283595,-0.0021610481271305826,0.11006830090261932,4,6,39.405235290527344,0.018364751948082958,1,0.023998982429733026,0,negative,0.0009949728346784275,0.035149392080591785,0.47555416046991295
2023-06-12,AAPL,181.2490234375,0.015638839536766147,0.017832297892355076,0.023443587779129915,0.047654217914909536,177.97493591308594,177.26685333251953,174.08841857910156,0.010522125861376764,0.00932130265608886,0.01839634051624528,0.022464268023704603,0.04113200014591922,0,6,180.77566528320312,-0.002611645267485252,0,0.0065193081816356,1,positive,0.0008863599403208497,0.012786811167235295,0.5076735423634365
2023-06-12,MSFT,324.17950439453125,0.015484184767843301,0.020260735836886035,-0.01217476468658929,-0.003124247490100873,320.6060302734375,322.8098846435547,316.7202209472656,0.017796629188232663,0.013451466911148064,0.01114599784054593,0.004242806110131614,0.02355164891258288,0,6,326.5630798339844,0.0073526407658155435,1,0.01943779621234795,0,negative,0.0007785924787630001,0.015537311395522994,0.42942487628122694
2023-06-12,NVDA,39.405235290527344,0.018364751948082958,0.02524034453353141,0.008043880716477103,0.013867619107910789,38.5023910522461,38.832318496704104,35.41403474807739,0.023597604520984854,0.03177357602936316,0.023449043386841284,0.01475360771651757,0.11270109635464887,0,6,40.94224166870117,0.039005131344649335,1,0.02414349303340776,0,negative,0.0008447176406462441,0.02810616983667929,0.4851093914293165
2023-06-13,AAPL,180.77566528320312,-0.002611645267485252,0.01298635116801572,0.02287803329432858,0.03389753593848477,178.78359375,177.85954742431642,174.64264755249025,0.010613059226840518,0.009324114590488942,0.011142362067006584,0.016395621720153075,0.03511752608348173,1,6,181.40679931640625,0.0034912554862647216,1,0.007101655692137091,1,positive,0.0009434553201842871,0.012786811167235295,0.5058015420403271
2023-06-13,MSFT,326.5630798339844,0.0073526407658155435,0.02295067518180849,0.0018281496283407694,0.00929927356764515,320.7252136230469,323.1107666015625,317.9659957885742,0.01803696915906649,0.013529443177506694,0.018202080668964227,0.0106846121803148,0.02703774667504577,1,6,329.54254150390625,0.009123694177053165,1,0.020662562591834552,0,negative,0.0008757577135768422,0.015522001091627359,0.4303109225593094
2023-06-13,NVDA,40.94224166870117,0.039005131344649335,0.058086202854578994,0.06137121746505958,0.02281783243600133,38.975868225097656,38.9236557006836,36.01646089553833,0.026640160957136557,0.03278043408407762,0.05045104915295551,0.051860133167864975,0.1367647084328889,1,6,42.91340255737305,0.048144918507936785,1,0.026803900164596595,0,negative,-0.00046134886479917166,0.036358017422163186,0.4267781069405274
2023-06-14,AAPL,181.40679931640625,0.0034912554862647216,0.0008704922979110297,0.034472929118269935,0.03779966856546668,179.99263916015624,178.5202835083008,175.22843322753906,0.008280473046541928,0.009235476221193391,0.007856766603614895,0.01616911956097833,0.03525892445117296,2,6,183.43833923339844,0.0111988080085621,1,0.010120110253362537,1,positive,0.0009596288063217838,0.012671522396526245,0.5012674496750907
2023-06-14,MSFT,329.54254150390625,0.009123694177053165,0.016543418188609715,0.04316885222590083,0.027254011788670818,323.4526672363281,323.9850738525391,319.24962158203124,0.004245958470406461,0.01329766039122233,0.01882771386494264,0.017153468168402908,0.03224097767404954,2,6,340.0538635253906,0.03189670739782091,1,0.02209136258772095,0,negative,0.0009063496847437828,0.01383814580659184,0.41068212439073115
2023-06-14,NVDA,42.91340255737305,0.048144918507936785,0.08902794872256559,0.14735194996951995,0.13658224661050777,40.07812347412109,39.43934288024902,36.70447187423706,0.016366169064491506,0.028067419466968634,0.07074380827941518,0.08808614503726453,0.16916006050734245,2,6,42.57007598876953,-0.008000450864843578,0,0.01621313688405722,0,negative,-0.0008439907178420824,0.03649963425666014,0.424684594444423
2023-06-15,AAPL,183.43833923339844,0.0111988080085621,0.014729161394726242,0.03012674387109282,0.03287260881414222,181.0655944824219,179.1041015625,175.88522567749024,0.007333724639727642,0.008629677905909725,0.013104338003909977,0.024199544472106593,0.04294342248937877,3,6,182.3634185791016,-0.005859847285954567,0,0.009219003227545213,1,positive,0.0009613088802974251,0.012693875499360314,0.5033095208393409
2023-06-15,MSFT,340.0538635253906,0.03189670739782091,0.04131141737842681,0.07022066577767228,0.04666543491450037,327.9150756835937,325.50119934082034,320.9152130126953,0.010914066263443923,0.015997528533854284,0.03701808407707863,0.04470848099497404,0.059637716557669807,3,6,334.417236328125,-0.016575689330007415,0,0.014606034596934285,0,negative,0.0008048599504940861,0.0149214400546141,0.41502363649896806
2023-06-15,NVDA,42.57007598876953,-0.008000450864843578,0.03975928658817862,0.10758276284259227,0.07260307191795867,40.90511474609375,39.72749404907226,37.32716522216797,0.022977767210744626,0.025280021197303812,0.04070300873156163,0.07155200718640975,0.14045831595826308,3,6,42.60899353027344,0.00091419948402649,1,0.018222578342486268,0,negative,0.0009719771046703334,0.033227588437448115,0.48811158990387155
2023-06-16,AAPL,182.3634185791016,-0.005859847285954567,0.0052733374178925985,0.021883413807765928,0.0219397735127822,181.84664916992188,179.49561309814453,176.3719024658203,0.009052412529203385,0.009068147332271527,0.0028417868106924704,0.01597702267736767,0.03397092183910866,4,6,182.45216369628903,0.0004866388110011943,1,0.009547851527023886,1,positive,0.0009983133908375475,0.012708399874797967,0.5060933107959723
2023-06-16,MSFT,334.417236328125,-0.016575689330007415,0.014792308155337164,0.047553623845659754,0.020661956810275495,330.9512451171875,326.1781829833984,322.0781967163086,0.017479328907590696,0.017250534743044416,0.010472815141427283,0.0252593636685563,0.03831069515917851,4,6,330.2361755371094,-0.01250252779110117,0,0.015045110658908565,0,negative,0.0006833263637941982,0.016482724327806075,0.39115835025292467
2023-06-16,NVDA,42.60899353027344,0.00091419948402649,-0.007093565388869627,0.10116071652147451,0.08567705592032526,41.68798980712891,40.06374626159668,37.876958179473874,0.023998982429732932,0.02457988256934701,0.022092783254975545,0.0635299368176292,0.12493176797296068,4,6,43.72282028198242,0.026140649178151065,1,0.023876635892505257,1,positive,0.0010759240183401218,0.024389396938910384,0.5038568397102199
2023-06-20,AAPL,182.45216369628903,0.0004866388110011943,-0.0053760601040693246,0.00663805098626602,0.03023725849637482,182.0872772216797,180.0311065673828,176.8575927734375,0.0065193081816355015,0.008438635407177118,0.0020039097743502765,0.013447993377744716,0.03163319615018412,1,6,181.41668701171875,-0.005675332446558157,0,0.011582670328009389,0,negative,0.0009596288063217838,0.012687731941151826,0.4953434623221707
2023-06-20,MSFT,330.2361755371094,-0.01250252779110117,-0.028870979104603567,0.018683078542828024,0.006280851771358842,332.16257934570314,326.3843048095703,323.0409164428711,0.019437796212348,0.017868663960131724,-0.005799581073787419,0.011801642023768322,0.022273522417742164,1,6,325.84991455078125,-0.013282194112120282,0,0.018612143253210405,0,negative,0.0016101557741089198,0.018280625282867478,0.40414799121244094
2023-06-20,NVDA,43.72282028198242,0.026140649178151065,0.0270787464301685,0.10956881641797955,0.11849405562396842,42.55150680541992,40.52694892883301,38.503100109100345,0.024143493033407668,0.02472350879888145,0.027526956493425736,0.0788579312684381,0.13556623124090672,1,6,42.961307525634766,-0.017416826074722946,0,0.025575594920665492,0,negative,0.0008279423250890907,0.03408739864919058,0.48490377706346016
2023-06-21,AAPL,181.41668701171875,-0.005675332446558157,-0.005191455472590811,0.003545951428315375,0.02650510911748083,182.21548156738282,180.4995376586914,177.33884658813477,0.007101655692137002,0.00875185203141166,-0.004383790821685385,0.005081172865725625,0.02299462583657519,2,6,184.4146423339844,0.01652524567418645,1,0.010437112335425271,1,positive,0.0009249249616691398,0.012687731941151826,0.504376695832207
2023-06-21,MSFT,325.84991455078125,-0.013282194112120282,-0.02561866090220788,-0.0021838515351021437,-0.0003596943141335185,332.0199462890625,326.37257995605466,323.64560852050784,0.020662562591834605,0.018289520667505013,-0.018583316476141754,-0.0016014378577507982,0.006810863401947698,2,6,331.8578186035156,0.018437641946344785,1,0.017545206572992467,0,negative,0.00196798248156585,0.01826725256826896,0.4116371453395798
2023-06-21,NVDA,42.961307525634766,-0.017416826074722946,0.008268535963211976,0.049314980681116394,0.11371271854984188,42.95531997680664,40.965594100952146,39.09555730819702,0.026803900164596516,0.02522332136181356,0.0001393901577582124,0.048716818795903505,0.09887952707678171,2,6,42.94134140014648,-0.0004647466904115216,0,0.025637692423275273,0,negative,0.0006667798167718274,0.0225837198027687,0.48759020394572905
2023-06-22,AAPL,184.4146423339844,0.01652524567418645,0.010756126964666324,0.01658065204233017,0.051625164803190016,182.81705017089843,181.40484466552735,178.1001724243164,0.01012011025336247,0.008909693278859043,0.008738748172517408,0.016591605775504448,0.03545459739715473,3,6,184.0990753173828,-0.0017111820005598632,0,0.008533291169600605,1,positive,0.000908944668525249,0.012768245057348603,0.512239385213513
2023-06-22,MSFT,331.8578186035156,0.018437641946344785,0.004910555494923363,0.00702573054466149,0.0504978754942238,332.4830017089844,327.96783447265625,324.8398498535156,0.022091362587721,0.015431849409231063,-0.0018803460695893115,0.011860870859833339,0.02160439599133146,3,6,327.2761535644531,-0.013806108466398404,0,0.014769212041698914,0,negative,0.0008512693644752995,0.015540137277831649,0.38728565044564034
2023-06-22,NVDA,42.94134140014648,-0.0004647466904115216,-0.017873478352858685,0.0006510516786935039,0.14809893538259988,42.960907745361325,41.51951560974121,39.711366176605225,0.016213136884057105,0.021205280371678473,-0.0004554453395356761,0.03424475862795662,0.081336290702688,3,6,42.126930236816406,-0.0189656665762028,0,0.02526123060795687,1,positive,0.0008434098291375551,0.02265897435664126,0.5003306100639895
2023-06-23,AAPL,184.0990753173828,-0.0017111820005598632,0.014785785970674148,0.0036019519515149145,0.033837210906486836,182.9491973876953,182.00739593505858,178.83191528320313,0.009219003227545144,0.00832182383602902,0.006285230796890362,0.01149227684720322,0.029453132153947292,4,6,182.7085876464844,-0.0075529313143003485,0,0.011840287803154556,1,positive,0.0009889103828856105,0.01273095281897352,0.5047058001328959
2023-06-23,MSFT,327.2761535644531,-0.013806108466398404,0.004376981395370683,-0.03757554708677335,0.030006538757505474,329.9274597167969,328.9212677001953,325.87388305664064,0.014606034596934376,0.016531333874556953,-0.008036027539567558,-0.005001543826109955,0.004303107983553156,4,6,321.004638671875,-0.019162761552509622,0,0.0152431466280658,0,negative,0.0007849673976021643,0.01568523548917799,0.3883902199955912
2023-06-23,NVDA,42.126930236816406,-0.0189656665762028,-0.019421599035841508,-0.01040979471284087,0.0960530536539197,42.8722785949707,41.88869667053223,40.293939208984376,0.018222578342486164,0.022951860597975448,-0.017385321764580297,0.005687299563363446,0.04549048973160019,4,6,40.55299758911133,-0.037361674322273664,0,0.03171794204899402,1,positive,0.0017006003785021537,0.022714892281163565,0.5202349213853603
2023-06-26,AAPL,182.7085876464844,-0.0075529313143003485,-0.009251188874743743,0.0018927538761459584,0.02381758760021979,183.0182312011719,182.43244018554688,179.4374267578125,0.009547851527023822,0.009015881520073741,-0.001691872731231503,0.0015136971289573253,0.018230092505099327,0,6,185.4600067138672,0.015059057173089085,1,0.011915345418833977,1,positive,0.0009139209553966939,0.012766119566623385,0.5077771874852407
2023-06-26,MSFT,321.004638671875,-0.019162761552509622,-0.03270430685439829,-0.04010737545564114,0.005538997344164409,327.24494018554685,329.0980926513672,326.0047882080078,0.015045110658908654,0.017934637998641284,-0.019069207029247304,-0.024592831621379485,-0.015337656736938654,0,6,326.83660888671875,0.0181678689721525,1,0.011318123335666045,0,negative,0.001849801860245625,0.018564774951051147,0.4212326342043914
2023-06-26,NVDA,40.55299758911133,-0.037361674322273664,-0.05561875184055154,-0.048252628631120675,0.048026817403984845,42.46107940673828,42.0745346069336,40.42647743225098,0.023876635892505185,0.02734615811847096,-0.04493719529240581,-0.03616289596632949,0.0031296359439771937,0,6,41.794578552246094,0.030616256181963175,1,0.023706529390705937,1,positive,0.0027771669552403705,0.023830264357804987,0.5181327083565148
2023-06-27,AAPL,185.4600067138672,0.015059057173089085,0.007392385834302351,0.016485652768607473,0.023233136358493223,183.6197998046875,182.8535385131836,180.06019592285156,0.011582670328009328,0.008922619092878083,0.010021832673475783,0.014254403944694127,0.029988919890597154,1,6,186.63352966308597,0.00632763348827714,1,0.01235237271841053,1,positive,0.0008863599403208497,0.012962060234705152,0.5072708228296939
2023-06-27,MSFT,326.83660888671875,0.0181678689721525,-0.001343039121387779,-0.010294349626782773,0.008196398773420821,326.5650268554688,329.3638031005859,326.0868438720703,0.018612143253210468,0.01819863774713349,0.0008316323210266763,-0.007672956742898029,0.0022992801725623124,1,6,328.0870056152344,0.0038257548099485117,1,0.008968223216053698,0,negative,0.00074230078061527,0.018110020537884377,0.39642706508299336
2023-06-27,NVDA,41.794578552246094,0.030616256181963175,-0.007889292732748299,-0.044101494764072435,0.06063517307034383,42.07543106079102,42.31346893310547,40.57289371490479,0.025575594920665426,0.028268542618922452,-0.006674976380851461,-0.012263007357768307,0.03011086283186426,1,6,41.037052154541016,-0.018124991899562293,0,0.02049879080393951,0,negative,0.0004923230839463756,0.022694392939460448,0.4897585472369599
2023-06-28,AAPL,186.63352966308597,0.00632763348827714,0.021481978855836692,0.02875613449511527,0.032404053779616415,184.66316833496097,183.43932495117187,180.64943618774413,0.0104371123354252,0.008819163578973579,0.010670028819991684,0.017412867784834862,0.03312544783767124,2,6,186.9688262939453,0.0017965508741362157,1,0.012252576516989685,1,positive,0.0009434553201842871,0.012768245057348603,0.5050404869619406
2023-06-28,MSFT,328.0870056152344,0.0038257548099485117,0.02206312959420753,0.006865403256395508,0.004666558699852885,327.0124450683594,329.5161956787109,326.31348114013673,0.01754520657299253,0.01809496952878178,0.0032859928210082767,-0.00433723769034422,0.005435032806186735,2,6,327.305419921875,-0.0023822512930486983,0,0.00952644184469545,0,negative,0.0008244309423801165,0.01809467415873504,0.38288757756941344
2023-06-28,NVDA,41.037052154541016,-0.018124991899562293,0.01193634488710793,-0.04479042845578096,0.0023157131113396012,41.69057998657227,42.322949981689455,40.62330284118652,0.025637692423275207,0.02664192255305601,-0.015675671392476165,-0.030382991443289487,0.010185023974343288,2,6,40.74263000488281,-0.007174544325197707,0,0.017920360159331992,0,negative,0.0008363130131479608,0.022626266472008036,0.49466675584629904
2023-06-29,AAPL,186.9688262939453,0.0017965508741362157,0.008135552277888092,0.013850223212401813,0.030660520986525386,185.17400512695315,183.9955276489258,181.25790557861328,0.008533291169600525,0.008829839085454318,0.009692619467628116,0.01615962454637887,0.03150715383752001,3,6,191.2882843017578,0.023102557220002096,1,0.012869074877207011,0,negative,0.0009660400483886864,0.012689841832461666,0.49808868398808204
2023-06-29,MSFT,327.305419921875,-0.0023822512930486983,0.0014343896075568185,-0.013717919019649694,-0.006788566877653723,326.1019653320312,329.2924835205078,326.63877868652344,0.014769212041698994,0.01785787941843095,0.0036904242162982825,-0.006034342410093485,0.0020409127110756486,3,6,332.66864013671875,0.0163859804586306,1,0.011637228618326924,0,negative,0.0008631891567220123,0.01809467415873504,0.3768632000669716
2023-06-29,NVDA,40.74263000488281,-0.007174544325197707,-0.02516949766698262,-0.051202671448362436,-0.050584955354868955,41.25083770751953,42.10587272644043,40.77260780334473,0.025261230607956806,0.020753295645015695,-0.01231993653656338,-0.03237654591354833,-0.0007352435882076458,3,6,42.2197494506836,0.03625488697277923,1,0.016621442925688745,1,positive,0.0012312796920585151,0.02282711463869853,0.5015034789009858
2023-06-30,AAPL,191.2882843017578,0.023102557220002096,0.024940613013506585,0.039050760966512055,0.04279337188269827,186.61184692382815,184.78052215576173,181.94231185913085,0.011840287803154489,0.01066146364011076,0.025059702559176333,0.03521887518269007,0.05136777886972821,4,6,189.79917907714844,-0.007784612790296741,0,0.004957460195502981,1,positive,0.0009412180109741103,0.013446691940294186,0.5121642872322095
2023-06-30,MSFT,332.66864013671875,0.0163859804586306,0.013964693642446457,0.016476869804092242,-0.021717804679847297,327.1804626464844,328.5539611816406,327.02758026123047,0.015243146628065867,0.015204079422011985,0.01677416018622213,0.0125236017252075,0.017249492752208218,4,6,330.1775817871094,-0.007488106930023886,0,0.010077975958782704,0,negative,0.0008120139141961502,0.015569904427183484,0.37089900210608584
2023-06-30,NVDA,42.2197494506836,0.03625488697277923,0.028820230353990173,0.002203322514728878,-0.008229408333176313,41.26940155029297,42.07084007263184,40.89916706085205,0.03171794204899397,0.02443123534155171,0.023027906019729594,0.0035394914338453543,0.032288735559497184,4,6,42.330528259277344,0.002623862292767676,1,0.006782726194066421,0,negative,0.0008877125070065541,0.022205415700855255,0.49152862334197395
2023-07-03,AAPL,189.79917907714844,-0.007784612790296741,0.015138099967281882,0.038808200107065316,0.040774408354389946,188.02996520996095,185.52409820556642,182.50985565185547,0.011915345418833911,0.01087940492391698,0.009409212330661942,0.023043264529684526,0.03993934135369459,0,7,188.6847686767578,-0.005871523816958324,0,0.004902998468107614,1,positive,0.0009434553201842871,0.013402825157376792,0.5045393501889242
2023-07-03,MSFT,330.1775817871094,-0.007488106930023886,0.008775173554779414,0.02857573383732559,-0.012677739304249647,329.0150512695312,328.12999572753904,327.1540893554687,0.01131812333566613,0.014497171535142715,0.0035333657627285575,0.006240167269774721,0.009241799292795783,0,7,330.3338623046875,0.0004733226184898687,1,0.010401348143155251,0,negative,0.0008504568768761355,0.014172634057309612,0.37977111613695835
2023-07-03,NVDA,42.330528259277344,0.002623862292767676,0.03897387709640321,0.04383228801422301,-0.00653536373250041,41.624907684326175,42.04299354553223,41.05336990356445,0.02370652939070586,0.024448659960916386,0.01695188324025687,0.0068390637653743536,0.031109708136334957,0,7,42.2347297668457,-0.0022631064711705617,0,0.007196372495519138,0,negative,0.0009767810368426968,0.022015433851882225,0.4830979999910139
2023-07-05,AAPL,188.6847686767578,-0.005871523816958324,-0.013610429067851038,0.017387910310312282,0.034160214130667166,188.67491760253907,186.1473587036133,183.08923263549804,0.012352372718410472,0.011289341855253373,5.2211890928077764e-05,0.013631189777904007,0.030561797440047167,2,7,189.1581573486328,0.0025088865158267026,1,0.0076564586086143565,0,negative,0.0009596288063217838,0.014200551500947498,0.4994315331514229
2023-07-05,MSFT,330.3338623046875,0.0004733226184898687,-0.007018328601913648,0.01070031117346737,0.00029580880234947315,329.714501953125,328.1397644042969,327.2620346069336,0.008968223216053815,0.013941248992751575,0.0018784747043081307,0.006686473687130823,0.009386446861895825,2,7,333.3817138671875,0.00922657925904291,1,0.013099036131801767,0,negative,0.0008666303630136321,0.013891232829489144,0.37010485525645337
2023-07-05,NVDA,42.2347297668457,-0.0022631064711705617,0.00035481774186263415,0.010531299270057026,-0.03403464153363278,41.712937927246095,41.89418449401855,41.210566711425784,0.02049879080393943,0.02260467787585943,0.012509112652522747,0.008128700365936714,0.02485195271862084,2,7,42.021141052246094,-0.005057181986926729,0,0.017083134074333622,0,negative,0.0008757011319925905,0.022365689517500537,0.4988324510775919
2023-07-06,AAPL,189.1581573486328,0.0025088865158267026,-0.0033773682880633427,0.013527192515216058,0.04267231677764016,189.17984313964843,186.9215057373047,183.71052169799805,0.01225257651698963,0.010844480204794348,-0.00011463055818061729,0.01196572648238492,0.0296533677019879,3,7,188.0437469482422,-0.0058914213164843465,0,0.007892564541297057,0,negative,0.000982213534526183,0.013690455170212789,0.49637025779905825
2023-07-06,MSFT,333.3817138671875,0.00922657925904291,0.009704269026187484,0.016138122392334253,0.023114320366754315,330.7734436035156,328.8929443359375,327.6327621459961,0.009526441844695558,0.013341710690421824,0.007885367807212162,0.013648117445368646,0.017546937868898604,3,7,329.42535400390625,-0.01186735714262177,0,0.01466772423335097,0,negative,0.0009036335762474753,0.013916533432063399,0.3804646654335627
2023-07-06,NVDA,42.021141052246094,-0.005057181986926729,-0.007308843516816821,0.02398049679589831,-0.021884028385953602,41.90975570678711,41.800167846679685,41.382880973815915,0.017920360159331895,0.022074323123150306,0.002657742656346329,0.005286419097093598,0.015423287683475229,3,7,42.420352935791016,0.009500262809345683,1,0.02260401865783303,1,positive,0.0010152296851397833,0.022004659872350896,0.5003213480772175
2023-07-07,AAPL,188.0437469482422,-0.0058914213164843465,-0.0033973157081576,0.005749197208987811,0.019679048086026052,189.39482727050782,187.28441619873047,184.3446304321289,0.012869074877206961,0.010327369616977817,-0.007133670658998059,0.004054425696081276,0.020066310081514604,4,7,186.0023956298828,-0.010855725603687527,0,0.007476001449126771,0,negative,0.0009797830323224003,0.014308777163169743,0.4966860368761939
2023-07-07,MSFT,329.42535400390625,-0.01186735714262177,-0.0027502729948505333,0.006476929354048755,-0.007329839657975734,331.1974304199219,328.6496978759766,328.3087661743164,0.011637228618327018,0.012712947438137482,-0.005350513781972377,0.0023601303544249497,0.003401029593577798,4,7,324.1599426269531,-0.015983625161075765,0,0.012906308831665601,0,negative,0.0008369317039187206,0.013819737891839394,0.3735275941520989
2023-07-07,NVDA,42.420352935791016,0.009500262809345683,0.004395036264468466,0.04117856237329631,-0.012132561474981873,42.24530029296875,41.74806900024414,41.633792304992674,0.016621442925688637,0.022373806529999055,0.004143718747606995,0.016103354038792483,0.018892360922500462,4,7,42.097991943359375,-0.007599205808579201,0,0.026121252946526317,1,positive,0.0011145259491395828,0.022042132880664575,0.5067925965752448
2023-07-10,AAPL,186.0023956298828,-0.010855725603687527,-0.016683191266944397,-0.027633102001879517,0.010338565303593894,188.3376495361328,187.47474822998046,184.74107208251954,0.004957460195502889,0.011070453891389862,-0.012399294097603986,-0.007853604893451993,0.006827520990025926,0,7,185.47972106933597,-0.002810042089924969,0,0.007821877420978748,0,negative,0.0009310445427295994,0.013424660644939489,0.4930672215804433
2023-07-10,MSFT,324.1599426269531,-0.015983625161075765,-0.027661298915477195,-0.025577095292988128,-0.009521655958005248,329.4956909179688,328.33807678222655,328.6296722412109,0.010077975958782829,0.012978951602686875,-0.016193681550585204,-0.012725097851031819,-0.013601113934036513,0,7,324.7851867675781,0.0019288137070796463,1,0.006817804405946539,0,negative,0.0016050894313818427,0.014457286138753358,0.39343667440946406
2023-07-10,NVDA,42.097991943359375,-0.007599205808579201,0.0018288625484426113,-0.0028838993340415398,-0.0006869309796454504,42.22094879150391,41.745175170898435,41.81693592071533,0.006782726194066173,0.021635979075707638,-0.0029122237103604842,0.008451677852986839,0.006721105132545535,0,7,42.322547912597656,0.00533412542670475,1,0.023235673010069485,1,positive,0.0011202533663138656,0.021890007186726894,0.509510689762325
2023-07-11,AAPL,185.47972106933597,-0.002810042089924969,-0.013635262647749502,-0.022758043679718565,0.015166957714178864,187.4737579345703,187.75186157226562,185.09215087890624,0.004902998468107516,0.0107564630526116,-0.010636351920412568,-0.012101826761675594,0.0020939309883718504,1,7,187.1463623046875,0.0089855711758835,1,0.00744214799533746,0,negative,0.0008635112022066242,0.013335084782447772,0.49220296224152965
2023-07-11,MSFT,324.7851867675781,0.0019288137070796463,-0.014085640889295648,-0.016331802390533445,0.011777238208596552,328.4172119140625,328.71613159179685,328.90711212158203,0.010401348143155367,0.011280478020395262,-0.01105918025829522,-0.011958478597272504,-0.012532186754539487,1,7,329.4057922363281,0.014226650897279258,1,0.014610076670089147,0,negative,0.0008052166035511167,0.013094327932343717,0.383766088589569
2023-07-11,NVDA,42.322547912597656,0.00533412542670475,-0.002305615498800817,-0.00018852461823315458,0.043635499930625654,42.21935272216797,41.92213020324707,41.99833240509033,0.007196372495518903,0.017163353032498774,0.0024442627320409027,0.009551463807045968,0.007719723354254748,1,7,43.81663513183594,0.035302393001569676,1,0.02180232844069653,1,positive,0.0009412396990781256,0.021767132891201486,0.5079862958459025
2023-07-12,AAPL,187.1463623046875,0.0089855711758835,0.006150279252752355,-0.008153315091934177,0.009092826106827712,187.16607666015625,187.92049713134764,185.38701782226562,0.007656458608614284,0.010058256275615553,-0.00010533081539421119,-0.00411948051690747,0.009490116962281636,2,7,187.90573120117188,0.0040576203947158,1,0.007295343803949967,0,negative,0.0008283566482111107,0.012921359193625552,0.48851743881358173
2023-07-12,MSFT,329.4057922363281,0.014226650897279258,0.016182905163615535,-0.0028094911671615597,0.007860757576578115,328.2315979003906,328.9730499267578,329.1684265136719,0.013099036131801854,0.010675520310345516,0.0035773348557801565,0.001315433922829401,0.0007211072008646013,2,7,334.73956298828125,0.016192097642674375,1,0.0193681650364006,0,negative,0.0007675884724905541,0.014203116548334997,0.37508457029321896
2023-07-12,NVDA,43.81663513183594,0.035302393001569676,0.04082482582040736,0.03745508432806477,0.04838083430036577,42.53573379516602,42.124335861206056,42.21890239715576,0.017083134074333515,0.01800182881961339,0.03011353566481767,0.04017390983221136,0.03784401403073456,2,7,45.88760757446289,0.04726452490922206,1,0.0243995927518362,1,positive,0.0007471490117700584,0.02217308650136075,0.5133068198103181
2023-07-13,AAPL,187.90573120117188,0.0040576203947158,0.013079651607460718,-0.006621052800554694,0.006816575458774787,186.91559143066405,188.04771728515624,185.74352111816407,0.007892564541296986,0.009948441056284764,0.005297256172849041,-0.0007550534834148692,0.011640837160787232,3,7,188.05368041992188,0.0007873587346391986,1,0.01020021036428187,0,negative,0.0008944120661573314,0.012921359193625552,0.48424214642247976
2023-07-13,MSFT,334.73956298828125,0.016192097642674375,0.03064910786041075,0.004072956207894052,0.0202768084660101,328.5031677246094,329.6383056640625,329.5772506713867,0.014667724233351043,0.011725159458140202,0.018984277402463112,0.015475317147811918,0.0156634364367636,3,7,337.2599182128906,0.007529301891027407,1,0.02393807335963059,0,negative,0.0008512693644752995,0.014503983973082142,0.3869375362887533
2023-07-13,NVDA,45.88760757446289,0.04726452490922206,0.08423546874416954,0.09201241150042794,0.11819941163549519,43.309027099609374,42.609391403198245,42.466170692443846,0.022604018657832948,0.020429493246549305,0.05953909952589931,0.07693647018433092,0.08056852845994511,3,7,45.38059997558594,-0.011048900251646843,0,0.02370480080394695,0,negative,2.0011782336198108e-05,0.02415011949607062,0.43936931939406954
2023-07-14,AAPL,188.05368041992188,0.0007873587346391986,0.0048481739322145945,5.282532304784482e-05,0.0058023262352355776,186.917578125,188.1562026977539,186.07586517333985,0.007476001449126691,0.009941465828130597,0.00607809231383305,-0.0005448785443269433,0.010629079944030284,4,7,191.3080291748047,0.017305424427833005,1,0.010977458052191325,0,negative,0.0009266854086061924,0.012906048889729918,0.48366966089149294
2023-07-14,MSFT,337.2599182128906,0.007529301891027407,0.023843314725102482,0.023782517385991797,0.030413484425011017,330.07008056640626,330.6337554931641,329.96311950683594,0.012906308831665677,0.011725792234682073,0.02178276090382525,0.020040793202869223,0.022113982668610088,4,7,337.7386474609375,0.0014194667738272049,1,0.024233606991209012,0,negative,0.0011055614152099239,0.01408899857525932,0.3910177991428344
2023-07-14,NVDA,45.38059997558594,-0.011048900251646843,0.035693403636411825,0.06978364947306437,0.11383580220882372,43.90107650756836,43.073188400268556,42.589530563354494,0.026121252946526247,0.02085361745891959,0.03370130269499216,0.0535695559352416,0.06553416709018567,4,7,46.37065887451172,0.021816787337726185,1,0.026124082634484493,1,positive,0.0011283844677940542,0.022941691810363443,0.5031521303927551
2023-07-17,AAPL,191.3080291748047,0.017305424427833005,0.018106408739551938,0.028524544143395225,0.00010322050364419688,187.97870483398438,188.1581771850586,186.46934967041017,0.007821877420978654,0.008557681789961144,0.017711178209045775,0.016740446983859236,0.025948926796532712,0,7,191.05162048339844,-0.0013402923678229595,0,0.0070989324028214226,1,positive,0.0008604398090145844,0.012671522396526245,0.5002100509347512
2023-07-17,MSFT,337.7386474609375,0.0014194667738272049,0.00895945625871919,0.041888904359817625,0.015240412568299444,332.78582153320315,331.14075622558596,329.8473587036133,0.006817804405946666,0.010750858291089294,0.014882923511932766,0.019924733248047444,0.023924062294568893,0,7,351.1805725097656,0.03979978350088831,1,0.024311011743469984,0,negative,0.0008857800161343374,0.012523904611909394,0.370908464594269
2023-07-17,NVDA,46.37065887451172,0.021816787337726185,0.010526835578973381,0.10149336664088371,0.09831677065437705,44.75560989379883,43.48827934265137,42.7795597076416,0.023235673010069405,0.019359487793124835,0.03608595625319966,0.0662794567968441,0.08394427599096232,0,7,47.40165328979492,0.022233766789324205,1,0.022964954839087018,0,negative,0.0008959674274530166,0.02313122862209378,0.490346824117039
2023-07-18,AAPL,191.05162048339844,-0.0013402923678229595,0.015941937731727363,0.03004047764326523,0.006598771461181707,189.09308471679688,188.2834213256836,186.903759765625,0.00744214799533736,0.008134920122212872,0.01035752190269057,0.014702299003408026,0.022192494805748142,1,7,192.40267944335935,0.007071695893196006,1,0.007551009837861762,0,negative,0.0008922343521773149,0.012671522396526245,0.4957695410174927
2023-07-18,MSFT,351.1805725097656,0.03979978350088831,0.04127574474500051,0.08127028823231552,0.06361119555415029,338.0648986816406,333.2410552978516,330.68552551269534,0.01461007667008919,0.015622229501410519,0.03879631952111118,0.053833454572035366,0.06197745415465272,1,7,346.8725280761719,-0.012267319922641629,0,0.01549013030315452,0,negative,-0.00023416655839699835,0.01680337392122712,0.4000232929499663
2023-07-18,NVDA,47.40165328979492,0.022233766789324205,0.044535623488809684,0.12000944242975087,0.11979829307719947,45.77143096923828,43.995391845703125,43.019192695617676,0.021802328440696444,0.01956781521154,0.03561659065569245,0.07742314140621698,0.1018722184115668,1,7,46.98546600341797,-0.00878001625455016,0,0.02352242325335194,0,negative,0.0008273334918615876,0.024782215712934902,0.4802938266676013
2023-07-19,AAPL,192.40267944335935,0.007071695893196006,0.005721925385339999,0.028086664757684066,0.019704350238099133,190.14434814453125,188.65521240234375,187.40128555297852,0.007295343803949866,0.008003989162763661,0.011876930978308664,0.01986410549327089,0.026688151447962882,2,7,190.45989990234372,-0.010097466140473133,0,0.007017564986354003,0,negative,0.0009434553201842871,0.012671522396526245,0.4987179352984425
2023-07-19,MSFT,346.8725280761719,-0.012267319922641629,0.02704422690118924,0.053024980894423646,0.05006651651180016,341.55824584960936,334.894921875,331.51734313964846,0.019368165036400643,0.016636336513963127,0.0155589340650919,0.035765266711456745,0.0463178933298074,2,7,338.852294921875,-0.02312155764764301,0,0.0215608978960265,0,negative,0.0008265241230868725,0.01575042247727581,0.4201794284608393
2023-07-19,NVDA,46.98546600341797,-0.00878001625455016,0.013258537700963968,0.07232026973425998,0.11248411586384988,46.40519714355469,44.47046546936035,43.182324981689455,0.024399592751836126,0.020177913167495343,0.01250439380891355,0.05655440093808828,0.08807170580419554,2,7,45.431488037109375,-0.03307358846234598,0,0.023533939052843712,0,negative,0.001000560900033291,0.02298950715073781,0.49773318257564303
2023-07-20,AAPL,190.45989990234372,-0.010097466140473133,-0.00309717645711427,0.013592819574179682,0.006881767997515942,190.65518188476562,188.78538665771484,187.85344619750975,0.010200210364281806,0.008858869582508,-0.0010242678981572384,0.008869930423507366,0.013874931536222768,3,7,189.286376953125,-0.006161522450764845,0,0.00591724298048186,1,positive,0.000921589558567274,0.012797732589720293,0.5037600491618216
2023-07-20,MSFT,338.852294921875,-0.02312155764764301,-0.03510523802551124,0.01228636345485623,0.016409361483056273,342.38079223632815,335.4419799804688,332.16746215820314,0.02393807335963063,0.018739587941953736,-0.01030576888208612,0.010166631325049913,0.020124887369275424,3,7,335.823974609375,-0.008936992187697057,0,0.021233334334696846,0,negative,0.0012508394878885597,0.01829237657074766,0.3893504949576984
2023-07-20,NVDA,45.431488037109375,-0.03307358846234598,-0.04156321807260044,-0.009939928478802429,0.08115788623214915,46.31397323608398,44.81150016784668,43.305834007263186,0.02370480080394688,0.02418608218691911,-0.01905440490877708,0.013835463373028212,0.04908470367964002,3,7,44.22285461425781,-0.02660343024345413,0,0.018921263502816674,1,positive,0.0028995980263301106,0.022582518862733623,0.533146489573713
2023-07-21,AAPL,189.286376953125,-0.006161522450764845,-0.01619677282691767,0.006555024769791862,0.006608196364140895,190.90172119140624,188.90964965820314,188.0970329284668,0.010977458052191268,0.008881653898647144,-0.008461653610035369,0.0019942194356057374,0.0063230344792866156,4,7,190.0851593017578,0.004219967445573847,1,0.007123242610643945,1,positive,0.0009462768517042195,0.013062164986871525,0.5076100452446456
2023-07-21,MSFT,335.823974609375,-0.008936992187697057,-0.03185191265527565,-0.004257676426906998,0.01942358269543787,342.093603515625,336.08184204101565,332.3657699584961,0.024233606991209057,0.018524042328036942,-0.018327232201415966,-0.0007672757030686705,0.01040481590902309,4,7,337.13299560546875,0.003897937893255987,1,0.02573865583631637,0,negative,0.0018213658946033004,0.01828996252710571,0.40828142446881766
2023-07-21,NVDA,44.22285461425781,-0.02660343024345413,-0.058797147802241434,-0.025511900723017678,0.04249143521260024,46.08242416381836,44.99175033569336,43.36990966796875,0.02612408263448443,0.026533749695309847,-0.04035311907528916,-0.01708970457247494,0.0196667448196004,4,7,44.5252571105957,0.00683814961688145,1,0.011145677291410621,1,positive,0.00011199723266714593,0.02254890081705728,0.5096407269547742
2023-07-24,AAPL,190.0851593017578,0.004219967445573847,-0.001967556429348427,-0.006392151329568607,0.021950059611055117,190.6571472167969,189.31792602539062,188.39633712768554,0.007098932402821345,0.007932035685045977,-0.003000086403205593,0.004052618219915871,0.008964198560440506,0,7,190.943115234375,0.004513534542984532,1,0.007132222718431152,1,positive,0.0009249249616691398,0.012686832700421879,0.5059358457777876
2023-07-24,MSFT,337.13299560546875,0.003897937893255987,-0.005073890134941084,-0.001793255998453036,0.040020530832352685,341.97247314453125,337.3791473388672,332.8586120605469,0.024311011743470032,0.017403055899881347,-0.01415165815705044,-0.0007295997258277565,0.012841438947490236,0,7,342.8673095703125,0.01700905589067392,1,0.025484579073383876,0,negative,0.0009352212808544577,0.016374125731981704,0.39628615804308226
2023-07-24,NVDA,44.5252571105957,0.00683814961688145,-0.01994719886289975,-0.03979675529109994,0.057657504673906734,45.71334381103516,45.23447685241699,43.48982601165771,0.02296495483908695,0.026193796228799828,-0.02598993207214595,-0.01567874309976447,0.023808582233932896,0,7,45.59018707275391,0.023917435434747558,1,0.012222971088392437,1,positive,0.0026108173771330913,0.02248364340315204,0.5413803494143664
2023-07-25,AAPL,190.943115234375,0.004513534542984532,0.008752548957394302,-0.0005679368159710041,0.029455479734071366,190.63544616699218,189.86426544189453,188.80806350708008,0.007551009837861685,0.007753969073634018,0.0016139132232171338,0.005682216134613505,0.011308053732646206,1,7,191.81097412109372,0.004545117458953474,1,0.007957147333772795,0,negative,0.0009087514755316431,0.012671522396526245,0.49794889855507485
2023-07-25,MSFT,342.8673095703125,0.01700905589067392,0.02097329402741477,-0.023672331530304014,0.0556740994954128,340.3098205566406,339.18735961914064,333.9517456054688,0.015490130303154605,0.0178449690172365,0.0075151784026938895,0.010849313356794621,0.026697162336071667,1,7,329.9626159667969,-0.037637573613209185,0,0.022907462721709383,0,negative,0.0007966021421942696,0.01812560914666901,0.4035652867938906
2023-07-25,NVDA,45.59018707275391,0.023917435434747558,0.030919136053583873,-0.03821525392725067,0.07720799718637972,45.351050567626956,45.56124076843262,43.741685485839845,0.023522423253351875,0.026799157614495948,0.005273009161504749,0.0006353273930448378,0.04225949609354829,1,7,45.36362075805664,-0.004969628975983631,0,0.010262432482717347,0,negative,0.0007868797876588421,0.022652901969751085,0.48736029252277924
2023-07-26,AAPL,191.81097412109372,0.004545117458953474,0.0090791665465908,-0.0030753486592676182,0.024924939811610702,190.51710510253903,190.33072662353516,189.1256118774414,0.007017564986353923,0.007491628144983428,0.0067913535525239155,0.007777238724498758,0.014198829111482292,2,7,190.5486602783203,-0.006581030353229322,0,0.010900817408284027,0,negative,0.0009087514755316431,0.012671522396526245,0.49359392600412294
2023-07-26,MSFT,329.9626159667969,-0.037637573613209185,-0.021268697315711682,-0.04874964357414213,0.0016903884011525427,336.92783813476564,339.2430419921875,334.10804595947263,0.021560897896026568,0.02208432226626452,-0.0206727416960506,-0.027356275226432913,-0.01240745334573179,2,7,323.0755615234375,-0.020872226458685805,0,0.019591504903120185,0,negative,0.0019258066386030625,0.018688158076568685,0.4002909307868167
2023-07-26,NVDA,45.36362075805664,-0.004969628975983631,0.018828945678596165,-0.03451801979027613,0.03530589744205859,45.02668151855469,45.715939331054685,43.920137596130374,0.023533939052843643,0.025181963592664808,0.0074831017551917345,-0.007706690011260786,0.03286608924589185,2,7,45.81075668334961,0.009856707154786815,1,0.02575892847021189,1,positive,0.0008990525399711953,0.022273060632053303,0.5044650203730406
2023-07-27,AAPL,190.5486602783203,-0.006581030353229322,-0.0020658244502322898,0.00046603183148841154,0.014065186092269366,190.53485717773438,190.59501953125,189.3213684082031,0.005917242980481762,0.007983535550005303,7.244396532146702e-05,-0.00024323433552297935,0.006482585037474342,3,7,193.1226043701172,0.013508067115440836,1,0.010984455295400935,0,negative,0.000910585552294828,0.012671522396526245,0.4972443102820726
2023-07-27,MSFT,323.0755615234375,-0.020872226458685805,-0.05772422011208467,-0.04655932285208497,-0.03484500416000147,333.7724914550781,338.07664184570314,333.8574737548828,0.021233334334696912,0.022246942511475448,-0.032048566629944375,-0.04437183308603754,-0.03229495541969307,3,7,330.5487365722656,0.023131353586724357,1,0.017741157753137077,0,negative,0.0013019399999133364,0.020212732279365275,0.4147533770722089
2023-07-27,NVDA,45.81075668334961,0.009856707154786815,0.004838094001318849,0.008348144923856271,-0.0016747635184199972,45.102535247802734,45.70825424194336,44.1588228225708,0.018921263502816584,0.020308007782015768,0.015702475074976574,0.002242536782605775,0.037408919785208994,3,7,46.65910339355469,0.018518504640055777,1,0.02520521289713356,0,negative,0.0009364800353757994,0.022015433851882225,0.49726401846262047
2023-07-28,AAPL,193.1226043701172,0.013508067115440836,0.006838139762511242,0.020266790873926466,0.026954664959901065,191.3021026611328,191.10191192626954,189.62905731201172,0.00712324261064385,0.008838120142255866,0.009516370618305015,0.010573899672062348,0.018423057666511866,4,7,193.7339782714844,0.0031657293736342407,1,0.01995391863253051,1,positive,0.0009065141663214661,0.012671522396526245,0.5013734681444858
2023-07-28,MSFT,330.5487365722656,0.023131353586724357,0.0017763242776804855,-0.015708342572162803,-0.019899137959194624,332.7174438476562,337.4055236816406,334.01963958740237,0.025738655836316418,0.023598258861539555,-0.006518165234473239,-0.020322095010645747,-0.010391314173693988,4,7,328.15545654296875,-0.007240324238158569,0,0.011893166270340141,0,negative,0.0005781958477337621,0.018494349814884875,0.37684596134331927
2023-07-28,NVDA,46.65910339355469,0.018518504640055777,0.028557743272024094,0.05509026498961944,0.028172906895381766,45.58978500366211,45.83610458374024,44.45464649200439,0.01114567729141046,0.020666835497683354,0.023455218966412783,0.017955252028690083,0.04958889734837468,4,7,46.63813781738281,-0.0004493351703532822,0,0.0223319169320314,1,positive,0.001071289087930617,0.022178594943158478,0.5224252352585642
2023-07-31,AAPL,193.7339782714844,0.0031657293736342407,0.016716559373923356,0.019195706719713712,0.012680853527914593,192.03186645507813,191.3445068359375,189.75134201049804,0.007132222718431057,0.0072254951297750425,0.008863694593128635,0.012487797403014422,0.02098871195738905,0,7,192.90562438964844,-0.004275728445916505,0,0.017387569936666205,0,negative,0.0008922343521773149,0.012671522396526245,0.4923171026099718
2023-07-31,MSFT,328.15545654296875,-0.007240324238158569,0.015723550848530277,-0.026629072738421633,-0.0283745759924533,330.92193603515625,336.44720458984375,333.79398040771486,0.025484579073383924,0.023627583025115004,-0.008359915711038224,-0.024645019883530628,-0.016892227528665704,0,7,328.565673828125,0.0012500699804836035,1,0.013257008100415671,0,negative,0.0007957685744995007,0.01881159927897024,0.39314175182703875
2023-07-31,NVDA,46.63813781738281,-0.0004493351703532822,0.018060848454265477,0.04745353185808576,0.005768279971930967,46.01236114501953,45.86285247802734,44.67556591033936,0.012222971088392291,0.019582358211035905,0.013600186054155916,0.016904429128713927,0.043929424665424266,0,7,46.41657257080078,-0.004750730988651308,0,0.02503966527776458,1,positive,0.0009746407687270256,0.022015433851882225,0.5140111086202085
2023-08-01,AAPL,192.90562438964844,-0.004275728445916505,-0.0011235348714172533,0.010277978092399609,0.009704204034276298,192.42436828613282,191.5299072265625,189.90666427612305,0.007957147333772716,0.0074014581261061165,0.0025010143351491543,0.007182779874991496,0.015791758151072033,1,8,189.91749572753903,-0.015490106478563415,0,0.019717126291403514,1,positive,0.0008990048303628746,0.012671522396526245,0.5061031039290058
2023-08-01,MSFT,328.565673828125,0.0012500699804836035,-0.005999305169654079,-0.041711867369655486,-0.06439678174683694,328.0616088867188,334.1857147216797,333.7133850097656,0.022907462721709442,0.01853226484193281,0.0015364947551064212,-0.016817118883239,-0.015425546031034854,1,8,319.9300842285156,-0.026282689542690085,0,0.013449119405019956,0,negative,0.0006485566289790188,0.019482703408847203,0.3869040355123669
2023-08-01,NVDA,46.41657257080078,-0.004750730988651308,-0.0051979314884865735,0.01812638971470104,-0.02078156879828108,46.17763824462891,45.76434440612793,44.87986812591553,0.010262432482717182,0.01809556899654547,0.005174243102388676,0.014251884805445147,0.034240395728745376,1,8,44.18292999267578,-0.04812166117431327,0,0.025514592389149212,1,positive,0.0009452055934427767,0.022059315283686525,0.5114187111780502
2023-08-02,AAPL,189.91749572753903,-0.015490106478563415,-0.019699603435579194,-0.009871585305433528,-0.012916575398067232,192.04567260742186,191.28138885498046,189.96830062866212,0.010900817408283976,0.008671635606834587,-0.011081618507662094,-0.007130297074931069,-0.000267438835610756,2,8,188.5269775390625,-0.007321696103614439,0,0.020019667235976573,0,negative,0.0007311960824524527,0.013412537638737928,0.49545423706629393
2023-08-02,MSFT,319.9300842285156,-0.026282689542690085,-0.025065474763410145,-0.030405055763319533,-0.077672463706148,326.0551025390625,331.49147033691406,333.19319610595704,0.019591504903120248,0.019522206067289032,-0.01878522453060849,-0.034876873593905566,-0.03980607056941132,2,8,319.1094055175781,-0.002565181429925567,0,0.008745181115246371,0,negative,0.0021789234646924596,0.020258604363504497,0.4505783449846828
2023-08-02,NVDA,44.18292999267578,-0.04812166117431327,-0.05264377909599838,-0.026027260294719023,-0.05964687059905538,45.94150009155273,45.48409080505371,44.97727813720703,0.02575892847021183,0.02327964114216861,-0.03827846490368081,-0.0286069434245646,-0.017661098613126924,2,8,44.42845153808594,0.005556932178351515,1,0.0251675640005102,1,positive,0.0021671434926480125,0.02435408191556238,0.5066321711465586
2023-08-03,AAPL,188.5269775390625,-0.007321696103614439,-0.02269838872992913,-0.010609797708915347,-0.01014871038088494,191.6413360595703,191.08809661865234,189.9367416381836,0.010984455295400887,0.00839760485099175,-0.01625097478729609,-0.013402818516220716,-0.007422282213341402,3,8,179.4739532470703,-0.04801978162576981,0,0.020792335439155984,1,positive,0.001380531066902599,0.013365512873195439,0.5164711893162426
2023-08-03,MSFT,319.1094055175781,-0.002565181429925567,-0.028780451105472227,-0.012276248897184483,-0.058263997913452936,325.2618713378906,329.5171813964844,332.4795806884766,0.017741157753137143,0.01880823294136954,-0.018915422809952287,-0.03158492626939324,-0.040213522716830874,3,8,320.2035217285156,0.0034286554768352406,1,0.009082444413845567,0,negative,0.00185571132624944,0.020392453771080395,0.4306113274029736
2023-08-03,NVDA,44.42845153808594,0.005556932178351515,-0.04283213780341699,-0.030174248262659353,-0.02207800233626811,45.6650390625,45.38378715515137,45.09764366149902,0.025205212897133497,0.02139534219796648,-0.027079524069202998,-0.02105015198047422,-0.014838738104279048,3,8,44.5931282043457,0.0037065587604059314,1,0.024269728916546877,1,positive,0.002591425479611992,0.02267925799294848,0.5253222793188578
2023-08-04,AAPL,179.4739532470703,-0.04801978162576981,-0.054989891481358466,-0.07067350384779092,-0.05183903809667534,188.91160583496094,190.1068542480469,189.508251953125,0.0199539186325305,0.01714224538286383,-0.0499580348500962,-0.05593118166640654,-0.05294913863981332,4,8,176.37733459472656,-0.017253861055151698,0,0.008842201622983029,1,positive,0.001006964960464199,0.020824915080236258,0.5120469726643484
2023-08-04,MSFT,320.2035217285156,0.0034286554768352406,0.0008546789235510666,-0.03129709389008151,-0.0465138109899057,323.1928283691406,327.95513610839845,332.018489074707,0.01189316627034025,0.01898652409515547,-0.009249297565509962,-0.023636203634025965,-0.03558526929966521,4,8,322.4796447753906,0.007108363563861131,1,0.008567228924187858,0,negative,0.0008325707801782004,0.019814118255316367,0.40195610581619845
2023-08-04,NVDA,44.5931282043457,0.0037065587604059314,0.009284088034404281,-0.04427807306503817,0.008372901146198597,45.251844024658205,45.420814514160156,45.206282424926755,0.02233191693203133,0.0195972438027839,-0.014556662485479266,-0.018222621471405298,-0.013563473652125846,4,8,45.32869720458984,0.01649511998515618,1,0.025369570897588917,1,positive,0.0010313083939169777,0.022488188758236705,0.505446387436688
2023-08-07,AAPL,176.37733459472656,-0.017253861055151698,-0.06444511604085179,-0.08959008549566627,-0.07211412378212156,185.44027709960938,188.73607177734374,189.0269989013672,0.0173875699366662,0.017179737971323942,-0.04887256774327753,-0.06548158529651427,-0.06691988118184711,0,8,177.31419372558594,0.005311675295536444,1,0.006956182650941676,1,positive,0.0011896023006361355,0.025745288129844085,0.5550315280021842
2023-08-07,MSFT,322.4796447753906,0.007108363563861131,0.010561391170361034,-0.0172961066299836,-0.043464600086863814,322.057666015625,326.48980102539065,331.9344741821289,0.013257008100415761,0.019172192138699484,0.0013102583924990974,-0.012282638653353106,-0.028484023631575317,0,8,318.5135192871094,-0.012298839795124694,0,0.00935873792132479,0,negative,0.0007060391383040127,0.019773722917044424,0.41038566837213536
2023-08-07,NVDA,45.32869720458984,0.01649511998515618,0.020262818877047062,-0.0280766058439178,0.018044591904286644,44.98995590209961,45.50115852355957,45.36781768798828,0.025039665277764515,0.020146568291964453,0.007529265048122014,-0.0037902621508073553,-0.0008622959047200895,0,8,44.57716751098633,-0.016579556438860332,0,0.04648732042222418,1,positive,0.0007539322449197995,0.02239695552112792,0.5071528688922371
2023-08-08,AAPL,177.31419372558594,0.005311675295536444,-0.012033832667134536,-0.08082413726086857,-0.07137686788057329,182.32199096679688,187.37317962646483,188.61872253417968,0.019717126291403507,0.017242567178867112,-0.027466775755662476,-0.05368423549694701,-0.059933227501025255,1,8,175.7264404296875,-0.008954462485702974,0,0.008190163032782256,1,positive,0.0028261743463772883,0.02176415616883484,0.5559017781247246
2023-08-08,MSFT,318.5135192871094,-0.012298839795124694,-0.005277900855940931,-0.03059404965801138,-0.07102978208603128,320.0472351074219,324.05442199707034,331.62089080810546,0.01344911940502005,0.01774541653488188,-0.004792154569926987,-0.017098679523685267,-0.0395251683000295,1,8,314.7818603515625,-0.011715857285740983,0,0.008352055764255911,0,negative,0.0005550513240535575,0.02051052232954866,0.424570292731667
2023-08-08,NVDA,44.57716751098633,-0.016579556438860332,-0.0003579182264639158,-0.03962819652417782,-0.022220122943364617,44.622074890136716,45.39985656738281,45.48054866790771,0.025514592389149146,0.019298355085975615,-0.0010063937918833865,-0.01812096157562615,-0.019863022399262187,1,8,42.47126007080078,-0.0472418405603392,0,0.04630222377094239,0,negative,0.0005347113949270206,0.022488694515598335,0.4957638969234806
2023-08-09,AAPL,175.7264404296875,-0.008954462485702974,-0.0036903503873366716,-0.07472221157660175,-0.08385617019624625,179.48377990722656,185.7647262573242,188.0477264404297,0.020019667235976566,0.016738346757106972,-0.0209341450212448,-0.054037631523928376,-0.0655221216654559,2,8,175.50950622558594,-0.0012344995071379428,0,0.0075525686560597854,1,positive,0.0031439748565726326,0.02165573281809244,0.5567240232790629
2023-08-09,MSFT,314.7818603515625,-0.011715857285740983,-0.02387060562904575,-0.016091715442664967,-0.046007501700622844,319.01759033203126,322.5363464355469,330.8896942138672,0.008745181115246503,0.014378764407372109,-0.013277418264178609,-0.024042208481870997,-0.04868037338114728,2,8,315.46563720703125,0.0021722244563429083,1,0.006668604675052675,0,negative,0.0014409888729828627,0.019050878293953022,0.4174761386710547
2023-08-09,NVDA,42.47126007080078,-0.0472418405603392,-0.06303814823735376,-0.03874052540559769,-0.06375947596163101,44.27974090576172,45.11062049865723,45.413279914855956,0.025167564000510134,0.024048373356615475,-0.04084217292079095,-0.058508626099146865,-0.06478324951580428,2,8,42.30559539794922,-0.0039006300395937332,0,0.03986458808402048,0,negative,0.00019897862292160727,0.027557369016058743,0.4909341545888272
2023-08-10,AAPL,175.50950622558594,-0.0012344995071379428,-0.010177907713315726,-0.069048321271577,-0.07892553025966065,176.88028564453126,184.26081085205078,187.42791519165038,0.020792335439155978,0.016894348592650436,-0.007749758057831957,-0.0474941176368292,-0.06358929487039078,3,8,175.56875610351562,0.00033758785608761777,1,0.009515442846545444,1,positive,0.0021594383298084484,0.021310427848134327,0.5370448069175288
2023-08-10,MSFT,315.46563720703125,0.0021722244563429083,-0.009569082301121301,-0.011418555039569789,-0.023554626913042442,318.28883666992186,321.7753540039063,329.9259979248047,0.009082444413845692,0.01328731226658488,-0.00886992925177077,-0.019609074213926325,-0.043829103522388,3,8,313.5900573730469,-0.005945433076609441,0,0.007759818828629422,0,negative,0.0007821926703337706,0.016790621758859932,0.4207420253379357
2023-08-10,NVDA,42.30559539794922,-0.0039006300395937332,-0.05095819765751752,-0.04778145685129087,-0.0765139355725678,43.855169677734374,44.76010437011719,45.23417930603027,0.02426972891654681,0.023406276732388914,-0.035333902278159135,-0.05483698053677133,-0.06474272227352285,3,8,40.77556228637695,-0.03616621151835708,0,0.03983028142293534,1,positive,0.004039110551159999,0.030689115918473703,0.5401238240418714
2023-08-11,AAPL,175.56875610351562,0.00033758785608761777,-0.0008973284030923123,-0.021759130352350664,-0.09089484021746008,176.0992462158203,182.50542602539062,186.80366897583008,0.008842201622982982,0.015480654659826811,-0.0030124496481633845,-0.038008020215847926,-0.06014289191379907,4,8,177.2178955078125,0.009393125752537257,1,0.009868765503756064,1,positive,0.0009923267506698411,0.021693230533557043,0.5000816911228554
2023-08-11,MSFT,313.5900573730469,-0.005945433076609441,-0.0037861234353993023,-0.020653940093375955,-0.0513046256811549,316.9661437988281,320.07948608398436,328.7425048828125,0.008567228924187997,0.00983696202063314,-0.010651252481791773,-0.020274428674990963,-0.04609214593399491,4,8,316.54998779296875,0.009438852891948457,1,0.00764697998474473,0,negative,0.0007681221199174808,0.02006988431756873,0.43281933185033333
2023-08-11,NVDA,40.77556228637695,-0.03616621151835708,-0.039925770546883954,-0.0856088386639966,-0.1260963173156573,43.09165649414062,44.17175025939942,45.00392742156983,0.025369570897588862,0.022990601381339796,-0.05374808944925569,-0.07688597243890694,-0.09395546961010948,4,8,43.66792678833008,0.07093377355876362,1,0.03329630820823902,1,positive,0.005941724277798627,0.033112966217844736,0.5597422567989487
2023-08-14,AAPL,177.2178955078125,0.009393125752537257,0.009733884613809751,0.004765696879462045,-0.08525134780708155,176.2673583984375,180.85381774902345,186.09916229248046,0.006956182650941595,0.01615182177162148,0.005392587249344327,-0.020104205078250725,-0.047723303400526995,0,8,175.2329864501953,-0.011200387251690813,0,0.009332558904557559,1,positive,0.0007397097976773731,0.02058785816491997,0.5027711957652359
2023-08-14,MSFT,316.54998779296875,0.009438852891948457,0.0034373017471498457,-0.018387693854450604,-0.03536576497084809,315.78021240234375,318.9189392089844,327.6830718994141,0.009358737921324915,0.010819236578111815,0.0024376935615084694,-0.007428067526787152,-0.03397515789238803,0,8,314.4203186035156,-0.006727750028680979,0,0.010733199254606777,0,negative,0.000693763862923261,0.01867914906994897,0.4524099859600269
2023-08-14,NVDA,43.66792678833008,0.07093377355876362,0.03220215618208511,-0.036638388453211324,-0.06368631270577207,42.75950241088867,43.87472915649414,44.868790817260745,0.046487320422224136,0.03520674579887871,0.021244970736845614,-0.004713473385247191,-0.026763904421259865,0,8,43.85456848144531,0.0042741139056117206,1,0.03939383734972146,0,negative,-0.004907371842483892,0.03632521564012945,0.37541013194442796
2023-08-15,AAPL,175.2329864501953,-0.011200387251690813,-0.0019124681450858327,-0.01173739807097185,-0.09161287025906673,175.8511169433594,179.08655395507813,185.3082305908203,0.008190163032782197,0.01608695673132527,-0.0035150785727631195,-0.02151790527975339,-0.05437019234656748,1,8,174.36398315429688,-0.004959130774989218,0,0.00957208248760268,1,positive,0.0007753834701558293,0.021057302887208435,0.511662713731441
2023-08-15,MSFT,314.4203186035156,-0.006727750028680979,0.0026476006204529945,-0.01285094803120157,-0.043051835146993844,314.961572265625,317.50440368652346,325.8450592041016,0.008352055764256046,0.010720383740156597,-0.0017184752356167454,-0.009713519079416644,-0.03506188072481953,1,8,313.6568298339844,-0.0024282424651251855,0,0.0102354109814406,0,negative,0.0007132640492642204,0.019230892312887923,0.45285352363215964
2023-08-15,NVDA,43.85456848144531,0.0042741139056117206,0.07551106649232042,-0.01621007053359602,-0.05519589119699775,42.61498260498047,43.61852874755859,44.69143657684326,0.04630222377094235,0.035357868354251934,0.02908802962458501,0.005411455651170627,-0.018725468669126832,1,8,43.40144729614258,-0.010332359911247258,0,0.043874634527487064,0,negative,-0.002262033561098259,0.03630806406048271,0.45891621216706646
2023-08-16,AAPL,174.36398315429688,-0.004959130774989218,-0.016103973841568475,-0.007753285573071089,-0.08189615450466803,175.57862548828126,177.5312026977539,184.4062957763672,0.00755256865605972,0.015991539777461185,-0.0069179396444555286,-0.017840354232541378,-0.05445753671148412,2,8,171.82608032226562,-0.014555201057694478,0,0.013136030824068327,1,positive,0.00086883694198507,0.020589911211337242,0.5160888036852603
2023-08-16,MSFT,313.6568298339844,-0.0024282424651251855,-0.009139655885491815,-0.0035740004723322505,-0.019608204116404626,314.7365661621094,316.8770782470703,324.1842742919922,0.006668604675052837,0.007450208632913065,-0.0034306033813970016,-0.010162452995653659,-0.03247364321110091,2,8,310.2109375,-0.010986186195302228,0,0.01150248494412761,0,negative,0.0007596079421293713,0.014969994100913618,0.4496040732085637
2023-08-16,NVDA,43.40144729614258,-0.010332359911247258,-0.006102407688810096,0.021901568820683615,-0.01768743486823421,42.80102005004883,43.54038047790527,44.51223564147949,0.03986458808402042,0.03212069053385358,0.01402833963750516,-0.00319090417303991,-0.02495467435703924,2,8,43.25972366333008,-0.0032654125989272087,0,0.04339281431997334,0,negative,0.0010454306201152562,0.03523492301674555,0.47482955438106766
2023-08-17,AAPL,171.82608032226562,-0.014555201057694478,-0.019442150687182358,-0.020987044989950188,-0.08858624603651999,174.8419403076172,175.86111297607422,183.47460479736327,0.009515442846545399,0.016101063121988106,-0.017249064955727755,-0.022944428051911436,-0.0634884838038634,3,8,172.3100128173828,0.0028164088606896787,1,0.017722802296418042,1,positive,0.0015173715513114446,0.021867563022138384,0.5219466814019388
2023-08-17,MSFT,310.2109375,-0.010986186195302228,-0.01338775153657823,-0.016656963825136817,-0.027885320406477176,313.6856262207031,315.9872314453125,322.75220642089846,0.007759818828629572,0.007983854751775973,-0.011076977809172495,-0.018280149862043293,-0.038857267809173424,3,8,309.8193359375,-0.0012623718739769307,0,0.015294019117949175,0,negative,0.0007821926703337706,0.015779320362012267,0.4549399464553852
2023-08-17,NVDA,43.25972366333008,-0.0032654125989272087,-0.01356403309194365,0.02255324044977547,-0.026305843086923186,42.991845703125,43.42350769042969,44.40364742279053,0.03983028142293529,0.03203168993822971,0.0062309016006170115,-0.003771782516217792,-0.025761932315346736,3,8,43.21480941772461,-0.001038246243896812,0,0.04293724961524289,0,negative,0.0010680153483196555,0.03256529246175457,0.4783651658036953
2023-08-18,AAPL,172.3100128173828,0.0028164088606896787,-0.011779785594232983,-0.018561066094308076,-0.03991632379003407,174.19019165039063,175.14471893310548,182.62578659057618,0.009868765503756021,0.008840497659019456,-0.010793827225251795,-0.016184936280067674,-0.056485855397409024,4,8,173.64312744140625,0.007736721750675635,1,0.018255391765063488,0,negative,0.0008004965872667236,0.020177198510277217,0.4999291804027153
2023-08-18,MSFT,309.8193359375,-0.0012623718739769307,-0.012234689416823818,-0.012024365399637693,-0.0324299549703887,312.9314819335938,314.9488128662109,321.4519744873047,0.007646979984744879,0.007710656160607805,-0.009945135519328185,-0.01628670031180557,-0.036187796227906244,4,8,315.1056213378906,0.01706247734472277,1,0.015462056521506192,0,negative,0.0007681221199174808,0.01700581778893675,0.4477879200936664
2023-08-18,NVDA,43.21480941772461,-0.001038246243896812,-0.004300268540458507,0.05982129968475269,-0.030908770972626565,43.47969512939453,43.285675811767575,44.353245162963866,0.03329630820823896,0.031969431262880564,-0.006092170400036734,-0.001637178875319778,-0.025667473508564798,4,8,46.87568283081055,0.08471339946681389,1,0.04658183285778623,0,negative,0.0007977980040757258,0.03240284545945186,0.47117444964986177
2023-08-21,AAPL,173.64312744140625,0.007736721750675635,0.010574920383056519,-0.020171597547543718,-0.015502032387567644,173.47523803710936,174.87129821777344,181.8036849975586,0.009332558904557515,0.008195633190838873,0.0009678003973165872,-0.0070232839172824635,-0.044886645483901755,0,8,175.0157470703125,0.007904831300446613,1,0.018306489261787223,1,positive,0.0009407322517634432,0.016592061939728217,0.5046128173039562
2023-08-21,MSFT,315.1056213378906,0.01706247734472277,0.015778566279245565,-0.004562838448197271,-0.022866632226155148,312.6426086425781,314.21141052246094,320.3506057739258,0.010733199254606878,0.009607692026023663,0.007878045497401454,0.002845889059034601,-0.01637263779590481,0,8,315.6734924316406,0.0018021611018519401,1,0.013691795213147388,0,negative,0.0007329838173412547,0.013032845694991626,0.4546205134781492
2023-08-21,NVDA,46.87568283081055,0.08471339946681389,0.08358719985411289,0.0734579422107513,0.03412817313584893,44.121246337890625,43.44037437438965,44.47076644897461,0.039393837349721406,0.042167968914840204,0.062428800669541706,0.07908100484617808,0.0540785908107817,0,8,45.579200744628906,-0.02765788161126237,0,0.025862490591905433,0,negative,-0.001063458803380049,0.035858986234841426,0.41236860741945836
2023-08-22,AAPL,175.0157470703125,0.007904831300446613,0.015702710531379616,-0.0012397173858846866,-0.012962564400402998,173.43179016113282,174.6414535522461,181.00731658935547,0.009572082487602626,0.008472536931110695,0.009133025195138922,0.0021432111932944142,-0.03310125597097169,1,8,178.85714721679688,0.021948882947893322,1,0.019843261052071633,0,negative,0.0010477546726477037,0.015411147866666294,0.49591804108171866
2023-08-22,MSFT,315.6734924316406,0.0018021611018519401,0.018895387779546358,0.003985664265245159,-0.00891650333029892,312.89324340820315,313.9274078369141,318.9909149169922,0.0102354109814407,0.008986815861750343,0.008885615404006453,0.005562064831349911,-0.010399739711128952,1,8,320.1178894042969,0.01407909463167445,1,0.014959398685436047,0,negative,0.0008504568768761355,0.012350325976833245,0.4834460197609436
2023-08-22,NVDA,45.579200744628906,-0.02765788161126237,0.054712524682210883,0.03932617109009473,0.022478620549311934,44.466172790527345,43.5405776977539,44.47021713256836,0.04387463452748701,0.042911749449483706,0.025030891670053235,0.046821221827292536,0.024937670278393442,1,8,47.02439880371094,0.03170740240003744,1,0.026093305172657174,0,negative,-0.0008287333883016564,0.03630627858007663,0.4691805211211971
2023-08-23,AAPL,178.85714721679688,0.021948882947893322,0.030027216465276174,0.02576887715695242,0.01781579812038614,174.3304229736328,174.95452423095702,180.35962524414063,0.013136030824068277,0.010701565662074348,0.02596634692872124,0.022306499377449773,-0.008330456582563595,2,8,174.17636108398438,-0.026170528858647235,0,0.019382356075693455,0,negative,0.0008610591036201429,0.014599199558170477,0.4987672409582433
2023-08-23,MSFT,320.1178894042969,0.01407909463167445,0.015906628530220734,0.020599135602219487,0.016951513809515095,314.1854553222656,314.4610107421875,318.49867858886716,0.011502484944127691,0.009223181821452882,0.018881950076098386,0.01798912573853939,0.005083885504968855,2,8,313.23590087890625,-0.021498294075964375,0,0.013800932843319841,0,negative,0.0008286846362709003,0.012503900501470166,0.494214443592232
2023-08-23,NVDA,47.02439880371094,0.03170740240003744,0.0031725612069941622,0.0834753616128916,0.10720517181077138,45.19076309204102,43.99589157104492,44.553256034851074,0.043392814319973286,0.039783170626158236,0.040575453615052215,0.06883613729649185,0.05546491971152112,2,8,47.0713005065918,0.0009973908029454748,1,0.024043054264619605,0,negative,1.9176523025586485e-05,0.035819514945692514,0.46895155898351354
2023-08-24,AAPL,174.17636108398438,-0.026170528858647235,-0.00479605978535691,0.013678253949055419,-0.007595857171907472,174.80047912597655,174.8212097167969,179.54101028442383,0.017722802296418008,0.013914870541610993,-0.0035704595611685264,-0.0036886178390891367,-0.029879798447947525,3,8,176.37850952148438,0.01264321073074992,1,0.008255614660151026,0,negative,0.0007764728011627675,0.016980167981348358,0.4800686611491248
2023-08-24,MSFT,313.23590087890625,-0.021498294075964375,-0.0077218759610049315,0.009751311166796839,-0.007068079895693025,314.7904479980469,314.238037109375,318.00669555664064,0.015294019117949241,0.011777954570552206,-0.004938355433041219,-0.0031890990654321882,-0.015002183112476808,3,8,316.1825256347656,0.009407046726098267,1,0.007055130024526068,0,negative,0.0007131058381018029,0.014715976211750073,0.46203780984618625
2023-08-24,NVDA,47.0713005065918,0.0009973908029454748,0.03273641787452197,0.08810913525304542,0.11264952221600444,45.95307846069336,44.47246208190918,44.61628322601318,0.04293724961524283,0.03961011018772814,0.02433399640145817,0.058437026038632434,0.05502514111590617,3,8,45.92852783203125,-0.024277482505513426,0,0.02397359815816758,0,negative,0.0006979494304126876,0.03589738681224289,0.48358717467657153
2023-08-25,AAPL,176.37850952148438,0.01264321073074992,-0.013858197639192382,0.023611493247426285,0.004612172666367265,175.6141784667969,174.90218505859374,178.70380554199218,0.01825539176506345,0.014544237043839536,0.004352331123605779,0.008440857742263441,-0.013012011766931342,4,8,177.93878173828125,0.008846158304829155,1,0.008475161494404542,0,negative,0.0009031673837625862,0.015862557609358393,0.4928186643881382
2023-08-25,MSFT,316.1825256347656,0.009407046726098267,-0.012293482806770117,0.020538387889867726,0.008267061409522825,316.0630859375,314.4972839355469,317.28838500976565,0.015462056521506253,0.012008836076497869,0.0003778982822728594,0.005358525447755946,-0.003485344649366784,4,8,316.8873596191406,0.002229199678128957,1,0.006591329109063077,0,negative,0.0009019882473259328,0.014855546956397243,0.4735634128326754
2023-08-25,NVDA,45.92852783203125,-0.024277482505513426,-0.023304305840337602,0.06279602874272094,0.12637386848190424,46.49582214355469,44.98775863647461,44.57975444793701,0.04658183285778618,0.038175700420574096,-0.012200973880447386,0.02091167073155531,0.03025528966673474,4,8,46.74393844604492,0.017753902694111368,1,0.02156184418657459,0,negative,-0.0017988834754224256,0.036372974579556766,0.4562794794257527
2023-08-28,AAPL,177.93878173828125,0.008846158304829155,0.021601212879184706,0.024738406639931654,0.004067795909679761,176.4733093261719,174.97427368164062,177.91404571533204,0.018306489261787184,0.01450829368337697,0.00830421562164263,0.01694253671848034,0.00013903355887245894,0,8,181.81964111328125,0.02181008174321497,1,0.00973981325457297,0,negative,0.0008875031840860536,0.015747097185588248,0.4842038946908711
2023-08-28,MSFT,316.8873596191406,0.002229199678128957,0.011657216589761266,0.005654416045277166,0.0010657774101463513,316.41943359375,314.53102111816406,316.72498016357423,0.013691795213147465,0.011649525047867522,0.0014788156974940847,0.007491593333464275,0.0005126828186476917,0,8,321.4982604980469,0.014550598939787163,1,0.00820651782692198,0,negative,0.0008504568768761355,0.014339531980353775,0.4717105099096194
2023-08-28,NVDA,46.74393844604492,0.017753902694111368,-0.006954599873462808,-0.00281050593419907,0.07044098229405482,46.46947326660156,45.2953598022461,44.58504447937012,0.025862490591905353,0.032417351990956245,0.005906354433344196,0.031980729375440164,0.04842193143204643,0,8,48.68914413452149,0.04161407346370405,1,0.021524216774575063,0,negative,0.0007870067191710045,0.034733773121805006,0.4977744109091886
2023-08-29,AAPL,181.81964111328125,0.02181008174321497,0.03084917548378585,0.03887589635140243,0.03758798384091899,177.83408813476564,175.63293914794923,177.35974655151367,0.01984326105207159,0.01528468473821362,0.022411636713290273,0.035225180398082756,0.025146035943799827,1,8,185.3055419921875,0.019172300954737764,1,0.02071713202487577,0,negative,0.0008610591036201429,0.015781243512246794,0.49795035527304427
2023-08-29,MSFT,321.4982604980469,0.014550598939787163,0.016812234808389226,0.018451875770556292,0.022511083017686673,317.5843872070312,315.2388153076172,316.3716094970703,0.014959398685436113,0.012181251842486106,0.01232388444984922,0.0198562007166585,0.016204522931517973,1,8,321.8702697753906,0.001157111322367621,1,0.007191871065836141,0,negative,0.0008286846362709003,0.014761822873220386,0.4876476170107725
2023-08-29,NVDA,48.68914413452149,0.04161407346370405,0.06010678836879557,0.06823163502398755,0.1102410950667927,47.091461944580075,45.778817367553714,44.69867305755615,0.02609330517265708,0.034136603976488544,0.03392721576199231,0.06357365555341987,0.08927493377324702,1,8,49.168216705322266,0.009839412446379425,1,0.016432947189730308,0,negative,-0.0002409330263665291,0.03533230020340069,0.43750292832824483
2023-08-30,AAPL,185.3055419921875,0.019172300954737764,0.041400532148981206,0.03605332454271104,0.06275125539090443,179.12376708984374,176.7270950317383,177.1291488647461,0.019382356075693417,0.015648370528245636,0.03451119303025352,0.048540643747403855,0.04616063013820959,2,8,185.52279663085935,0.0011724130662049692,1,0.020156053173200326,1,positive,0.0008863599403208497,0.01633908332370004,0.501401429356195
2023-08-30,MSFT,321.8702697753906,0.001157111322367621,0.01572454692493519,0.0054741719506983255,0.026186070763239977,317.93486328125,316.06015930175784,316.46861877441404,0.013800932843319918,0.012079102389617019,0.012378027541632974,0.01838292585332013,0.017068520164481127,2,8,320.8619079589844,-0.0031328206146840065,0,0.008941957126654913,0,negative,0.0008857800161343374,0.01471669247613053,0.47189101326613986
2023-08-30,NVDA,49.168216705322266,0.009839412446379425,0.05186294394246671,0.04558948027299703,0.132870440237421,47.520225524902344,46.35549430847168,44.947937393188475,0.02404305426461951,0.03332081498407275,0.03467978449631537,0.06067721720608543,0.09389261347448041,2,8,49.2590446472168,0.0018472897326922144,1,0.013733374769361234,0,negative,0.000541996287445825,0.03504562182434463,0.46643496732950784
2023-08-31,AAPL,185.52279663085935,0.0011724130662049692,0.02036719187709135,0.06514337236270507,0.07971267390203551,181.39305419921874,178.09676666259764,176.97893981933595,0.008255614660150914,0.014036164128226428,0.022766816788392763,0.04169660183854007,0.04827612155573524,3,8,187.0929412841797,0.008463351576380784,1,0.02052460239622011,1,positive,0.0009660400483886864,0.014433783286823496,0.5001449733620187
2023-08-31,MSFT,320.8619079589844,-0.0031328206146840065,-0.0019793343145206865,0.0243458909361296,0.034334606461077444,319.46006469726564,317.12525634765626,316.5562438964844,0.007055130024526203,0.01132551786181472,0.004388164332988387,0.011782888737287278,0.013601576798807358,3,8,321.742919921875,0.002745766764570945,1,0.010098732229250137,0,negative,0.0009245382304762334,0.012523904611909394,0.45622926672602804
2023-08-31,NVDA,49.2590446472168,0.0018472897326922144,0.011704878424659615,0.046477240209639614,0.13868144490650458,47.95777435302735,46.955426406860354,45.18946704864502,0.02397359815816748,0.0330812139641657,0.02713366730929856,0.049059680991841104,0.09005588833767408,3,8,48.41468048095703,-0.017141302116330692,0,0.011174186101054102,0,negative,0.0005920866656268641,0.034564821278871165,0.49093007445513676
2023-09-01,AAPL,187.0929412841797,0.008463351576380784,0.009645687186557783,0.06074680975456492,0.08579262589031367,183.53594055175782,179.57505950927734,177.3598892211914,0.008475161494404436,0.013927092593580588,0.0193804043051653,0.041864843567065435,0.05487741397295243,4,9,187.32994079589844,0.0012667474790444277,1,0.020114898067269377,0,negative,0.0009597950135657751,0.014505355765273004,0.4943120163664223
2023-09-01,MSFT,321.742919921875,0.002745766764570945,-0.00039565584483614025,0.017586026539405886,0.03848560306378146,320.5721435546875,318.31761474609374,316.63321380615236,0.006591329109063226,0.011210976671923027,0.003652146297570491,0.010760652307957974,0.016137618837583023,4,9,326.530029296875,0.014878678219748753,1,0.010509675000962119,0,negative,0.0009136213557926467,0.012523904611909394,0.45318524150923606
2023-09-01,NVDA,48.41468048095703,-0.017141302116330692,-0.015325677335042864,0.05413090221437278,0.12032613664841674,48.4550048828125,47.4754135131836,45.380544662475586,0.021561844186574478,0.034241797608567236,-0.0008322030294496408,0.019784281973923346,0.06685983698627407,4,9,48.453609466552734,0.0008040739959238596,1,0.011550427671236298,0,negative,0.0008656668307844236,0.03587562453276401,0.48191041613827224
2023-09-05,AAPL,187.32994079589844,0.0012667474790444277,0.00974081998469889,0.05277747192531668,0.07882150912716446,185.41417236328124,180.94374084472656,177.90751953125,0.009739813254572884,0.014107999930054255,0.010332373238781667,0.03529384283401149,0.052962467744334774,1,9,180.6248016357422,-0.03579320599616109,0,0.019021883605373775,0,negative,0.000909668111003776,0.014430917205217404,0.4929326801520692
2023-09-05,MSFT,326.530029296875,0.014878678219748753,0.0176652983644765,0.030429328860967164,0.036255804991602636,322.50067749023435,319.4600555419922,316.8357330322266,0.008206517826922092,0.010942864829566685,0.012494087882226834,0.022131010222508074,0.030597231479766007,1,9,325.8741455078125,-0.002008647689999088,0,0.013296566485932897,0,negative,0.0008201982637910963,0.012523904611909394,0.43832234511579593
2023-09-05,NVDA,48.453609466552734,0.0008040739959238596,-0.016351010995694804,0.036575245418852154,0.03366194454035876,48.796939086914065,47.63320617675781,45.53679027557373,0.021524216774574955,0.022794751657467888,-0.00703588435638991,0.017223348072572753,0.06405412356310958,1,9,46.97336959838867,-0.030549630553031615,0,0.009402050457757202,1,positive,0.0011644659929212322,0.022204259069884102,0.5232538961129455
2023-09-06,AAPL,180.6248016357422,-0.03579320599616109,-0.0345717994705792,-0.006571564382280459,0.03204885651332989,185.17520446777343,181.50464630126953,178.07304992675782,0.020717132024875747,0.01969909249937912,-0.024573499703212986,-0.004847504917680934,0.014329802909726741,2,9,175.3415985107422,-0.02924959959626361,0,0.014844376227314902,1,positive,0.002697090372395007,0.018453627159699223,0.5242723998897569
2023-09-06,MSFT,325.8741455078125,-0.002008647689999088,0.012840144507113349,0.013610913486706844,0.032313936142043476,323.3758544921875,320.48012084960936,317.2037643432617,0.0071918710658362825,0.01107878683104266,0.0077256572527599765,0.01683107408941087,0.027333790260976043,2,9,322.96661376953125,-0.008922253509097589,0,0.014625057168581144,0,negative,0.0008772936436545336,0.012523904611909394,0.42411536729736454
2023-09-06,NVDA,46.97336959838867,-0.030549630553031615,-0.029770120720620463,-0.03523936529655092,0.03058783021604561,48.4537841796875,47.77262306213379,45.656600379943846,0.016432947189730183,0.023248453826185848,-0.030553126166757538,-0.01673036589817556,0.02884071979707148,2,9,46.15489196777344,-0.017424290350320337,0,0.012202070779381907,1,positive,0.0034606202809344872,0.022464174187086225,0.5472013440907776
2023-09-07,AAPL,175.3415985107422,-0.02924959959626361,-0.06399586864877038,-0.053770348011854874,-0.019655623276789824,183.1824157714844,181.15309143066406,178.05380783081054,0.020156053173200312,0.020938363552086166,-0.04280332928092523,-0.03208056166210227,-0.015232526353188391,3,9,175.953857421875,0.0034918063730056126,1,0.011669547899912884,1,positive,-0.0032715020247129113,0.01923248925660911,0.5072266222270219
2023-09-07,MSFT,322.96661376953125,-0.008922253509097589,-0.010912979535195988,0.0034061673198511055,0.008898985216151178,323.5951232910156,320.76499328613284,317.61300201416014,0.008941957126655034,0.010965701442924717,-0.0019422713021516325,0.006863655727651352,0.016855770139827086,3,9,327.2348937988281,0.013215855284480549,1,0.013366243455221319,0,negative,0.0008554278820375207,0.012575979396628922,0.4285642479979243
2023-09-07,NVDA,46.15489196777344,-0.017424290350320337,-0.04744161527050095,-0.06128602864749921,-0.018490546568537547,47.85111923217774,47.68567237854004,45.84078197479248,0.013733374769361095,0.021709087799525507,-0.035448016506658075,-0.032101474812285535,0.006852195347664125,3,9,45.48714065551758,-0.01446761727277146,0,0.010988832533241583,1,positive,0.0026359906012811923,0.0238746627565182,0.5598223238936549
2023-09-08,AAPL,175.953857421875,0.0034918063730056126,-0.025859927161536067,-0.05157823934717831,0.01020515256392085,181.2686279296875,181.33084106445312,178.076025390625,0.020524602396220098,0.019122052512063867,-0.029319858425110756,-0.029652890876223914,-0.011917202015795492,4,9,177.119140625,0.00662266357895791,1,0.011263276009884393,1,positive,0.002216086035642758,0.01852704028880303,0.5184667106653851
2023-09-08,MSFT,327.2348937988281,0.013215855284480549,0.004175686564195313,0.019862082976388695,0.04469153401842574,324.8697204589844,322.164892578125,318.20146484375,0.010098732229250234,0.00822521531842749,0.007280374842266513,0.01573728651849815,0.028389023788793377,4,9,330.82763671875,0.010979094797056055,1,0.017909944921090052,0,negative,0.0008976296831917417,0.012334439881893488,0.4536452238882704
2023-09-08,NVDA,45.48714065551758,-0.01446761727277146,-0.031639819659053714,-0.07657282066091264,-0.03365447383065989,47.09673843383789,47.527256393432616,45.9998592376709,0.011174186101053937,0.022047457241312445,-0.03417641713303565,-0.04292517373666327,-0.011146090241368256,4,9,45.09387969970703,-0.008645541358354047,0,0.01875382852490959,1,positive,0.002977477242218953,0.02638240114056446,0.557626806880222
2023-09-11,AAPL,177.119140625,0.00662266357895791,0.010137595010854872,-0.053309337010369884,0.004199100590684068,179.27386779785155,181.4049041748047,178.1535446166992,0.020114898067269363,0.018813401639994957,-0.012019192754189945,-0.023625400698510712,-0.005806249849952483,0,9,174.0973663330078,-0.017060687406958097,0,0.014152601246892335,1,positive,0.0009135167395987034,0.018317365212105297,0.5011010792410875
2023-09-11,MSFT,330.82763671875,0.010979094797056055,0.024340048209529064,0.028235949369393776,0.046318534063775285,326.68666381835936,323.62940368652346,319.06334381103517,0.010509675000962207,0.008345434173027456,0.012675671703247238,0.022242209608367203,0.036871339612996046,0,9,324.7875061035156,-0.018257636136878586,0,0.016325053166144965,0,negative,0.0008725624755632722,0.01235300599178018,0.4360023798998307
2023-09-11,NVDA,45.09387969970703,-0.008645541358354047,-0.022988078247636934,-0.06859078172696342,-0.018172760411060307,46.43257827758789,47.4437915802002,46.215775108337404,0.011550427671236135,0.020911921482105685,-0.028831019674973035,-0.049530440174049284,-0.02427516158715215,0,9,44.78644561767578,-0.006817645411717477,0,0.01911818063115877,1,positive,0.004108896509785842,0.02571471464475315,0.5787460700670414
2023-09-12,AAPL,174.0973663330078,-0.017060687406958097,-0.010551011021122325,-0.07063779770959255,-0.021588410169760097,176.62735290527343,181.02076263427733,177.99751815795898,0.019021883605373765,0.019325454789225104,-0.014323866211268355,-0.03824642102109088,-0.021911270816091344,1,9,172.0334930419922,-0.011854707135936282,0,0.011278678854578058,1,positive,0.0009242001111458713,0.018765574144572143,0.5150545609624294
2023-09-12,MSFT,324.7875061035156,-0.018257636136878586,-0.007478993657739519,-0.005336486806777341,0.02493045634218416,326.3381591796875,324.41941833496094,319.4752197265625,0.013296566485932982,0.011057609927218425,-0.004751675624051321,0.001134604612892387,0.016628164092037823,1,9,328.9872741699219,0.012930817803895822,1,0.014606724966279626,0,negative,0.0005815396891380585,0.014380613825836205,0.41385372013359756
2023-09-12,NVDA,44.78644561767578,-0.006817645411717477,-0.01540424453469802,-0.07568401795553281,-0.04187693406768911,45.6991455078125,47.248042297363284,46.27170104980469,0.009402050457757006,0.019794033456427832,-0.019971924638737315,-0.052099442855114364,-0.032098569934359,1,9,45.40030670166016,0.013706403254785338,1,0.019242743835230586,1,positive,0.002713941001007153,0.026207805266858855,0.5673241332446171
2023-09-13,AAPL,172.0334930419922,-0.011854707135936282,-0.02871314509014722,-0.04756439047100358,-0.053823382398999864,174.90909118652343,180.04214782714843,177.83754348754883,0.01484437622731488,0.017567081568221312,-0.016440529906273982,-0.04448211089352838,-0.03263681184374323,2,9,173.5443878173828,0.008782561748146511,1,0.014198484762991152,1,positive,0.0025885281310432736,0.019300118565711222,0.5132390457774297
2023-09-13,MSFT,328.9872741699219,0.012930817803895822,-0.005562904499398558,0.009553162486266364,0.023294103241098263,326.9607849121094,325.16831970214844,320.2035675048828,0.014625057168581215,0.01087211491755371,0.006197958138488113,0.011744546551372359,0.02743163273752436,2,9,331.5716857910156,0.007855658330902182,1,0.014625898114983018,0,negative,0.0008427716125384815,0.014383330735264264,0.4007261438424397
2023-09-13,NVDA,45.40030670166016,0.013706403254785338,0.006795312445806667,-0.03348839800461045,-0.06754765341068059,45.3845329284668,46.91915855407715,46.34898796081543,0.01220207077938174,0.013646203554497905,0.00034755834588473533,-0.032371677140510036,-0.020468219499362172,2,9,45.49612808227539,0.002110588839077776,1,0.017852629957845,0,negative,0.00043908771795528155,0.027112874712778984,0.4941462632739133
2023-09-14,AAPL,173.5443878173828,0.008782561748146511,-0.0031762600852174305,-0.010249767930849973,-0.06346898235402232,174.54964904785157,178.86603240966798,177.79656372070312,0.011669547899912841,0.016208549825705,-0.005759170734242924,-0.029752125211212177,-0.023915962234230537,3,9,172.82345581054688,-0.004154164913673597,0,0.01414623168659352,0,negative,0.0007605445107181374,0.017754944874870227,0.4925087928871134
2023-09-14,MSFT,331.5716857910156,0.007855658330902182,0.02088805622140444,0.026643843835898684,0.030140764545898868,328.6817993164062,326.1384613037109,321.09931030273435,0.01336624345522139,0.010995519351583301,0.008792353214019721,0.016659257131421468,0.032614132613389524,3,9,323.2701416015625,-0.025036951420168818,0,0.011896829723238963,0,negative,0.0010648017002812587,0.014300721257214339,0.39080508848449524
2023-09-14,NVDA,45.49612808227539,0.002110588839077776,0.015845920675596536,-0.014272894105309852,-0.07468419375578828,45.25278015136719,46.551949691772464,46.45372200012207,0.010988832533241389,0.012785463967575843,0.005377524432625291,-0.02268050245989328,-0.020613933106246374,3,9,43.8182487487793,-0.0368796072154054,0,0.015891884416702147,0,negative,0.000716784994544983,0.02672292879375964,0.4964683212223387
2023-09-15,AAPL,172.82345581054688,-0.004154164913673597,0.0045919126246065645,-0.01779103713436947,-0.06845164610999666,173.92356872558594,177.59609832763672,177.8464324951172,0.011263276009884351,0.016017871478508586,-0.006325266455259992,-0.026873577528066406,-0.028243336760259363,4,9,175.7465057373047,0.01691350235446132,1,0.014381216086888927,0,negative,0.0007062875766962248,0.01827662948736165,0.48557170895428087
2023-09-15,MSFT,323.2701416015625,-0.025036951420168818,-0.017377974825270814,-0.012115921230891114,0.007505514312674322,327.88884887695315,326.37928466796876,321.7522705078125,0.017909944921090118,0.014102164833807046,-0.014086198085754065,-0.009526165453696778,0.004717514786622523,4,9,322.134521484375,-0.0035129137246061592,0,0.009193312641527012,0,negative,0.0007732379670602047,0.01594064760028459,0.4025348463752599
2023-09-15,NVDA,43.8182487487793,-0.0368796072154054,-0.03484685606370619,-0.036689312247105255,-0.11045272878114809,44.919001770019534,46.00787010192871,46.48164825439453,0.018753828524909484,0.015219889682587206,-0.0245052868021417,-0.047592321667975224,-0.05730002281843405,4,9,43.88412857055664,0.0015034791133494707,1,0.019139569970080546,1,positive,0.003479842834410076,0.02883232123986418,0.5568940795957878
2023-09-18,AAPL,175.7465057373047,0.01691350235446132,0.012689075962739382,-0.007749782902354285,-0.060645984124225394,173.64904174804687,176.46145477294922,178.01825714111328,0.014152601246892299,0.01710711268194826,0.012078753606375114,-0.004051587563779546,-0.01276133942828006,0,9,176.83274841308594,0.006180735549899952,1,0.011982192432783397,0,negative,0.0006958613343932731,0.01843561022148985,0.4953960605620417
2023-09-18,MSFT,322.134521484375,-0.0035129137246061592,-0.02846191249450869,-0.02627687130554146,0.0012171256560831178,326.1502258300781,326.41844482421874,322.36802978515624,0.016325053166145045,0.014146902777572435,-0.012312437728604464,-0.013124023497356863,-0.0007243531591419883,0,9,321.733154296875,-0.0012459614252161577,0,0.010088551323642532,0,negative,0.0015808392886899345,0.015859118911790763,0.401695804160858
2023-09-18,NVDA,43.88412857055664,0.0015034791133494707,-0.03543157582121281,-0.026827390705933207,-0.09357806073268204,44.67705154418945,45.55481491088867,46.51511421203613,0.019118180631158662,0.015593604428924449,-0.017747880538816263,-0.03667419884374723,-0.05656195165911693,0,9,43.438961029052734,-0.010144158172997964,0,0.02192051177827076,1,positive,0.002660239731895396,0.029785700460888444,0.5359661199975895
2023-09-19,AAPL,176.83274841308594,0.006180735549899952,0.023198775789636805,0.0157117947140335,-0.05603584957222352,174.1961181640625,175.41173553466797,178.17773818969727,0.011278678854578002,0.017410236414763466,0.015135987396344808,0.008101013732556783,-0.007548584858448337,1,9,173.29750061035156,-0.01999204239293928,0,0.01401635118582793,0,negative,0.0008027002421797167,0.0177356454845977,0.4861981211591847
2023-09-19,MSFT,321.733154296875,-0.0012459614252161577,-0.004754498194831314,-0.009404154252371844,-0.014690455914052492,325.53935546875,325.9387573242187,322.6994064331055,0.014606724966279707,0.013175031155830066,-0.011691984726069027,-0.01290304676212628,-0.002994279248638154,1,9,314.0190124511719,-0.023976832174980034,0,0.01027787522204172,0,negative,0.0007714293943706056,0.015764572799727684,0.4006182641113657
2023-09-19,NVDA,43.438961029052734,-0.010144158172997964,-0.008655930589584027,-0.030086883878350013,-0.10349380557420773,44.407554626464844,45.05335006713867,46.343278121948245,0.01924274383523048,0.015154994648825667,-0.021811459909455877,-0.03583283009321547,-0.06266965157823012,1,9,42.16034698486328,-0.02943472895989141,0,0.021883597266867484,1,positive,0.0021066459034690924,0.029174408710393465,0.5309501819267101
2023-09-20,AAPL,173.29750061035156,-0.01999204239293928,-0.013934872370172435,0.007347450464490812,-0.040566417009372024,174.44891967773438,174.67900543212892,178.09182586669922,0.01419848476299111,0.014903255411485194,-0.006600322143065607,-0.00790882005745186,-0.026920523909593652,2,9,171.75697326660156,-0.008889495453334728,0,0.012429926755556202,0,negative,0.0004912403791258156,0.01780129278747914,0.47518864246678233
2023-09-20,MSFT,314.0190124511719,-0.023976832174980034,-0.025192919392207247,-0.045497996104915894,-0.03637948336823915,322.545703125,324.7532440185547,322.616682434082,0.014625898114983113,0.014993713099393562,-0.026435604601818707,-0.03305350066578405,-0.026649799750100733,2,9,312.8051147460937,-0.003865682194217235,0,0.007880943646234675,0,negative,0.0024853925514646906,0.017572958683201436,0.43923565169542544
2023-09-20,NVDA,42.16034698486328,-0.02943472895989141,-0.039280296586540975,-0.0713642693668941,-0.10246279231563771,43.75956268310547,44.572047805786134,46.17233543395996,0.017852629957844895,0.014996511731824232,-0.03654551371601367,-0.05410792053870539,-0.08689160752622105,2,9,40.94062423706055,-0.028930567109436978,0,0.019271825297912618,1,positive,0.006010425270605453,0.03109880536196639,0.5854482598017755
2023-09-21,AAPL,171.75697326660156,-0.008889495453334728,-0.028703818676319104,-0.010299466166904248,-0.020443666959731877,174.09143676757813,174.32054290771484,177.73681716918946,0.014146231686593486,0.012225553692558233,-0.013409410274976441,-0.01470606733063251,-0.03364437373093965,3,9,172.606201171875,0.004944357653271281,1,0.012647712853192153,0,negative,0.0013102488655375106,0.016766767140909862,0.498360293667291
2023-09-21,MSFT,312.8051147460937,-0.003865682194217235,-0.027749827555984763,-0.05659883472906124,-0.031463001406977664,318.7923889160156,323.73709411621087,322.25104370117185,0.011896829723239086,0.014878997133441384,-0.01878110763647889,-0.03376807776680968,-0.02931233005978251,3,9,310.3381652832031,-0.007886538124202369,0,0.008632117816133789,0,negative,0.0020976758659473223,0.016914883845769613,0.4394015016984485
2023-09-21,NVDA,40.94062423706055,-0.028930567109436978,-0.05751373266780613,-0.10012948435912283,-0.11297324093735572,42.8484619140625,44.050621032714844,45.86814670562744,0.015891884416702036,0.01598305630285562,-0.04452523128667574,-0.07060052100842373,-0.10742798265189879,3,9,41.53252029418945,0.014457426288901232,1,0.009692576024026926,1,positive,0.005101864208146566,0.03912118359708261,0.5607287125164331
2023-09-22,AAPL,172.606201171875,0.004944357653271281,-0.003989090644941906,-0.0012570900035122623,-0.019025762202947938,174.04798583984376,173.98577728271485,177.65830917358397,0.014381216086888889,0.012306362278633527,-0.00828383425991186,-0.007929246472820228,-0.028437217629785794,4,9,173.88011169433594,0.007380444699043087,1,0.012348779473939454,0,negative,0.0008586619323731086,0.016180924069736854,0.4818921518279242
2023-09-22,MSFT,310.3381652832031,-0.007886538124202369,-0.011721733468418871,-0.04000362128803814,-0.05163486179445298,316.20599365234375,322.04742126464845,322.10615692138674,0.009193312641527162,0.01376385907747102,-0.018556980218382813,-0.036358794414388496,-0.03653451318863088,4,9,310.8570251464844,0.001671917673444323,1,0.009301580286750452,0,negative,0.0013688256410781929,0.018430244540836072,0.4546835664387355
2023-09-22,NVDA,41.53252029418945,0.014457426288901232,-0.01489140236201647,-0.052163847708622146,-0.08693930425913532,42.39131622314453,43.65515899658203,45.59120769500733,0.01913956997008044,0.017943707451368647,-0.020258770084760847,-0.04862286041745423,-0.08902346759422075,4,9,42.14337921142578,0.01470796650213857,1,0.009363451591025496,1,positive,0.0036597060039212734,0.031198542263922106,0.5543703703554229
2023-09-25,AAPL,173.88011169433594,0.007380444699043087,0.012361293910546634,-0.010619807404640635,-0.01828728910514421,173.67470703125,173.66187438964843,177.53338928222655,0.011982192432783355,0.01236652171334867,0.0011826976224522667,0.0012566794263537684,-0.020577974670910826,0,9,169.81155395507812,-0.023398637714300174,0,0.014362623131123985,0,negative,0.0008380401287724212,0.014696225623452535,0.4858226858214803
2023-09-25,MSFT,310.8570251464844,0.001671917673444323,-0.006227806093230259,-0.03500865503617756,-0.06036560841875327,313.95049438476565,320.05036010742185,321.83988189697266,0.010088551323642664,0.012831214539968541,-0.009853366354282689,-0.028724651201304185,-0.03412521992536688,0,9,305.57061767578125,-0.017005912825074576,0,0.012998775373740267,0,negative,0.0007250855015054551,0.01859214767457664,0.446215670151249
2023-09-25,NVDA,42.14337921142578,0.01470796650213857,0.029378032132604037,-0.03966694601972309,-0.065430176066674,42.04316635131836,43.36010894775391,45.40195026397705,0.021920511778270667,0.019438992041223895,0.0023835707156312225,-0.028061039648083153,-0.07177160966886242,0,9,41.83295822143555,-0.0073658305479706865,0,0.013188839050072966,0,negative,0.001435835667101673,0.028698641256681184,0.49348939969534267
2023-09-26,AAPL,169.81155395507812,-0.023398637714300174,-0.016190885366940355,-0.039705283783782575,-0.024617330337622256,172.27046813964844,173.23329315185546,177.1270278930664,0.014016351185827908,0.013359519620530128,-0.014273567670211706,-0.019752203139022817,-0.04130072087250691,1,9,168.30067443847656,-0.008897389379059817,0,0.009614208724854724,1,positive,0.0008844894828707872,0.0177943447458909,0.5076769912806435
2023-09-26,MSFT,305.57061767578125,-0.017005912825074576,-0.015362427637835574,-0.0502358442244345,-0.05916757284872165,310.7179870605469,318.12867126464846,321.2740447998047,0.01027787522204186,0.012705273962603136,-0.01656604895474756,-0.03947476201671951,-0.04887860497354746,1,9,306.2069702148437,0.002082505654184441,1,0.016605447162397344,0,negative,0.0011648653583521405,0.01925080542455863,0.4694899896726094
2023-09-26,NVDA,41.83295822143555,-0.0073658305479706865,0.007233799565207866,-0.036971482963026325,-0.06594601012665735,41.72196578979492,43.06476020812988,45.15640125274658,0.021883597266867387,0.019440534361583654,0.002660287681549578,-0.028603479521100206,-0.0735984918884317,1,9,42.388919830322266,0.01329003810688767,1,0.021504267857453928,1,positive,0.0017401132755474507,0.02778011312734631,0.5075996673983031
2023-09-27,AAPL,168.30067443847656,-0.008897389379059817,-0.03208784030267631,-0.02883380403223501,-0.021698208514573825,171.27110290527344,172.8600112915039,176.45107955932616,0.012429926755556172,0.01315840504601757,-0.017343430481905342,-0.026375891213721192,-0.04619073536531848,2,9,168.55746459960938,0.001525782127668629,1,0.008271805486291577,1,positive,0.0021265212879907087,0.017472820916988686,0.5142254293094164
2023-09-27,MSFT,306.2069702148437,0.002082505654184441,-0.01495882208050292,-0.02487760908280323,-0.06924372382657018,309.15557861328125,315.85064086914065,320.50948028564454,0.007880943646234836,0.011293268624688768,-0.009537619898898675,-0.030532376403479944,-0.04462429647339661,2,9,307.03912353515625,0.00271761717157748,1,0.018280425086059524,0,negative,0.0007448829778722052,0.019992192123544097,0.45396598527104437
2023-09-27,NVDA,42.388919830322266,0.01329003810688767,0.005826315390245584,0.00542151243539446,-0.06632965920531497,41.76768035888672,42.7636215209961,44.84139003753662,0.0192718252979125,0.019392533644426318,0.014873688605581581,-0.008762159923472845,-0.05469210934722135,2,9,43.008766174316406,0.014622838856835907,1,0.021430748946145536,0,negative,0.0005787400595795095,0.027660028407965567,0.48744196810460166
2023-09-28,AAPL,168.55746459960938,0.001525782127668629,-0.007385182729088613,-0.018628115098569542,-0.028735721624262967,170.631201171875,172.36131896972657,175.61367568969726,0.01264771285319212,0.01268224397056696,-0.012153325757677691,-0.022069072068224838,-0.04018030522039717,3,9,169.0709686279297,0.003046462697692265,1,0.008272720206881563,0,negative,0.0008263885899242477,0.017115889235410974,0.4824898737225373
2023-09-28,MSFT,307.03912353515625,0.00271761717157748,0.004805782278887616,-0.018433174328424062,-0.07398871287013897,308.00238037109375,313.3973846435547,319.76792297363284,0.008632117816133933,0.010635353355704827,-0.0031274330892407942,-0.020288175396326547,-0.03980636744332289,3,9,309.10467529296875,0.0067273243032690555,1,0.01831874675205686,0,negative,0.000716784994544983,0.019794699447280892,0.4651071006856982
2023-09-28,NVDA,43.008766174316406,0.014622838856835907,0.028107215049361756,0.05051564248948903,-0.05467194710417622,42.18130874633789,42.514885330200194,44.533417510986325,0.009692576024026671,0.020399420753282195,0.01961668455937504,0.01161665709034354,-0.03423611799596993,3,9,43.41800308227539,0.009515197583216617,1,0.02143643802713242,0,negative,0.0008346981783216193,0.022799281062642836,0.49598187315590053
2023-09-29,AAPL,169.0709686279297,0.003046462697692265,0.004576893063697796,-0.020481492089760134,-0.021712835014309317,169.92415466308594,171.98607025146484,174.79108428955078,0.012348779473939421,0.012803096258084415,-0.005020981489346821,-0.016949637951916174,-0.03272544297594393,4,9,171.5792236328125,0.014835515672727118,1,0.009211331675637972,0,negative,0.0008586619323731086,0.016675092095628955,0.4830840244259409
2023-09-29,MSFT,309.10467529296875,0.0067273243032690555,0.009463223766891904,-0.003974664183210352,-0.04381928451051631,307.75568237304685,311.9808380126953,319.18006134033203,0.009301580286750578,0.009537632676870014,0.004383324166494784,-0.009219036457647767,-0.03156646441213695,4,9,315.02734375,0.01916072104512101,1,0.020668855686695995,0,negative,0.0007637700860212185,0.018831603178540324,0.4554793853946268
2023-09-29,NVDA,43.41800308227539,0.009515197583216617,0.024277175641002957,0.04539774554326104,-0.009134223250194529,42.55840530395508,42.474860763549806,44.24136543273926,0.009363451591025234,0.017521680377682782,0.020198073028841357,0.022204718315049776,-0.018610690298780153,4,9,44.6986083984375,0.029494799973536656,1,0.022722510753707015,0,negative,0.000956731050230518,0.021902934111531415,0.4951533227834028
2023-10-02,AAPL,171.5792236328125,0.014835515672727118,0.017927174215517594,-0.01323261205150461,-0.023711891664698004,169.46397705078124,171.56934204101563,174.01539840698243,0.014362623131123953,0.01247247041013161,0.012481983598186197,5.7595323729175973e-05,-0.013999765517717422,0,10,170.24609375,-0.007769762880297515,0,0.008296561504405817,0,negative,0.0007661757306592858,0.015320327789257354,0.486721882822572
2023-10-02,MSFT,315.02734375,0.01916072104512101,0.026016945732745045,0.01341555205821865,-0.022062763412085018,308.58974609375,311.27012023925784,318.84428253173826,0.01299877537374035,0.01212410172245573,0.02086134661873773,0.012070620552509848,-0.011971168971356194,0,10,306.7943420410156,-0.026134244764219328,0,0.019646954181990247,0,negative,0.0007689772957841241,0.014650504894110466,0.4946668668010972
2023-10-02,NVDA,44.6986083984375,0.029494799973536656,0.03929064640617885,0.06063180586902139,0.018559781278813414,43.06945114135742,42.55630874633789,44.05556182861328,0.013188839050072775,0.019988774943966694,0.037826283221791046,0.05034035411456972,0.014596263062671255,0,10,43.43596267700195,-0.02824798727916733,0,0.021345639053519824,0,negative,0.0008126672236067157,0.02231077110903717,0.49593195492578085
2023-10-03,AAPL,170.24609375,-0.007769762880297515,0.006950484353445585,0.002558953055908253,-0.03724793468514864,169.55088500976564,170.91067657470703,173.1612060546875,0.009614208724854667,0.01219225219851756,0.004100295555486522,-0.0038884804508776405,-0.016834673141320478,1,10,171.49034118652344,0.007308522675125717,1,0.006507587348785671,0,negative,0.0007677257325064087,0.017050246473157796,0.4820015700204882
2023-10-03,MSFT,306.7943420410156,-0.026134244764219328,-0.007474274692750638,0.004004718694952558,-0.04643230595400427,308.83449096679686,309.7762390136719,317.8574981689453,0.01660544716239741,0.014278294035605762,-0.00660596204586672,-0.009625970610756429,-0.03480539610253108,1,10,312.2471008300781,0.01777333556018945,1,0.01186214516752921,0,negative,0.0006896353537318686,0.01911468181102069,0.48229388444540255
2023-10-03,NVDA,43.43596267700195,-0.02824798727916733,0.00041364395991516645,0.03831917520824568,-6.902448814960493e-05,43.390052032470706,42.556008911132814,43.804679489135744,0.021504267857453817,0.021937832789644583,0.0010580914836628708,0.02067754444987302,-0.008417292774057117,1,10,43.95898818969727,0.012041301273431726,1,0.012776766485585532,1,positive,0.0010485500037727574,0.021962895836724488,0.5033191960483135
2023-10-04,AAPL,171.49034118652344,0.007308522675125717,-0.0005180256933629002,0.01895219231110623,-0.010428075520208524,170.188818359375,170.7299606323242,172.70448303222656,0.008271805486291499,0.011156744870292399,0.007647522555801034,0.004453703095713468,-0.007030169827592525,2,10,172.72471618652344,0.007197927250359948,1,0.006523022385424001,0,negative,0.0008652176211823638,0.012973595882304258,0.48622391395920295
2023-10-04,MSFT,312.2471008300781,0.01777333556018945,-0.008825401905836583,0.019725647038656646,-0.005642688980079691,310.0425170898437,309.5990478515625,317.17614593505857,0.018280425086059583,0.014102305555820859,0.007110585222076304,0.00855316900000691,-0.015540402921692786,2,10,312.6387023925781,0.00125413994704493,1,0.0111296568383387,0,negative,0.000775747773969684,0.015587279438032698,0.48967120170785217
2023-10-04,NVDA,43.95898818969727,0.012041301273431726,-0.016546828530932145,0.03703959349895691,0.04266191655110796,43.70406570434571,42.73587303161621,43.653960418701175,0.021430748946145425,0.019494968765241007,0.005832923807960855,0.028620338636260012,0.00698740201508552,2,10,44.60478591918945,0.014690914329177795,1,0.013842796957611437,1,positive,0.0011169685761051918,0.022001242267123976,0.5139015998225531
2023-10-05,AAPL,172.72471618652344,0.007197927250359948,0.01455905614000863,0.02472303197495851,0.005634373391173675,171.02226867675782,170.8267349243164,172.57363891601562,0.008272720206881481,0.011050700833410212,0.009954537049109868,0.01111056336145455,0.0008754365467216196,3,10,175.27247619628906,0.014750407851383152,1,0.006575792919620421,0,negative,0.0008716288632492665,0.012957709787364501,0.4828500243174572
2023-10-05,MSFT,312.6387023925781,0.00125413994704493,0.019049765757352732,0.01823734641028807,-0.0005320001038047195,311.1624328613281,309.58240661621096,316.6597503662109,0.01831874675205692,0.014058434836161605,0.004744369420417449,0.009872317389650886,-0.012698323575959791,3,10,320.3724975585937,0.024737164998542838,1,0.012118411683986799,0,negative,0.000839254395900024,0.015554438485876615,0.4737474970678808
2023-10-05,NVDA,44.60478591918945,0.014690914329177795,0.026909113328029477,0.03710917300915617,0.08949940921545618,44.02326965332031,43.1022891998291,43.57645511627197,0.021436438027132305,0.015736709012087135,0.013209292959122099,0.03485886126359872,0.023598312441286406,3,10,45.67678451538086,0.024033264011927846,1,0.014326789880615004,0,negative,0.0008980136273157462,0.022290526620970308,0.4976284734164864
2023-10-06,AAPL,175.27247619628906,0.014750407851383152,0.022054507464370543,0.036679907962240854,0.015447156627699021,172.2625701904297,171.0933624267578,172.53956985473633,0.00921133167563789,0.011881203225539504,0.017472780085261874,0.024425925765064527,0.015839301928558314,4,10,176.75376892089844,0.008451371012471176,1,0.00813346902412049,0,negative,0.0008821299650928923,0.013214935413623376,0.49158563752958045
2023-10-06,MSFT,320.3724975585937,0.024737164998542838,0.026022328812389306,0.03645309555717757,0.03233354256068899,313.4159973144531,310.58583984375,316.3166305541992,0.020668855686696044,0.015704567643098598,0.02219574081651321,0.03151031521516612,0.012822174405716424,4,10,322.8785705566406,0.007822372448148762,1,0.00937702267736967,1,positive,0.0008328989189470808,0.015572574672080905,0.5077643243926712
2023-10-06,NVDA,45.67678451538086,0.024033264011927846,0.03907724896375542,0.05202407464076986,0.09978359588669616,44.4750259399414,43.516715621948244,43.585937309265134,0.022722510753706904,0.01640186865197687,0.027020975256142554,0.04963768203920149,0.04797068355511236,4,10,45.18870162963867,-0.01068557891980848,0,0.020824498303136842,1,positive,0.0009555878064653144,0.022790850370234636,0.5015337584002904
2023-10-09,AAPL,176.75376892089844,0.008451371012471176,0.02332644003319162,0.0301583442244715,0.016526658503728697,173.29747924804687,171.38072814941407,172.52130126953125,0.00829656150440573,0.011943777579010915,0.019944258207613474,0.03135148758849948,0.024533014881187087,0,10,176.1612548828125,-0.003352200304996611,0,0.007165897283531746,0,negative,0.0008796361062118077,0.013298314489467724,0.4877961367491168
2023-10-09,MSFT,322.8785705566406,0.007822372448148762,0.03275304076462149,0.024922366145051944,0.03867226550370351,314.9862426757812,311.7879943847656,315.91917724609374,0.019646954181990296,0.015754147167008396,0.025056103446978284,0.03557088910289652,0.022029030878127687,0,10,321.4786682128906,-0.004335692955207859,0,0.011181643627400562,0,negative,0.0010169161353761524,0.015572574672080905,0.48349704550268713
2023-10-09,NVDA,45.18870162963867,-0.01068557891980848,0.01309087575281942,0.010964395733141119,0.07226099271572539,44.57304458618164,43.82124786376953,43.59067840576172,0.021345639053519716,0.017467735136007044,0.013812317493068438,0.03120526759347997,0.03665974658622728,0,10,45.71271514892578,0.011596118064684857,1,0.020916384828629276,1,positive,0.0009578251156754914,0.02192020904580678,0.5114566585285502
2023-10-10,AAPL,176.1612548828125,-0.003352200304996611,0.005070840018988942,0.03474476860243669,0.037392631890136974,174.4805114746094,172.0156982421875,172.62449569702147,0.006507587348785556,0.008426679125513342,0.00963284319835167,0.024099873924229298,0.020488165202223074,1,10,177.5536346435547,0.0079040068241365,1,0.008098996855370825,0,negative,0.000884367274303069,0.012671522396526245,0.49028472373359366
2023-10-10,MSFT,321.4786682128906,-0.004335692955207859,0.003452764087824356,0.04786374505534985,0.05206014458493602,317.92310791015626,313.37879943847656,315.7537353515625,0.011862145167529287,0.014329891917483357,0.011183711451824285,0.02584689452167055,0.018131005971960823,1,10,325.423828125,0.012271918177466201,1,0.010884875622036962,0,negative,0.0008681662930913232,0.014347151644469784,0.49370904263484655
2023-10-10,NVDA,45.71271514892578,0.011596118064684857,0.0007866279101327311,0.05241630049399837,0.09274402510464141,45.028395080566405,44.20922355651855,43.63699188232422,0.012776766485585338,0.0167319392969266,0.015197522966007737,0.034008550059358544,0.04756797334241458,1,10,46.71883773803711,0.022009687804225075,1,0.029853997892008814,1,positive,0.0009692674337217266,0.02247980378476293,0.5028834303712192
2023-10-11,AAPL,177.5536346435547,0.0079040068241365,0.004525310705053354,0.03535647206180803,0.0549787470308718,175.69317016601562,172.9409942626953,172.9005027770996,0.006523022385423885,0.0072226982197090206,0.010589281733496492,0.026671758194316997,0.026912193959631292,2,10,178.45228576660156,0.005061293872417494,1,0.006440543523703594,0,negative,0.0010907649255635988,0.012671522396526245,0.4945325576879705
2023-10-11,MSFT,325.423828125,0.012271918177466201,0.007883017953069338,0.042199678587544476,0.06275774159116376,320.55845336914064,315.3004852294922,315.57556304931643,0.011129656838338785,0.014446914146882697,0.015177808305234741,0.032106968970058825,0.03120731206346461,2,10,324.1903686523437,-0.0037903170144705234,0,0.009675076468736981,0,negative,0.0008417386860065873,0.014194809425555932,0.4485034730478503
2023-10-11,NVDA,46.71883773803711,0.022009687804225075,0.03386103280725461,0.06278237197885894,0.10214739901481296,45.58036499023437,44.64221534729004,43.702918434143065,0.013842796957611255,0.01719900675092139,0.02497726264470801,0.04651701029154065,0.06900956302126149,2,10,46.85758590698242,0.002969854895006341,1,0.027011504678319993,0,negative,0.0009007297358120537,0.023008319490571704,0.49508738826038523
2023-10-12,AAPL,178.45228576660156,0.005061293872417494,0.013005305197860473,0.03316010416189075,0.05870295445233653,176.83868408203125,173.93047637939452,173.14589767456056,0.006575792919620307,0.00709799346218575,0.009124709861682678,0.02599779797844981,0.0306469177919233,3,10,176.6155242919922,-0.01029273156529742,0,0.004200836948544457,0,negative,0.0009322528392081756,0.01272939859140838,0.483660712493629
2023-10-12,MSFT,324.1903686523437,-0.0037903170144705234,0.008435086702727412,0.03694893233423224,0.05586012922299011,322.86878662109376,317.01560974121094,315.2064971923828,0.01211841168398688,0.01476428544640702,0.004093248050022424,0.02263219441146669,0.02850154276635264,3,10,320.8325500488281,-0.010357552007093873,0,0.009780169912995448,0,negative,0.0008998783718589329,0.0145318101156936,0.4379785860695802
2023-10-12,NVDA,46.85758590698242,0.002969854895006341,0.025044908278294198,0.050505790833171416,0.08948919197231975,46.03092498779297,45.02709732055664,43.77099132537842,0.01432678988061483,0.01723871430058551,0.017958816152590318,0.04065304439667017,0.07051689916409076,3,10,45.376346588134766,-0.03161151583412947,0,0.025971434686129384,0,negative,0.0009804098438798907,0.022365923532946246,0.4990397463835005
2023-10-13,AAPL,176.6155242919922,-0.01029273156529742,-0.005283532232081778,0.007662629779926489,0.044623602297243714,177.10729370117187,174.68493194580077,173.33550109863282,0.008133469024120415,0.008727498180190847,-0.002776675081543667,0.011051853898826458,0.01892297407380461,4,10,176.4871368408203,-0.0007269318576978989,0,0.005593743082408075,1,positive,0.0009459958231418894,0.012717219473523514,0.5107103272429765
2023-10-13,MSFT,320.8325500488281,-0.010357552007093873,-0.01410861061596358,0.0014359924579676608,0.03794143438543496,322.96079711914064,318.1883972167969,315.0846176147461,0.009377022677369793,0.015578783898160727,-0.006589800029281556,0.008310022788887705,0.01824250411713213,4,10,325.63922119140625,0.014981868709538881,1,0.0108465833086529,0,negative,0.0009136213557926467,0.01415710196729995,0.46086473055993027
2023-10-13,NVDA,45.376346588134766,-0.03161151583412947,-0.028735542554161775,-0.006577475416311929,0.04510441215245198,45.97083740234375,45.222931671142575,43.848896217346194,0.020824498303136735,0.021430008071120662,-0.012931911790205364,0.0033924142315189254,0.03483440867513399,4,10,46.00917434692383,0.013946203393874423,1,0.025331833072368536,1,positive,0.0017141411450808297,0.022194930787888964,0.521156948312308
2023-10-16,AAPL,176.4871368408203,-0.0007269318576978989,-0.011012181308517777,-0.001508494453645537,0.028604356075832227,177.05396728515626,175.17572326660155,173.3725326538086,0.007165897283531669,0.008020689570147245,-0.00320145576530928,0.007486274637627188,0.01796480756978358,0,10,174.93675231933594,-0.008784688500458326,0,0.005998011230544418,1,positive,0.000891137752488629,0.012705277745310349,0.5081604141813361
2023-10-16,MSFT,325.63922119140625,0.014981868709538881,0.004469141218122585,0.008550120344023693,0.03368557571887365,323.51292724609374,319.2495849609375,315.25985260009764,0.011181643627400662,0.015172923897466401,0.006572516169330855,0.02001454827654836,0.032923217167378116,0,10,325.0714111328125,-0.0017436783459815475,0,0.008576898561256244,0,negative,0.000836371749928593,0.014156085869820026,0.4493011756905313
2023-10-16,NVDA,46.00917434692383,0.013946203393874423,-0.018106173069666553,0.018156589760193853,0.02932006152862998,46.13493194580078,45.35398826599121,43.95514850616455,0.02091638482862916,0.019937503096996392,-0.0027258650565409326,0.014446052177155666,0.04673003983756785,0,10,43.85618209838867,-0.046794846443035665,0,0.03398949626959008,1,positive,0.001159667439767167,0.022061022795415268,0.520489597002113
2023-10-17,AAPL,174.93675231933594,-0.008784688500458326,-0.009505234488225378,-0.006951032247647926,0.02755222434779614,176.80906677246094,175.64478912353516,173.2777328491211,0.00809899685537076,0.008174983737007901,-0.010589470819019287,-0.004031072072973596,0.009574337353890794,1,10,173.64312744140625,-0.007394814758926449,0,0.0069664600204429935,1,positive,0.0008561632428153211,0.01270304224504746,0.5114881983730885
2023-10-17,MSFT,325.0714111328125,-0.0017436783459815475,0.013212066803506284,0.011175680613255023,0.05957433559629788,324.2314758300781,321.07729187011716,315.42676544189453,0.010884875622037063,0.011380131960256399,0.0025905421445713284,0.012439743836854866,0.03057649745545965,1,10,323.1624450683594,-0.00587245140321857,0,0.008947621332699714,0,negative,0.0008772936436545336,0.012745511476264728,0.43323705604036755
2023-10-17,NVDA,43.85618209838867,-0.046794846443035665,-0.033501253495441086,-0.040613055787405705,0.009674458570460454,45.76362533569336,45.39601020812988,43.97600955963135,0.02985399789200874,0.023685394039540595,-0.041680335054595785,-0.03391989962733433,-0.0027248370746371098,1,10,42.11742782592773,-0.03964673141314845,0,0.029954392407920676,1,positive,0.003139956528473818,0.0227631366382109,0.513872415255016
2023-10-18,AAPL,173.64312744140625,-0.007394814758926449,-0.01611454211520902,-0.022024371452597502,0.012553396535267991,176.02696533203124,175.86006774902344,173.29501419067384,0.006440543523703527,0.00857672224826795,-0.01354245860075165,-0.012606274613638169,0.002008789764426755,2,10,173.2678680419922,-0.0021610956042051876,0,0.008105035880351733,1,positive,0.0009351018048654964,0.013115460674774876,0.5037431239190233
2023-10-18,MSFT,323.1624450683594,-0.00587245140321857,-0.007605890082850508,-0.006949039563790005,0.03495739178767043,323.77919921875,322.1688262939453,315.8839370727539,0.009675076468737104,0.011082725715868692,-0.00190486032419257,0.003084155552367074,0.023041716090581366,2,10,324.3470153808594,0.003665556844791862,1,0.016006603627447775,0,negative,0.0008587632851393864,0.01263381208590217,0.4352597212021294
2023-10-18,NVDA,42.11742782592773,-0.03964673141314845,-0.08458631514773751,-0.09849153221470341,-0.04189269224811576,44.843343353271486,45.21185417175293,43.97386360168457,0.027011504678319916,0.026530396390536264,-0.06078751768950996,-0.06844281002212282,-0.04221679933727096,2,10,42.02260971069336,-0.0022512798176149706,0,0.03110579786279417,1,positive,0.002039025521700773,0.03195064277329226,0.5328880631276338
2023-10-19,AAPL,173.2678680419922,-0.0021610956042051876,-0.009539929461462204,-0.029052122825650395,0.0031446099172176556,174.99008178710938,175.9143829345703,173.37055892944335,0.0042008369485443614,0.008367444565010282,-0.009841779188447974,-0.015044334911275992,-0.0005923202191033816,3,10,170.72010803222656,-0.014704168975797405,0,0.011394124987170972,0,negative,0.0008263885899242477,0.012987811683192747,0.4883112086194693
2023-10-19,MSFT,324.3470153808594,0.003665556844791862,-0.0022284203628635257,0.00048319365305893314,0.037449979476882556,323.81052856445314,323.33965759277345,316.4610321044922,0.009780169912995566,0.011054706664512326,0.001656792380360983,0.003115478613373801,0.024919286978004163,3,10,319.7948303222656,-0.014034921990105031,0,0.025535516752167767,0,negative,0.0008813480133437858,0.012602292237380953,0.4169225645599201
2023-10-19,NVDA,42.02260971069336,-0.0022512798176149706,-0.04180875534449868,-0.10318449196010726,-0.05789011549510015,43.87634811401367,44.95363655090332,44.027962875366214,0.025971434686129308,0.025736874832184183,-0.04224914978118355,-0.06520110640862187,-0.04554726209680837,3,10,41.30993270874024,-0.01695937036894135,0,0.03449386758102656,1,positive,0.0035121320078107,0.03301807362321415,0.5474987327751181
2023-10-20,AAPL,170.72010803222656,-0.014704168975797405,-0.016833487465065522,-0.033379943713322424,-0.025973092084146,173.81099853515624,175.45914611816406,173.27625427246093,0.005593743082408008,0.007904702236291356,-0.017783054749003657,-0.02700935340666688,-0.0147518553593331,4,10,170.83859252929688,0.0006940277770204339,1,0.013353845055829436,1,positive,0.0010950322901802096,0.013957623295921427,0.5037802811581131
2023-10-20,MSFT,319.7948303222656,-0.014034921990105031,-0.01042081094968006,-0.003234458992407596,-0.0018031111931585686,323.6029846191406,323.2818908691406,316.9338653564453,0.010846583308653008,0.009571003210548771,-0.01176798261411871,-0.010786439467735276,0.009027009349735104,4,10,322.3890686035156,0.008112195805778821,1,0.024691657311887404,0,negative,0.0005600678752949841,0.012843210485470172,0.43069765470808474
2023-10-20,NVDA,41.30993270874024,-0.01695937036894135,-0.019172469898325217,-0.08961527723472185,-0.09560331036809644,43.06306533813476,44.516951370239255,44.01683349609375,0.025331833072368456,0.023666152502892928,-0.040710818322587494,-0.07204039276694474,-0.06149694497205782,4,10,42.89497756958008,0.038369582250722845,1,0.03444013646553846,1,positive,0.0025556183950661716,0.03272013325152298,0.5593723739853307
2023-10-23,AAPL,170.83859252929688,0.0006940277770204339,-0.014020346300484099,-0.032005416443568024,-0.03346563090402188,172.68128967285156,174.8676284790039,173.124178314209,0.005998011230544354,0.0070321412861201965,-0.010671087452761796,-0.023040490597096452,-0.013202002211175401,0,10,171.27310180664062,0.002543390640901144,1,0.015509410163992494,0,negative,0.0007574599688546977,0.015464796240938446,0.49085652105477395
2023-10-23,MSFT,322.3890686035156,0.008112195805778821,-0.006036580219628829,-0.009980838843673068,-0.0015160558728970486,322.9529541015625,323.2329406738281,317.5104675292969,0.008576898561256386,0.00959819121426903,-0.0017460298501235094,-0.0026107242304986844,0.015365166106747541,0,10,323.5736389160156,0.003674350118728187,1,0.026381838212891227,0,negative,0.0007783684578188539,0.012287556505527769,0.445809091225125
2023-10-23,NVDA,42.89497756958008,0.038369582250722845,0.020759487925489983,-0.0676864304032434,-0.05075879539221306,42.440225982666014,44.2875789642334,44.054413414001466,0.03398949626959002,0.028114937246361684,0.010715107575058669,-0.03144451395227499,-0.026318267673333562,0,10,43.58169555664063,0.016009286540519252,1,0.028599779466089888,0,negative,-0.0014962552628906378,0.02381356688380118,0.4874682046767757
2023-10-24,AAPL,171.27310180664062,0.002543390640901144,0.0032391836016743003,-0.020942714804762952,-0.027748173566449763,171.9485595703125,174.37881317138672,173.1972557067871,0.00696646002044293,0.007277199854602404,-0.003928254853427182,-0.017810141658056167,-0.011109609631482664,1,10,168.9623260498047,-0.013491761008945224,0,0.015534751728567374,0,negative,0.0008038038617198484,0.014000602232628875,0.49659397482705764
2023-10-24,MSFT,323.5736389160156,0.003674350118728187,0.01181635297212913,-0.0046075175038537974,0.006516670965358351,322.6533996582031,323.44243774414065,318.4106185913086,0.008947621332699848,0.009540446891444619,0.0028520984399587057,0.00040563994258158154,0.0162149753282379,1,10,333.500244140625,0.030678040577915677,1,0.026405694031726795,0,negative,0.0008056656614231786,0.012256036657006551,0.42771565832574043
2023-10-24,NVDA,43.58169555664063,0.016009286540519252,0.054993138427934074,-0.006258787897502005,-0.04661765518286498,42.385328674316405,44.07447700500489,44.141850280761716,0.029954392407920596,0.028434372749126944,0.02822596685558265,-0.011180653336131385,-0.01268987866521798,1,10,41.701202392578125,-0.04314869212967032,0,0.025279924437022063,0,negative,0.0006048689722065423,0.022746687391118924,0.4623249207452371
2023-10-25,AAPL,168.9623260498047,-0.013491761008945224,-0.010982685186723407,-0.026956444868116325,-0.048387117565896975,171.01239929199218,173.51968231201172,173.2303382873535,0.00810503588035168,0.006921549262464114,-0.011987863164747092,-0.026264203584768553,-0.024637787351480367,2,10,164.80491638183594,-0.02460554234287282,0,0.016733924348058225,0,negative,0.0005611173725457042,0.017555163162514244,0.4972657845811691
2023-10-25,MSFT,333.500244140625,0.030678040577915677,0.034465112558683675,0.03198948154411574,0.024818145807450565,324.72095947265626,324.2500793457031,319.77528228759763,0.016006603627447838,0.013125118847203578,0.027036396671856977,0.02852787210904495,0.04292064650789196,2,10,320.9891967773437,-0.03751435743479048,0,0.024803453654314835,0,negative,0.000748488013109176,0.015603380454491953,0.43905883927260797
2023-10-25,NVDA,41.701202392578125,-0.04314869212967032,-0.027830185365303572,-0.009882498880745327,-0.107400688638574,42.302083587646486,43.572713470458986,44.10746440887451,0.031105797862794094,0.029167300344993832,-0.014204529519766695,-0.04295144664675732,-0.054554530588982186,2,10,40.25090789794922,-0.03477824166736798,0,0.02726534691980845,1,positive,0.0029491807796707455,0.02715582118354329,0.5034667573751979
2023-10-26,AAPL,164.80491638183594,-0.02460554234287282,-0.03776533125503245,-0.048843168417731175,-0.07647629351531571,169.31980895996094,172.15494537353516,173.04271087646484,0.011394124987170948,0.008371325268512485,-0.02666488112559018,-0.04269426577175239,-0.047605556182657494,3,10,166.11830139160156,0.007969331489618092,1,0.00742184072522043,1,positive,0.0027313986104808958,0.01960414010536354,0.5264187726566064
2023-10-26,MSFT,320.9891967773437,-0.03751435743479048,-0.007987183836513756,-0.01035254972077615,-0.009874358354035162,324.0493957519531,323.9299621582031,320.47278594970703,0.025535516752167815,0.018258575050984775,-0.009443618827025602,-0.009078398803452514,0.0016114030590967943,3,10,322.8687438964844,0.005855484041241477,1,0.010112773373920894,0,negative,0.0008850210066337393,0.018354409672973526,0.4057264262148135
2023-10-26,NVDA,40.25090789794922,-0.03477824166736798,-0.07642629815452173,-0.04216068028476827,-0.1409948438689992,41.94774322509765,42.91204566955567,43.96957149505615,0.03449386758102649,0.029610435863023192,-0.04045117083040606,-0.06201377096068894,-0.08457356919034453,3,10,40.424583435058594,0.004314822849454947,1,0.018665584107134217,1,positive,-8.960170570327823e-05,0.0299763268458743,0.5097112590300044
2023-10-27,AAPL,166.11830139160156,0.007969331489618092,-0.01683230057666696,-0.02695527020025268,-0.05943544851151328,168.39944763183593,171.1052230834961,172.89507751464845,0.013353845055829407,0.009679276689939217,-0.013546043483595782,-0.02914535045760125,-0.03919588816791342,4,10,168.1624298095703,0.012305257162183336,1,0.010931377382011718,0,negative,0.000834080281443937,0.019575065089371915,0.4979888533276118
2023-10-27,MSFT,322.8687438964844,0.005855484041241477,-0.03187853811482577,0.009612142795182521,0.006346593721074711,324.6641784667969,324.1335815429687,321.16098937988284,0.024691657311887452,0.01803815408851825,-0.005530128327650208,-0.003902211058981808,0.005317440701309906,4,10,330.2109069824219,0.022740395980514805,1,0.009479016201977311,0,negative,0.0014474272457239146,0.018346541072858255,0.39868803817763987
2023-10-27,NVDA,40.424583435058594,0.004314822849454947,-0.030613480769723367,-0.021431874022257325,-0.10912652792481503,41.77067337036133,42.41686935424805,43.81990051269531,0.03444013646553839,0.02950805819603613,-0.03222571787070738,-0.04696918819139417,-0.0774834501655941,4,10,41.084354400634766,0.01632103313163591,1,0.019040122224371132,1,positive,0.005026809715882946,0.030104254008629875,0.5413790703800394
2023-10-30,AAPL,168.1624298095703,0.012305257162183336,0.02037265332519178,-0.015664860498470934,-0.04716891655825506,167.8642150878906,170.2727523803711,172.72423782348633,0.015509410163992465,0.011230984392703616,0.0017765234926547802,-0.012393777285555019,-0.026410931502143353,0,10,168.636474609375,0.0028189697326657104,1,0.011106211676127613,0,negative,0.0006909625068195567,0.018564792125637573,0.48713928005496
2023-10-30,MSFT,330.2109069824219,0.022740395980514805,0.02872903604751187,0.02426210793308803,0.01403911290012716,326.2285461425781,324.5907501220703,321.92016754150393,0.02638183821289127,0.018864776790609106,0.012207272744621411,0.017314593401808187,0.02575402313012609,0,10,330.9940795898437,0.0023717345213660757,1,0.007992229115361833,0,negative,0.0008032267076621196,0.018130385545928565,0.3964697648180115
2023-10-30,NVDA,41.084354400634766,0.01632103313163591,0.020706278347773832,-0.042210609995267934,-0.10703995488278817,41.408548736572264,41.92438735961914,43.639187812805176,0.028599779466089808,0.029740614602177147,-0.007829164407569977,-0.02003685711084424,-0.058544476655469246,0,10,40.70406723022461,-0.009256252798858111,0,0.01902325728795011,1,positive,0.0009124892275357624,0.027090658816819494,0.5047322261689391
2023-10-31,AAPL,168.636474609375,0.0028189697326657104,0.015158915042341903,-0.015394286490135856,-0.03601460314331306,167.3368896484375,169.642724609375,172.64375686645508,0.015534751728567345,0.011367903358258522,0.007766278933879045,-0.005931583581418098,-0.02321127812446655,1,10,171.7965087890625,0.018738734825946235,1,0.010329347619003629,0,negative,0.0007677257325064087,0.017697771152478517,0.4878343040408417
2023-10-31,MSFT,330.9940795898437,0.0023717345213660757,0.025166064684057465,0.022932772579023597,0.018219591924099943,327.71263427734374,325.1830169677734,323.1301544189453,0.02640569403172684,0.01882965040100902,0.01001317913706945,0.0178701294927901,0.02433671096106571,1,10,338.7865295410156,0.023542565960176898,1,0.006372588634176221,0,negative,0.0008609413821311153,0.018099627951787572,0.3939899848514317
2023-10-31,NVDA,40.70406723022461,-0.009256252798858111,0.006913708724172851,-0.0660283701600396,-0.07187390049349218,40.83302307128906,41.60917587280274,43.50259304046631,0.025279924437021976,0.026937406108451276,-0.0031581262263955523,-0.021752621232994374,-0.06433009194735817,1,10,42.24619674682617,0.03788637405395345,1,0.01372961589871446,1,positive,0.0014583389767869348,0.02748447938966195,0.5198239111763617
2023-11-01,AAPL,171.7965087890625,0.018738734825946235,0.021610528484914626,0.016774051384818023,-0.010634562274667969,167.90372619628906,169.45806274414062,172.65906524658203,0.016733924348058187,0.013247738884477922,0.02318461109208836,0.013799556108773814,-0.004995720649174529,2,11,175.35150146484375,0.020693043769278052,1,0.010033969438839364,0,negative,0.0008013517631333669,0.01579542067477726,0.4964373931988428
2023-11-01,MSFT,338.7865295410156,0.023542565960176898,0.02597013719795216,0.01585091913204595,0.048347463361193554,328.7698913574219,326.74542541503905,324.4571258544922,0.024803453654314883,0.019744168968583043,0.030467017956653963,0.03685163797069757,0.04416424403928709,2,11,340.9891967773437,0.006501637592593257,1,0.0026720214351644805,0,negative,0.0008291468389683851,0.018271564958499308,0.41185617986071166
2023-11-01,NVDA,42.24619674682617,0.03788637405395345,0.028279435399219954,0.01306903213766919,0.0030573785614509408,40.94202194213867,41.62205276489259,43.41695346832275,0.02726534691980836,0.02767743014592365,0.031854186550205554,0.014995511765340863,-0.02696542774128019,2,11,43.424991607666016,0.027902981844830865,1,0.011888290837040589,0,negative,-0.00019406911021826017,0.022312578148045596,0.485230260018871
2023-11-02,AAPL,175.35150146484375,0.020693043769278052,0.03981954005515864,0.06399435960133903,0.012025503899814716,170.01304321289064,169.6664260864258,172.79040451049804,0.007421840725220309,0.014892363333417261,0.03140028641960302,0.03350736801352827,0.01482198598701756,3,11,174.44296264648438,-0.0051812434496977255,0,0.00926335353745887,1,positive,0.0008239364913377663,0.014463532063979365,0.5018625634547181
2023-11-02,MSFT,340.9891967773437,0.006501637592593257,0.030197268784643017,0.06230739289918574,0.05130980279544883,332.76989135742184,328.4096435546875,325.8746505737305,0.010112773373920992,0.01974469067916977,0.024699666746874183,0.038304457465060615,0.04638147268283288,3,11,345.3749389648437,0.012861821515019356,1,0.008040391802020931,0,negative,0.0009088269470362216,0.017623420643710207,0.4086728282043076
2023-11-02,NVDA,43.424991607666016,0.027902981844830865,0.06684649870617831,0.07885744385603077,0.03337208009277437,41.576838684082034,41.76229095458985,43.357963752746585,0.018665584107134075,0.028939970637016147,0.044451501895731216,0.039813444499108064,0.0015459179610386453,3,11,44.921199798583984,0.03445500241970878,1,0.011636036700496236,0,negative,0.0008741765172879889,0.022974256991772753,0.4885397103980113
2023-11-03,AAPL,174.44296264648438,-0.0051812434496977255,0.015404584622096706,0.05011284840469532,0.021806772835189614,171.6779754638672,170.03871154785156,172.74892883300782,0.010931377382011642,0.014035354532076053,0.016105660467781613,0.025901461252800573,0.009806334690006357,4,11,176.99075317382812,0.014605292691038274,1,0.009823038697537548,0,negative,0.0009392253449563297,0.014454803192611467,0.49596189597871615
2023-11-03,MSFT,345.3749389648437,0.012861821515019356,0.019447082009883765,0.0697069490119957,0.07998912495489785,337.2711303710937,330.9676544189453,327.124772644043,0.009479016201977412,0.018635226836090975,0.024027578597769494,0.04353079327704146,0.055789618662293705,4,11,349.0263671875,0.010572360095380207,1,0.011345027284919597,0,negative,0.0009459048573149646,0.017774956524857676,0.41094844521062884
2023-11-03,NVDA,44.921199798583984,0.03445500241970878,0.0633193815715205,0.11123469882501391,0.0874188567506351,42.47616195678711,42.123417663574216,43.320184516906735,0.019040122224370987,0.029431454130990686,0.057562588735873055,0.06641868799333261,0.036957720737602395,4,11,45.66580581665039,0.016575826589784848,1,0.009649430070330764,0,negative,0.000665132702453936,0.023870121364243754,0.46036862003101797
2023-11-06,AAPL,176.99075317382812,0.014605292691038274,0.00934837566425406,0.052498785693422256,0.03601153904072474,173.44364013671876,170.6539276123047,172.7607780456543,0.011106211676127539,0.014544355170848023,0.02045109889479546,0.03713260896004433,0.024484580215632157,0,11,179.54840087890625,0.014450741969362468,1,0.012786007924848984,1,positive,0.000827271894439632,0.014517439813580675,0.500444369096837
2023-11-06,MSFT,349.0263671875,0.010572360095380207,0.023570161418938973,0.0569801293876695,0.08262469537000272,341.03422241210933,333.6313842773437,328.4321624755859,0.00799222911536196,0.018654826650008362,0.023435022792911653,0.04614368922007239,0.06270459189101163,0,11,352.94219970703125,0.011219302859796887,1,0.013702454665344362,0,negative,0.0008815110507405609,0.017967621641271782,0.41310010152945703
2023-11-06,NVDA,45.66580581665039,0.016575826589784848,0.05160194915475347,0.11151328730493182,0.06459563342994512,43.392452239990234,42.40050048828125,43.34403972625732,0.019023257287949964,0.027758545732012287,0.05239053013383388,0.0770110090863576,0.05356598289075887,0,11,45.86943435668945,0.004459103182294477,1,0.010216933569800501,0,negative,0.000779535911263886,0.02425334269407642,0.4810532548382953
2023-11-07,AAPL,179.54840087890625,0.014450741969362468,0.02926709197646593,0.06470679783129563,0.048316396357485525,175.626025390625,171.48145751953126,172.93013534545898,0.010329347619003542,0.014927030939424261,0.022333680213722173,0.047042656833355734,0.03827132570171243,1,11,180.6050262451172,0.005884905468601653,1,0.012760473821177476,1,positive,0.0008525727311403387,0.014972066643607536,0.5068940198590915
2023-11-07,MSFT,352.94219970703125,0.011219302859796887,0.02191027746503016,0.06630970603578445,0.09076314402310848,345.42384643554686,336.5682403564453,330.00533905029295,0.006372588634176372,0.018607183365826722,0.021765588418595883,0.04864974583830306,0.06950451384437373,1,11,355.5559997558594,0.007405745334498892,1,0.013572983334456865,0,negative,0.0008815110507405609,0.017956892481569436,0.40561419686966393
2023-11-07,NVDA,45.86943435668945,0.004459103182294477,0.021108843093174956,0.12690051579487682,0.052493111404433135,44.4255256652832,42.62927436828613,43.351875686645506,0.013729615898714251,0.027564452951220928,0.03250178067188547,0.07600786164950124,0.058072658452918535,1,11,46.48727798461914,0.01346961514993228,1,0.009761159099206431,1,positive,0.0011239570490121807,0.02441506980612413,0.5141458988269236
2023-11-08,AAPL,180.6050262451172,0.005884905468601653,0.020420688688404853,0.05127297125036501,0.06890707808958907,177.38772888183593,172.6457275390625,173.08270492553712,0.010033969438839281,0.013471021183382843,0.018137090900038677,0.04610191528923768,0.04346084909417325,2,11,180.13104248046875,-0.002624421781070141,0,0.012854258330641306,1,positive,0.000909668111003776,0.014916490464857707,0.5007198954426108
2023-11-08,MSFT,355.5559997558594,0.007405745334498892,0.018708135494106104,0.04949863336527227,0.06613415133193801,348.7777404785156,338.77381591796876,331.51194763183594,0.002672021435164875,0.016960867539639067,0.01943432303920578,0.04953801931951629,0.07252846329003448,2,11,353.098876953125,-0.00691064924912399,0,0.013677396360171016,0,negative,0.0008772936436545336,0.015237887920904008,0.391339180520271
2023-11-08,NVDA,46.48727798461914,0.01346961514993228,0.01798878073600596,0.1003896578716661,0.11477068567434956,45.2737419128418,43.10788192749023,43.34029769897461,0.01188829083704036,0.02164738390427272,0.026804412900386376,0.0783939248700094,0.07261095222516167,2,11,46.862571716308594,0.008073041656980307,1,0.017154423322197243,1,positive,0.0009271437230134148,0.02477304116756161,0.5018760521076365
2023-11-09,AAPL,180.13104248046875,-0.002624421781070141,0.003245039213439993,0.0272569152570572,0.09299556369497952,178.34363708496093,174.17834014892577,173.16664276123046,0.009263353537458793,0.00874845639371696,0.010022254927190444,0.03417590457259667,0.04021790575937367,3,11,184.31370544433597,0.02322011190448059,1,0.01195478129066798,0,negative,0.0009484263253456722,0.013551110866426033,0.4940809102377203
2023-11-09,MSFT,353.098876953125,-0.00691064924912399,0.0004439175769397341,0.035513383679684596,0.10003352292898016,351.1996765136719,341.9847839355469,332.957373046875,0.00804039180202107,0.009034225344493687,0.005407751107023628,0.0324987939219914,0.06049274032269114,3,11,361.8898620605469,0.024896666857960215,1,0.013160857657541037,0,negative,0.0009160518579964295,0.013291062275868196,0.39214642982450654
2023-11-09,NVDA,46.862571716308594,0.008073041656980307,0.021651397571121445,0.07916133040854123,0.16426123443283225,45.96125793457031,43.76904830932617,43.34054698944092,0.011636036700496009,0.014663664011968561,0.01961029402244341,0.070678333810682,0.08126396576687767,3,11,48.2449951171875,0.02949952062485317,1,0.017144152419368775,0,negative,0.0007281889982795678,0.02342866110638583,0.47490696096465157
2023-11-10,AAPL,184.31370544433597,0.02322011190448059,0.020534750755969222,0.05658435656045957,0.10953280824754641,180.31778564453126,175.9978805541992,173.55155181884766,0.00982303869753746,0.009819172090418934,0.022160430739106562,0.04724957405140939,0.0620112785665079,4,11,182.7315826416016,-0.008583858693092083,0,0.008750401315324145,0,negative,0.000907430801793599,0.014606132668436274,0.48928500611706643
2023-11-10,MSFT,361.8898620605469,0.024896666857960215,0.01781396547670866,0.047817375357927405,0.12085752771588543,354.5026611328125,345.88689575195315,335.01023864746094,0.01134502728491969,0.010097602383507041,0.02083821008318698,0.04626647180085697,0.08023522959061546,4,11,358.9627990722656,-0.00808827020357794,0,0.01370406933188624,0,negative,0.0008107016629309506,0.014354548370545967,0.381715524071707
2023-11-10,NVDA,48.2449951171875,0.02949952062485317,0.03781071314069884,0.07399168618618002,0.19345682793966845,46.626016998291014,44.551089477539065,43.48397941589356,0.009649430070330492,0.01470706793044312,0.03472263390964381,0.08291392383368668,0.1094889604228304,4,11,48.52946472167969,0.005896354716198093,1,0.014202249693698444,0,negative,0.0004947350605017107,0.025242403237864117,0.47406848445434835
2023-11-13,AAPL,182.7315826416016,-0.008583858693092083,0.01443693505196264,0.03243575929718334,0.08663738296675194,181.46595153808593,177.45479583740234,173.86377410888673,0.012786007924848927,0.01147303248982789,0.006974482500922585,0.02973594925568679,0.05100434853761526,0,11,185.34207153320312,0.01428592065949319,1,0.00566907746513058,0,negative,0.000909668111003776,0.015160102618462748,0.4958884692526419
2023-11-13,MSFT,358.9627990722656,-0.00808827020357794,0.016607025685666743,0.028469000679904655,0.08707129740985287,356.4899475097656,348.7620849609375,336.6764175415039,0.013702454665344446,0.010960587091521996,0.006936665619252214,0.029248345938953202,0.06619525565081896,0,11,362.4772338867188,0.009790526549091405,1,0.015084338341419782,0,negative,0.0008772936436545336,0.015252790570863557,0.39924619171778153
2023-11-13,NVDA,48.52946472167969,0.005896354716198093,0.03556981497861322,0.06270904134544297,0.18121521999454604,47.19874877929688,45.295600509643556,43.60999393463135,0.010216933569800248,0.015195806780831241,0.028193881761681583,0.07139466472792733,0.11280604153310181,0,11,49.56353378295898,0.021308066495473676,1,0.016509934771670568,0,negative,0.0007556964572723427,0.02553499412168297,0.4733551281160323
2023-11-14,AAPL,185.34207153320312,0.01428592065949319,0.005579433642159293,0.03226801589953632,0.0990627737120604,182.62468566894532,179.12535552978517,174.38404006958007,0.012760473821177417,0.011425946344758882,0.014879619665348898,0.03470595206932736,0.06283849978043143,1,11,185.90565490722656,0.003040774117615719,1,0.005853189714687975,0,negative,0.0008525727311403387,0.015282324113843074,0.48007927256678734
2023-11-14,MSFT,362.4772338867188,0.009790526549091405,0.0016230679213491417,0.027015851852236317,0.09511697108264872,358.39695434570314,351.910400390625,338.54670867919924,0.013572983334456952,0.010753535027133053,0.011384805287937505,0.03002705655861404,0.07068603709332089,1,11,362.6243896484375,0.0004059724251943564,1,0.016780026677645683,0,negative,0.0008887359617007688,0.015284973067450231,0.3803506538944449
2023-11-14,NVDA,49.56353378295898,0.021308066495473676,0.027330061130045324,0.08053509876628318,0.21765556013419252,47.93756866455078,46.18154716491699,43.895361518859865,0.009761159099206157,0.012112030542904965,0.033918389348990496,0.07323242346049419,0.12912918513414584,1,11,48.796966552734375,-0.015466355437476209,0,0.01568818316741203,0,negative,0.00037578258648558787,0.027242003133097326,0.4553887543526113
2023-11-15,AAPL,185.90565490722656,0.003040774117615719,0.017370135034896483,0.029349286519387174,0.08212708289367954,183.6848114013672,180.53627014160156,174.9971664428711,0.012854258330641247,0.011096701231666574,0.01209051248666726,0.02974130772400252,0.062335229113075874,2,11,187.586669921875,0.00904230167440212,1,0.005849653600504185,0,negative,0.000909668111003776,0.015028269900366532,0.49040542284578026
2023-11-15,MSFT,362.6243896484375,0.0004059724251943564,0.010200473658092735,0.019879821736749292,0.07036247910953586,359.8106323242188,354.2941864013672,340.5198059082031,0.013677396360171103,0.00976318669623321,0.007820106109825309,0.02351210820499694,0.0649142380463863,2,11,369.00048828125,0.01758320403929292,1,0.01738682605487361,0,negative,0.0008772936436545336,0.014333046921712087,0.39197800180370984
2023-11-15,NVDA,48.796966552734375,-0.015466355437476209,0.005512152927892977,0.04968431511260829,0.15506176438001695,48.399506378173825,46.83662414550781,44.22933845520019,0.017154423322197097,0.014789414849387393,0.008212070830949436,0.041854903998553405,0.10327145413130534,2,11,49.38786697387695,0.01210936791540096,1,0.018412507276214275,0,negative,2.3249392791189433e-05,0.023159183502970745,0.47432126995033125
2023-11-16,AAPL,187.586669921875,0.00904230167440212,0.012110571388912916,0.04139001994736491,0.06977509947061544,185.17593688964843,181.7597869873047,175.71310653686524,0.011954781290667911,0.010187921377067989,0.013018608533695186,0.03205815230723896,0.06757357842579959,3,11,187.5668487548828,-0.00010566404851919398,0,0.006422470763900518,0,negative,0.0009275216711169142,0.013642227461968897,0.49082739083770294
2023-11-16,MSFT,369.00048828125,0.01758320403929292,0.017996314760473586,0.04503444322830852,0.08214715236916104,362.99095458984374,357.09531555175784,342.75247955322266,0.013160857657541117,0.010329756104228052,0.01655560177304327,0.03333892160163776,0.07658006956577412,3,11,362.8009643554688,-0.01680085561582223,0,0.015810736689075698,0,negative,0.0007952848992786586,0.014884114835671225,0.3851146103315151
2023-11-16,NVDA,49.38786697387695,0.01210936791540096,-0.003544275310377931,0.05388725298423025,0.13731437003106484,48.9045654296875,47.4329116821289,44.597601318359374,0.017144152419368626,0.014037165660943523,0.009882544501582657,0.0412151652179642,0.10741083632104642,3,11,49.20620727539063,-0.003678225232573995,0,0.01836278487346809,0,negative,0.0006456278547190244,0.023294536425038072,0.4812004296860327
2023-11-17,AAPL,187.5668487548828,-0.00010566404851919398,0.008935682179679993,0.01765003477470284,0.0752331071961585,185.82656555175782,183.07217559814453,176.55544357299806,0.008750401315324065,0.009635368181160136,0.009365093725742124,0.02455137238661753,0.062367973249898734,4,11,189.30715942382807,0.009278348921986312,1,0.006446438009037212,0,negative,0.0009645261816570365,0.013014762203642194,0.48490920846228874
2023-11-17,MSFT,362.8009643554688,-0.01680085561582223,0.0004869355511427642,0.0025176231512378244,0.05045538464039789,363.1731750488281,358.8379180908203,344.9027862548828,0.013704069331886332,0.012746373279526855,-0.001024884872923959,0.011044112299317899,0.05189339957189931,4,11,370.2463684082031,0.02052200733799414,1,0.012423413291694298,0,negative,0.0006727026027644719,0.015282358165354022,0.3963971992987502
2023-11-17,NVDA,49.20620727539063,-0.003678225232573995,0.008386601700210106,0.019923562140867546,0.09538942628468527,49.096807861328124,47.86141242980957,44.992415046691896,0.01420224969369827,0.012687284025128276,0.0022282388372683037,0.028097684069672058,0.09365561338118389,4,11,50.31513595581055,0.022536357541511176,1,0.01986395455883224,0,negative,0.0011106891871989289,0.02234765176668603,0.4826632477946312
2023-11-20,AAPL,189.30715942382807,0.009278348921986312,0.009171704485556598,0.03598489482315381,0.0695878515071553,187.1416809082031,184.30381622314454,177.4788719177246,0.005669077465130441,0.009330368843329967,0.01157133197220328,0.027147257735703922,0.06664617246151305,0,11,188.5062255859375,-0.004230869240911317,0,0.00459871213306044,0,negative,0.0009049369429125146,0.01296258559875293,0.4848889930125988
2023-11-20,MSFT,370.2463684082031,0.02052200733799414,0.0033763644399396053,0.031433812542970285,0.06079770245353289,365.4298889160156,360.9599182128906,347.2956512451172,0.015084338341419855,0.013589477104807608,0.013180310747089585,0.025727095244507003,0.06608409025797912,0,11,365.9595947265625,-0.011578165371535443,0,0.009828985452872236,0,negative,0.000836371749928593,0.015632444798796042,0.40675569407807877
2023-11-20,NVDA,50.31513595581055,0.022536357541511176,0.018775238509977754,0.036795609520356765,0.1018120682645427,49.453942108154294,48.326345443725586,45.36342296600342,0.016509934771670415,0.013200647167023346,0.017414058636070928,0.04115333973268975,0.10915651126058279,0,11,49.85099792480469,-0.00922462042860206,0,0.013141268517581038,0,negative,0.0007845977075037877,0.023275161421545336,0.4802755033706578
2023-11-21,AAPL,188.5062255859375,-0.004230869240911317,0.005008224200014677,0.01707196874708261,0.04989086320558611,187.77451171875,185.19959869384766,178.34052810668945,0.0058531897146878575,0.009494641034260412,0.0038967688451958526,0.017854395557066027,0.05700161139573723,1,11,189.1687469482422,0.003514586111123652,1,0.0048245922037063686,0,negative,0.000909668111003776,0.012825323577321095,0.4961729718145216
2023-11-21,MSFT,365.9595947265625,-0.011578165371535443,0.008706234771743704,0.009607116018028217,0.036882512293334946,366.12636108398436,362.26165771484375,349.41494903564455,0.016780026677645755,0.014498854916867164,-0.0004554885284089316,0.010207917213887363,0.047349564569517666,1,11,370.6484680175781,0.012812543675809529,1,0.009281637124426395,0,negative,0.0008678906357025965,0.015628468376212096,0.4046926337051617
2023-11-21,NVDA,49.85099792480469,-0.00922462042860206,0.013103847768745513,0.005799912151230657,0.0868021074154488,49.511434936523436,48.72450180053711,45.67688808441162,0.01568818316741188,0.014466691365103937,0.006858274027335076,0.0231197053359129,0.09138341107387271,1,11,48.62527847290039,-0.02458766128921175,0,0.015254355096984636,0,negative,0.0009578251156754914,0.02218675170886987,0.48884218119043604
2023-11-22,AAPL,189.1687469482422,0.003514586111123652,-0.0007311528840596715,0.017552408734656355,0.04741684592710227,188.42713012695313,186.05597076416015,179.35084915161133,0.005849653600504067,0.00949748363325384,0.00393582824718175,0.016730321372097734,0.054741295305111404,2,11,187.84371948242188,-0.007004473451329929,0,0.004714233220341092,0,negative,0.0009258415971412727,0.01280304674400181,0.49656396395209024
2023-11-22,MSFT,370.6484680175781,0.012812543675809529,0.0010860325547654703,0.022127795587384202,0.04244751395583801,367.7311767578125,363.7709045410156,351.27236022949216,0.017386826054873676,0.01475010025512959,0.007933217100292156,0.018906304464454626,0.055159784776198206,2,11,370.2364196777344,-0.0011116957856256438,0,0.007537307400970818,0,negative,0.0008427716125384815,0.015554438485876615,0.40664812142986684
2023-11-22,NVDA,48.62527847290039,-0.02458766128921175,-0.03358546987519384,-0.003518417064889534,0.04599108790556916,49.47709732055664,48.93830184936523,46.023091888427736,0.018412507276214147,0.017654704533173155,-0.017216427272145896,-0.0063962860302824165,0.05654089018575825,2,11,47.68703842163086,-0.01929531471562529,0,0.01640959369767839,1,positive,0.0024026015334947734,0.022079605262606633,0.5243721084443114
2023-11-24,AAPL,187.84371948242188,-0.007004473451329929,-0.0035145051653140413,0.0013702975837992515,0.04281703417549143,188.4785400390625,186.82723846435547,180.50278930664064,0.006422470763900424,0.009961627649400177,-0.0033681317592393345,0.0054407538559231305,0.04066934480059681,4,11,187.66574096679688,-0.0009474818541466146,0,0.004663310474248347,0,negative,0.0009712966598425963,0.012906048889729918,0.4957328274675645
2023-11-24,MSFT,370.2364196777344,-0.0011116957856256438,0.011686604239376397,0.003349403146432506,0.048534684880587875,367.9783630371094,365.4846588134766,353.7347213745117,0.015810736689075778,0.014371112197944017,0.0061363842753909825,0.013001259422718459,0.0466499252295669,4,11,371.39398193359375,0.003126548859960776,1,0.009368153310496551,0,negative,0.0009321517143077939,0.015554438485876615,0.3989983602990766
2023-11-24,NVDA,47.68703842163086,-0.01929531471562529,-0.04340854934214056,-0.034438186065936516,0.017593287673440816,49.136931610107425,49.02074851989746,46.394898414611816,0.018362784873467965,0.019124645455782525,-0.029507198373337706,-0.027207052901798257,0.027850907129308267,4,11,48.15216827392578,0.009753800355191355,1,0.015318356954345838,1,positive,0.002434393161412843,0.022710011998801637,0.5388249166969171
2023-11-27,AAPL,187.66574096679688,-0.0009474818541466146,-0.007945318693983516,0.0005272371560887112,0.018186577684931038,188.49831848144532,187.16244201660157,181.58016128540038,0.006446438009037118,0.007465778673527035,-0.004416896242660173,0.0026891022834092393,0.03351456259492713,0,11,188.26889038085935,0.0032139558928296896,1,0.006782698389045985,0,negative,0.0009164385891893359,0.012687731941151826,0.49807914524806934
2023-11-27,MSFT,371.39398193359375,0.003126548859960776,0.0020113773031438242,0.023685211513676085,0.02626246510176289,369.69696655273435,366.43507080078126,356.1609832763672,0.012423413291694392,0.012526288174337551,0.004590287544643301,0.0135328507775625,0.042769981476062924,0,11,375.4060974121094,0.010802855387228583,1,0.010402860783840203,0,negative,0.0008934671297920302,0.014244484905392606,0.4035381929288856
2023-11-27,NVDA,48.15216827392578,0.009753800355191355,-0.00972971700796077,-0.021420854396798972,-0.0019240719796165262,48.926123809814456,49.011465835571286,46.781277656555176,0.019863954558832123,0.01684277910391385,-0.015818860674456703,-0.017532582366101113,0.02930425772966272,0,11,47.73195266723633,-0.008726826262504983,0,0.01573584999406334,1,positive,0.0011650727731679716,0.022126752874763227,0.5178060313312827
2023-11-28,AAPL,188.26889038085935,0.0032139558928296896,0.002263428873794604,-0.005484573568843243,0.030302959451286027,188.29066467285156,187.71617279052734,182.58548431396486,0.004598712133060315,0.0065082279180148665,-0.00011564190943846864,0.0029444324488161477,0.03112737076689842,1,11,187.25042724609372,-0.005409619893681383,0,0.01190088982969188,0,negative,0.0009164385891893359,0.012671522396526245,0.4933677333250576
2023-11-28,MSFT,375.4060974121094,0.010802855387228583,0.013963179902384715,0.013935934135125727,0.0458078062193108,370.7289123535156,368.07940063476565,358.4207427978516,0.00982898545287236,0.012142811423003207,0.012616186390485007,0.0199052073131738,0.04738942975696436,1,11,371.6294555664063,-0.010060150518965028,0,0.009784838157883021,0,negative,0.0008725624755632722,0.013151963674241571,0.397192858976063
2023-11-28,NVDA,47.73195266723633,-0.008726826262504983,0.0009418543715873362,-0.05134008364486797,-0.01643356379505012,48.40948715209961,48.931714630126955,47.113657569885255,0.013141268517580872,0.016902412023199392,-0.01399590296700537,-0.024519107330686962,0.013123479034374164,1,11,48.05036163330078,0.0066707718471994415,1,0.02229224374765726,1,positive,0.0009588244708663634,0.022194912928916333,0.5157693835073797
2023-11-29,AAPL,187.25042724609372,-0.005409619893681383,-0.0022130502805870478,-0.0066618401378540915,0.010296397882596953,188.0395050048828,187.9070083618164,183.51618194580078,0.004824592203706251,0.005638319477806235,-0.0041963403316159775,-0.0034941810922689553,0.02034831621222266,2,11,187.82394409179688,0.003062833309049884,1,0.01195165446297811,0,negative,0.0008302431115090562,0.012686832700421879,0.49357773591361953
2023-11-29,MSFT,371.6294555664063,-0.010060150518965028,0.0006340265170334813,0.015493133453927443,0.025249093802530265,371.86288452148443,368.9946228027344,360.4525115966797,0.009281637124426527,0.012796828816767745,-0.0006277285655397202,0.007140572249153099,0.031008090137079725,2,11,371.6883239746094,0.00015840619552975888,1,0.009775964430240555,0,negative,0.0008840641218400933,0.013549932537479105,0.3961139896754426
2023-11-29,NVDA,48.05036163330078,0.0066707718471994415,-0.002114269082252873,-0.03612036601995383,-0.030529948818509345,48.04935989379883,48.78039741516113,47.48097229003906,0.015254355096984489,0.015259087714635229,2.0848134172135602e-05,-0.014965761259531196,0.01199194784351909,2,11,46.68291091918945,-0.028458697658658827,0,0.022305848266416732,0,negative,0.0008038038617198484,0.022916322899942214,0.499988755688365
2023-11-30,AAPL,187.82394409179688,0.003062833309049884,-0.002363355348631191,-0.007109011811624821,0.010318616642014389,187.77054443359376,188.09883728027344,184.3175537109375,0.004714233220340972,0.005639193831175852,0.0002843878328424587,-0.0014614294934048866,0.01902363779392613,3,11,189.09950256347656,0.006791245268794155,1,0.012350616772605629,0,negative,0.0008767983431143172,0.012686832700421879,0.4876918470876855
2023-11-30,MSFT,371.6883239746094,0.00015840619552975888,-0.009903337913605426,0.002805504532618075,0.024995379750819557,372.07085571289065,369.90101623535156,362.09760131835935,0.00753730740097099,0.012801719513147894,-0.001028115296878962,0.00483185409288156,0.026486567768831515,3,11,367.3721618652344,-0.011612315563805153,0,0.010842111262596453,0,negative,0.0009066488500444927,0.013494769931444243,0.38765815513122076
2023-11-30,NVDA,46.68291091918945,-0.028458697658658827,-0.02197776729060885,-0.039945633520504176,-0.043323505186747324,47.66088638305664,48.56899185180664,47.70280799865723,0.016409593697678256,0.01690381357113425,-0.020519456058938457,-0.038833026190290054,-0.021380231526338722,3,11,46.67791748046875,-0.00010696502472495872,0,0.02428820681461421,1,positive,0.0019546936738076455,0.024504441849158308,0.5219064518615505
2023-12-01,AAPL,189.09950256347656,0.006791245268794155,0.009874879030063344,0.0066852545537046115,0.008064712925665907,188.02170104980468,188.2501205444336,185.00495376586915,0.0046633104742482105,0.005320234893828165,0.005732325086168499,0.004511986587772077,0.0221321035694495,4,12,187.3097686767578,-0.009464508697572982,0,0.012381654266864519,0,negative,0.0009039022056981273,0.012671522396526245,0.4713440232648695
2023-12-01,MSFT,367.3721618652344,-0.011612315563805153,-0.011455748831005086,-0.007736294055007198,-0.004412802876224142,371.4980041503906,369.73818359375,363.41674957275393,0.009368153310496695,0.012310915673574185,-0.011105960837103246,-0.006399181457318215,0.010883957046918136,4,12,362.1045227050781,-0.014338699844351877,0,0.011194655830837227,0,negative,0.0008527267148130736,0.013346100507512771,0.36982008509581105
2023-12-01,NVDA,46.67791748046875,-0.00010696502472495872,-0.028562618598085066,-0.021161325478840642,-0.05487075388053497,47.45906219482422,48.29799690246582,47.865454292297365,0.01531835695434569,0.016004451788282366,-0.01645933733685656,-0.033543408130749186,-0.024809893259902016,4,12,45.425254821777344,-0.02683630132418724,0,0.025900009027650262,1,positive,0.002048649086211562,0.022986193459301488,0.507176511542835
2023-12-04,AAPL,187.3097686767578,-0.009464508697572982,-0.002737539228692576,-0.0018968421631204713,-0.001370605092699262,187.95050659179688,188.2244125366211,185.6482940673828,0.006782698389045897,0.0062434859051916395,-0.0034090778825655033,-0.004859326415404874,0.008949581883967994,0,12,191.25511169433597,0.02106319945537205,1,0.01342444192637365,0,negative,0.0008302431115090562,0.012701009928897933,0.47902140662823933
2023-12-04,MSFT,362.1045227050781,-0.014338699844351877,-0.02578450990078973,-0.02501241183325531,-0.0019196245843170479,369.6401123046875,369.6685394287109,364.25322875976565,0.010402860783840343,0.011965660320706336,-0.020386287496303668,-0.02046161876615815,-0.0058989348207113546,0,12,365.4200439453125,0.00915625470642012,1,0.009351517937900027,0,negative,0.001978391220892636,0.01365554009492187,0.38935768791267017
2023-12-04,NVDA,45.425254821777344,-0.02683630132418724,-0.02694039580327756,-0.05663116636068599,-0.0768389327885518,46.91367950439453,47.91990165710449,47.89065704345703,0.015735849994063206,0.017330217259788727,-0.03172688005590696,-0.05205868019466808,-0.05147981618716424,0,12,46.483375549316406,0.02329366630282026,1,0.02363395864209007,1,positive,0.004097769365710565,0.028182477448486072,0.5755817167327212
2023-12-05,AAPL,191.25511169433597,0.02106319945537205,0.011399337923355013,0.015861469770367398,0.010289902803658713,188.5477508544922,188.41920776367186,186.36151199340821,0.011900889829691823,0.008802343666933611,0.014359019545839624,0.015051034150515452,0.026258639182433985,1,12,190.1674346923828,-0.005687048007853912,0,0.0101307770569195,0,negative,0.0008266525998340736,0.013100627626084278,0.4978983435476636
2023-12-05,MSFT,365.4200439453125,0.00915625470642012,-0.005313733925865538,-0.026600669343509575,-0.013035440384305153,367.6429016113281,369.1859069824219,365.0729125976562,0.00978483815788317,0.010195057759794707,-0.006046241220143633,-0.010200451766672392,0.0009508548448207144,1,12,361.7709045410156,-0.009986150088808432,0,0.00917470132389111,0,negative,0.0007519292080296461,0.012880822956893108,0.38685634675017616
2023-12-05,NVDA,46.483375549316406,0.02329366630282026,-0.004167750869214393,-0.026158098467590207,-0.07615522314914136,46.663964080810544,47.53672561645508,47.93153553009033,0.022292243747657155,0.017478665526374434,-0.0038699783666342746,-0.02215865845783138,-0.030213093838080796,1,12,45.42226409912109,-0.022827762348488156,0,0.02340742116496811,1,positive,0.0003662693838381532,0.026560190183063406,0.5135085073602488
2023-12-06,AAPL,190.1674346923828,-0.005687048007853912,0.015256364021016378,0.015578108361031573,0.008812489355626063,189.13115234375,188.5853286743164,186.89246368408203,0.011951654462978053,0.008910950552588446,0.005479173239262947,0.008389337755953852,0.01752329090078608,2,12,192.09559631347656,0.010139283964222257,1,0.011127153982141712,0,negative,0.0008490441350448672,0.013100627626084278,0.4824694670174335
2023-12-06,MSFT,361.7709045410156,-0.009986150088808432,-0.0009213311161380133,-0.026527905357677017,-0.011445772281709399,365.67119140625,368.7670379638672,365.5143478393555,0.009775964430240704,0.010027155766614233,-0.010666103748110833,-0.01897168863432175,-0.010241576891490745,2,12,363.8800354003906,0.005830017928199371,1,0.0070110100349516325,0,negative,0.0007714293943706056,0.01307872115864285,0.3746634119325883
2023-12-06,NVDA,45.42226409912109,-0.022827762348488156,-6.583832425355318e-05,-0.05469464630123244,-0.08883942167745384,46.13834457397461,47.09385223388672,47.90917701721192,0.022305848266416635,0.01812347841203101,-0.015520289717057656,-0.03549482693545358,-0.05190890499324119,2,12,46.51332092285156,0.02402030910105135,1,0.01760142599225865,1,positive,0.001264694546002954,0.026943536020108037,0.5229543164997625
2023-12-07,AAPL,192.09559631347656,0.010139283964222257,0.004394573361698573,0.02274285231488893,0.015472161297527487,189.98548278808593,188.87801361083984,187.4669921875,0.012350616772605572,0.009360728838392653,0.011106709283384086,0.017035242170992726,0.024690235182026843,3,12,193.51950073242188,0.0074124781945634766,1,0.011012875367482708,0,negative,0.0009183943205537037,0.013832515774515792,0.4912106577669597
2023-12-07,MSFT,363.8800354003906,0.005830017928199371,-0.004214351594660548,-0.021007624051037288,-0.018261056502913986,364.1095336914062,368.09019470214844,365.93054962158203,0.010842111262596585,0.009155521735585922,-0.0006303001426216648,-0.011437846925437922,-0.0056035611765999915,3,12,367.0975036621094,0.008842112643466349,1,0.01305156350346241,0,negative,0.0007940141225750052,0.012912623632254944,0.3739419346333709
2023-12-07,NVDA,46.51332092285156,0.02402030910105135,0.0006442168448672625,-0.003632806802289168,-0.04343332555361823,46.104426574707034,46.882656478881835,47.91047916412354,0.024288206814614112,0.019939177251639486,0.008868873956863199,-0.007877871771123646,-0.02916185071925137,3,12,47.42170715332031,0.019529593080989116,1,0.0161270386782001,0,negative,0.0006833396647366523,0.022136123967935108,0.4725644711287731
2023-12-08,AAPL,193.51950073242188,0.0074124781945634766,0.017626919380078876,0.023373928059179372,0.03021544327187975,190.869482421875,189.44559173583986,188.13641510009765,0.012381654266864462,0.008995504063990821,0.01388392883410039,0.021504374735003662,0.028612672509254367,4,12,191.01780700683597,-0.01292734693980524,0,0.011153206311800555,0,negative,0.0009645261816570365,0.013832515774515792,0.48835816050365444
2023-12-08,MSFT,367.0975036621094,0.008842112643466349,0.014723680246900184,-0.000747629329697963,-0.008478139504366489,364.0546020507812,367.77630310058595,366.63048095703124,0.011194655830837345,0.00976020666688853,0.008358366009348472,-0.0018456856321461546,0.0012738239981002764,4,12,364.2232971191406,-0.007829545323234544,0,0.014091508376318543,0,negative,0.0008410235457354793,0.012564715280453125,0.36388232728418196
2023-12-08,NVDA,47.42170715332031,0.019529593080989116,0.04401900904446365,0.015934508499930056,-0.005564012299623,46.25318450927735,46.85612335205078,47.93843593597412,0.02590000902765017,0.020457573274017243,0.025263614958416225,0.012070648632624748,-0.010779007962294473,4,12,46.54426956176758,-0.01850286807929269,0,0.014962095019930859,0,negative,0.001012201042049399,0.021812508383702984,0.48144351384974776
2023-12-11,AAPL,191.01780700683597,-0.01292734693980524,-0.005610692422546637,0.01979628908985065,0.01786189649091119,191.61109008789063,189.78079833984376,188.47162017822265,0.0134244419263736,0.01028718512062273,-0.003096287802457187,0.0065180918080927075,0.013509656393920766,0,12,192.5306701660156,0.00792001113867613,1,0.009768028228592598,0,negative,0.0007481512978083814,0.014751900880483783,0.484934593751615
2023-12-11,MSFT,364.2232971191406,-0.007829545323234544,0.0009433375985365977,0.005851278515480285,-0.019307487905755205,364.4783569335938,367.0592346191406,366.7471527099609,0.009351517937900164,0.009883600765529115,-0.0006997941293387377,-0.0077261031259506785,-0.006881731929398893,0,12,367.24462890625,0.008295273287038274,1,0.013898994571079544,0,negative,0.0007714293943706056,0.0130435257647594,0.38425689627525045
2023-12-11,NVDA,46.54426956176758,-0.01850286807929269,0.0006653715172766361,0.024634198407485153,-0.03339203134137725,46.47698745727539,46.69533348083496,47.853399658203124,0.023633958642089965,0.02085170354470568,0.0014476434074828237,-0.003235096696105222,-0.027357097004311437,0,12,47.57244110107422,0.02209018530073137,1,0.008306572274687465,0,negative,0.0005700137474226496,0.021915609039715032,0.4685666191198574
2023-12-12,AAPL,192.5306701660156,0.00792001113867613,-0.005109720532885831,0.006669408521317033,0.022636664913331384,191.86620178222657,190.20697631835938,188.96157455444336,0.010130777056919437,0.010464188290002521,0.0034631862079763653,0.012216659412990882,0.01888794385836312,1,12,195.74432373046875,0.016691644825637786,1,0.009497764155814228,0,negative,0.0010654640888628916,0.013037299529367753,0.48399170979298894
2023-12-12,MSFT,367.24462890625,0.008295273287038274,0.0004007797456342388,0.004993116801251807,-0.021740372791281493,364.84327392578126,366.2430877685547,367.16124420166017,0.009174701323891253,0.009551635571222593,0.006581880911849414,0.0027346349218424493,0.00022710649859347676,1,12,367.23480224609375,-2.675780496919078e-05,0,0.01330823631487014,0,negative,0.0008133429674921618,0.012525002925098718,0.3757271131926166
2023-12-12,NVDA,47.57244110107422,0.02209018530073137,0.0031785854369721367,0.023429140824817507,-0.0033418194154792857,46.694800567626956,46.67938232421875,47.80554847717285,0.023407421164968006,0.022178273198201866,0.01879525177918251,0.019131760798645425,-0.004876157339977816,1,12,48.002685546875,0.009043985043497571,1,0.012113485007931968,0,negative,0.0009180163724502043,0.02176622078472436,0.4944485922240925
2023-12-13,AAPL,195.74432373046875,0.016691644825637786,0.02474385397725576,0.029326204284698898,0.04536115943389518,192.98157958984376,191.05636596679688,189.48168716430663,0.011127153982141647,0.010978602588175457,0.014316102845135958,0.02453704036476112,0.03305140808004081,2,12,195.89260864257807,0.0007575438678544266,1,0.006590504919203793,0,negative,0.0008525727311403387,0.013223893067763538,0.48191189135469686
2023-12-13,MSFT,367.23480224609375,-2.675780496919078e-05,0.008268293518764125,0.01510319828514195,-0.011825363287241597,365.93605346679686,365.8036224365234,367.3991226196289,0.00701101003495181,0.009147339323860743,0.003549114024138378,0.003912426563842164,-0.0004472530374147743,2,12,358.95562744140625,-0.02254463562290432,0,0.013611548359065423,0,negative,0.0008166696676956246,0.012306022191389866,0.3630577790066441
2023-12-13,NVDA,48.002685546875,0.009043985043497571,0.03133395364969682,0.05680961746254831,-0.00099221077230649,47.21088485717773,46.67461471557617,47.72750606536865,0.0176014259922585,0.022271428887908628,0.016771570625982113,0.02845381454976703,0.0057656371386649585,2,12,48.26420974731445,0.005448116026426808,1,0.020848570388738705,0,negative,0.000954207098084884,0.02168747817235352,0.482770625458855
2023-12-14,AAPL,195.89260864257807,0.0007575438678544266,0.017461833346674283,0.019766264307825354,0.04295865785268416,193.74098205566403,191.863232421875,189.9810348510742,0.011012875367482647,0.011036189728021065,0.01110568638645515,0.02100129435869791,0.03111665222867077,3,12,195.35867309570312,-0.002725654380605791,0,0.006395727856963554,0,negative,0.0009322528392081756,0.013191875890845313,0.4752267962672441
2023-12-14,MSFT,358.95562744140625,-0.02254463562290432,-0.022570790182910416,-0.013533053423955721,-0.03425638017639998,364.951171875,364.5303527832031,367.21568450927737,0.013051563503462515,0.01134062640712307,-0.016428346846485198,-0.015292897557730445,-0.02249374799692805,3,12,363.6641845703125,0.013117379333117851,1,0.00754398612098447,0,negative,0.0014310770937855744,0.016742199419150994,0.38130485213321863
2023-12-14,NVDA,48.26420974731445,0.005448116026426808,0.014541373749782593,0.03764273953620667,0.033873183933673445,47.56106262207031,46.83274459838867,47.70086822509766,0.016127038678199947,0.019890037765931366,0.01478409199625097,0.030565476381989143,0.011809879844501436,3,12,48.80325698852539,0.011168674345505725,1,0.02237722216796205,0,negative,0.0009640575823564725,0.021714636262515755,0.4887837149073899
2023-12-15,AAPL,195.35867309570312,-0.002725654380605791,-0.001970175315513356,0.009503808951141668,0.0330998783570331,194.1088165283203,192.48914947509766,190.36963500976563,0.011153206311800497,0.011203650506484756,0.006438947955774488,0.014907456490043325,0.026207110633382102,4,12,193.69747924804688,-0.008503302266198665,0,0.006437922425993452,0,negative,0.0009806996677945332,0.013223893067763538,0.48357431767654385
2023-12-15,MSFT,363.6641845703125,0.013117379333117851,-0.009722982827178983,-0.009352608115137273,-0.010093245160699205,364.26450805664064,364.15955505371096,366.9488693237305,0.014091508376318639,0.01203132399272276,-0.001648042763020996,-0.0013603116450573438,-0.008951341802664547,4,12,365.547607421875,0.005179016607829823,1,0.0056501914568646795,0,negative,0.0008112326827106887,0.01482507220770196,0.37256087986391145
2023-12-15,NVDA,48.80325698852539,0.011168674345505725,0.01667763860562821,0.029133279211951413,0.045532012197115224,47.837372589111325,47.045278549194336,47.67163772583008,0.014962095019930696,0.01998128040964404,0.020191000197906428,0.037367797439923134,0.023737788686923222,4,12,49.9881477355957,0.024278927681996798,1,0.021960502779489494,0,negative,0.0010470998417975031,0.02178615246231018,0.4990606287543713
2023-12-18,AAPL,193.69747924804688,-0.008503302266198665,-0.011205779583732922,0.01402838972554532,0.03410238887386807,194.64475097656248,193.12792053222657,190.67616653442383,0.00976802822859253,0.011085297596200685,-0.004866669785663302,0.0029491267458932047,0.015845256219148895,0,12,194.7357177734375,0.005360103442859199,1,0.005933674584251427,0,negative,0.000891137752488629,0.013069852761620171,0.48619335048588164
2023-12-18,MSFT,365.547607421875,0.005179016607829823,0.018364331066365036,0.0036359846094666803,0.009508538283574897,364.5293701171875,364.5038635253906,367.0862014770508,0.013898994571079636,0.011170042886120972,0.0027932929090463965,0.0028634645635565725,-0.004191369898909114,0,12,366.1459655761719,0.0016368816048804025,1,0.005400432357425638,0,negative,0.0008166696676956246,0.014351049038368726,0.375226391510835
2023-12-18,NVDA,49.9881477355957,0.024278927681996798,0.0357187654642408,0.0739914538621742,0.1004483724245584,48.52614822387695,47.50156784057617,47.71073474884033,0.008306572274687148,0.017405730994595334,0.030128076619099664,0.052347322584487044,0.047733764712368565,0,12,49.5159797668457,-0.009445598409596134,0,0.01855438811463138,0,negative,0.0008838731570154849,0.022430085654960522,0.4742553962891041
2023-12-19,AAPL,194.7357177734375,0.005360103442859199,-0.0031887774030920912,0.011452968015540188,0.01819876105933438,195.08576049804685,193.47598114013672,190.9475944519043,0.00949776415581416,0.009271169789312148,-0.0017943017661345984,0.006511075048578396,0.019838549589517473,1,12,192.64935302734372,-0.010713826769679358,0,0.004460198795916865,0,negative,0.000891137752488629,0.012749910021997803,0.48911691162671694
2023-12-19,MSFT,366.1459655761719,0.0016368816048804025,0.0068243756497268215,-0.002991638933836138,0.001986540264791836,364.30963745117185,364.5764556884766,366.88118133544924,0.013308236314870239,0.010807432263068508,0.005040569713850029,0.004305022617907106,-0.0020039614912958914,1,12,363.5562438964844,-0.007072921520826503,0,0.005508745547669556,0,negative,0.0008166696676956246,0.0142189599393556,0.3743434148601466
2023-12-19,NVDA,49.5159797668457,-0.009445598409596134,0.014604000271700945,0.04085429758885328,0.06524061950517912,48.91485595703125,47.8048282623291,47.67077693939209,0.012113485007931763,0.017653359203235925,0.012289186956668141,0.035794533036007437,0.03870721112432407,1,12,48.02563095092773,-0.030098340433442616,0,0.018308845380770537,0,negative,0.0009578251156754914,0.021404447506350587,0.4844524743888155
2023-12-20,AAPL,192.64935302734372,-0.010713826769679358,-0.0054111505465743726,-0.015811292221105,0.013051226877912603,194.46676635742185,193.72417297363282,191.1547508239746,0.006590504919203715,0.009843466437547795,-0.009345624263313979,-0.005548197366342045,0.007818807520747484,2,12,192.50099182128903,-0.0007701100664149196,0,0.003018074404001427,0,negative,0.0008302431115090562,0.012969201693140886,0.47755691744147843
2023-12-20,MSFT,363.5562438964844,-0.007072921520826503,-0.005447617451076359,-0.010016911052848076,0.004934999838458021,363.57392578125,364.75498962402344,366.7610137939453,0.013611548359065523,0.01053668264434335,-4.863353368267376e-05,-0.003286440930594825,-0.008738033152186242,2,12,366.420654296875,0.007878864545663555,1,0.0035841072418243973,0,negative,0.0007978686441598135,0.014352467307472217,0.38310508430035733
2023-12-20,NVDA,48.02563095092773,-0.030098340433442616,-0.03925964200650911,0.0004780025073871652,0.05731477510952643,48.9194450378418,48.06516494750976,47.57950859069824,0.020848570388738594,0.019086117479677773,-0.01827114118368789,-0.0008225082890114255,0.009376354936055487,2,12,48.903076171875,0.018270352800650036,1,0.008242112596035177,0,negative,0.002547138083295538,0.021918863098397464,0.4941594181901488
2023-12-21,AAPL,192.50099182128903,-0.0007701100664149196,-0.011475686010249175,-0.017313653867754186,0.002110384181587044,193.78844299316407,193.76471252441405,191.32136306762695,0.006395727856963476,0.009352314157919886,-0.006643591083088762,-0.00652193418843372,0.006165692815209178,3,12,191.43310546875,-0.005547432989490342,0,0.0034996410478315026,0,negative,0.0008263885899242477,0.012947161003525947,0.47611442513114105
2023-12-21,MSFT,366.420654296875,0.007878864545663555,0.0007502164342323425,0.02079651713131958,0.006982023329993536,365.0669311523437,365.00905151367186,366.5496231079102,0.007543986120984633,0.010669994302528078,0.003708150558195511,0.0038673089813781036,-0.0003518454334823229,3,12,367.4407653808594,0.0027839890356122776,1,0.0019942989165329526,0,negative,0.0010203512104598467,0.012523904611909394,0.36988749605819465
2023-12-21,NVDA,48.903076171875,0.018270352800650036,-0.01237789493122543,0.013236856625340243,0.05137786770777253,49.047218322753906,48.30414047241211,47.59339847564697,0.022377222167961938,0.018553842653237805,-0.0029388445626087334,0.012399262125468491,0.027518053725416936,3,12,48.74335861206055,-0.00326600231145191,0,0.004582866080668305,0,negative,0.0010190364574088817,0.02177365871586853,0.4926146874756104
