date,symbol,close
2020-01-02,AAPL,72.3338623046875
2020-01-03,AAPL,71.63064575195312
2020-01-06,AAPL,72.201416015625
2020-01-07,AAPL,71.86185455322266
2020-01-08,AAPL,73.01785278320312
2020-01-09,AAPL,74.56878662109375
2020-01-10,AAPL,74.73738861083984
2020-01-13,AAPL,76.3340835571289
2020-01-14,AAPL,75.30332946777344
2020-01-15,AAPL,74.9806137084961
2020-01-16,AAPL,75.91985321044922
2020-01-17,AAPL,76.76038360595703
2020-01-21,AAPL,76.24016571044922
2020-01-22,AAPL,76.51231384277344
2020-01-23,AAPL,76.88077545166016
2020-01-24,AAPL,76.6592025756836
2020-01-27,AAPL,74.405029296875
2020-01-28,AAPL,76.5098876953125
2020-01-29,AAPL,78.11141967773438
2020-01-30,AAPL,77.99824523925781
2020-01-31,AAPL,74.53990173339844
2020-02-03,AAPL,74.33518981933594
2020-02-04,AAPL,76.78926849365234
2020-02-05,AAPL,77.41543579101562
2020-02-06,AAPL,78.32096862792969
2020-02-07,AAPL,77.25634765625
2020-02-10,AAPL,77.623291015625
2020-02-11,AAPL,77.15499114990234
2020-02-12,AAPL,78.98723602294922
2020-02-13,AAPL,78.42473602294922
2020-02-14,AAPL,78.4440689086914
2020-02-18,AAPL,77.0077133178711
2020-02-19,AAPL,78.12298583984375
2020-02-20,AAPL,77.321533203125
2020-02-21,AAPL,75.57135772705078
2020-02-24,AAPL,71.98170471191406
2020-02-25,AAPL,69.54352569580078
2020-02-26,AAPL,70.64673614501953
2020-02-27,AAPL,66.02869415283203
2020-02-28,AAPL,65.99003601074219
2020-03-02,AAPL,72.1337890625
2020-03-03,AAPL,69.84285736083984
2020-03-04,AAPL,73.08250427246094
2020-03-05,AAPL,70.71192169189453
2020-03-06,AAPL,69.77283477783203
2020-03-09,AAPL,64.25436401367188
2020-03-10,AAPL,68.88206481933594
2020-03-11,AAPL,66.48977661132812
2020-03-12,AAPL,59.9235954284668
2020-03-13,AAPL,67.1029281616211
2020-03-16,AAPL,58.47034454345703
2020-03-17,AAPL,61.04128646850586
2020-03-18,AAPL,59.54700469970703
2020-03-19,AAPL,59.09075164794922
2020-03-20,AAPL,55.33934020996094
2020-03-23,AAPL,54.163700103759766
2020-03-24,AAPL,59.597694396972656
2020-03-25,AAPL,59.269386291503906
2020-03-26,AAPL,62.3883171081543
2020-03-27,AAPL,59.805301666259766
2020-03-30,AAPL,61.512027740478516
2020-03-31,AAPL,61.386505126953125
2020-04-01,AAPL,58.15652847290039
2020-04-02,AAPL,59.126949310302734
2020-04-03,AAPL,58.2772216796875
2020-04-06,AAPL,63.36117172241211
2020-04-07,AAPL,62.627315521240234
2020-04-08,AAPL,64.230224609375
2020-04-09,AAPL,64.69374084472656
2020-04-13,AAPL,65.96350860595703
2020-04-14,AAPL,69.29487609863281
2020-04-15,AAPL,68.66240692138672
2020-04-16,AAPL,69.20795440673828
2020-04-17,AAPL,68.26891326904297
2020-04-20,AAPL,66.85186004638672
2020-04-21,AAPL,64.78547668457031
2020-04-22,AAPL,66.6514892578125
2020-04-23,AAPL,66.39320373535156
2020-04-24,AAPL,68.30996704101562
2020-04-27,AAPL,68.35823822021484
2020-04-28,AAPL,67.25019073486328
2020-04-29,AAPL,69.45902252197266
2020-04-30,AAPL,70.9243392944336
2020-05-01,AAPL,69.78250885009766
2020-05-04,AAPL,70.76984405517578
2020-05-05,AAPL,71.83202362060547
2020-05-06,AAPL,72.57313537597656
2020-05-07,AAPL,73.32389831542969
2020-05-08,AAPL,75.06913757324219
2020-05-11,AAPL,76.25038146972656
2020-05-12,AAPL,75.37895202636719
2020-05-13,AAPL,74.46881866455078
2020-05-14,AAPL,74.92631530761719
2020-05-15,AAPL,74.48335266113281
2020-05-18,AAPL,76.2382583618164
2020-05-19,AAPL,75.79771423339844
2020-05-20,AAPL,77.27184295654297
2020-05-21,AAPL,76.69575500488281
2020-05-22,AAPL,77.18956756591797
2020-05-26,AAPL,76.66669464111328
2020-05-27,AAPL,77.000732421875
2020-05-28,AAPL,77.03463745117188
2020-05-29,AAPL,76.9595947265625
2020-06-01,AAPL,77.90605163574219
2020-06-02,AAPL,78.2667007446289
2020-06-03,AAPL,78.69757080078125
2020-06-04,AAPL,78.01980590820312
2020-06-05,AAPL,80.24188232421875
2020-06-08,AAPL,80.71630096435547
2020-06-09,AAPL,83.26519012451172
2020-06-10,AAPL,85.40738677978516
2020-06-11,AAPL,81.30693817138672
2020-06-12,AAPL,82.0088882446289
2020-06-15,AAPL,83.02310943603516
2020-06-16,AAPL,85.22343444824219
2020-06-17,AAPL,85.10481262207031
2020-06-18,AAPL,85.13871765136719
2020-06-19,AAPL,84.65216827392578
2020-06-22,AAPL,86.86698913574219
2020-06-23,AAPL,88.72111511230469
2020-06-24,AAPL,87.1550521850586
2020-06-25,AAPL,88.31204223632812
2020-06-26,AAPL,85.59859466552734
2020-06-29,AAPL,87.57136535644531
2020-06-30,AAPL,88.3023681640625
2020-07-01,AAPL,88.13536071777344
2020-07-02,AAPL,88.13536071777344
2020-07-06,AAPL,90.49301147460938
2020-07-07,AAPL,90.21220397949219
2020-07-08,AAPL,92.31326293945312
2020-07-09,AAPL,92.71026611328125
2020-07-10,AAPL,92.8724136352539
2020-07-13,AAPL,92.4439926147461
2020-07-14,AAPL,93.97379302978516
2020-07-15,AAPL,94.62007904052734
2020-07-16,AAPL,93.45579528808594
2020-07-17,AAPL,93.26697540283203
2020-07-20,AAPL,95.23247528076172
2020-07-21,AAPL,93.91810607910156
2020-07-22,AAPL,94.18194580078125
2020-07-23,AAPL,89.89512634277344
2020-07-24,AAPL,89.67243194580078
2020-07-27,AAPL,91.79768371582031
2020-07-28,AAPL,90.28965759277344
2020-07-29,AAPL,92.02037811279297
2020-07-30,AAPL,93.13385009765625
2020-07-31,AAPL,102.88388061523438
2020-08-03,AAPL,105.47632598876953
2020-08-04,AAPL,106.18070983886719
2020-08-05,AAPL,106.5655746459961
2020-08-06,AAPL,110.28357696533203
2020-08-07,AAPL,107.77620697021484
2020-08-10,AAPL,109.34269714355469
2020-08-11,AAPL,106.09087371826172
2020-08-12,AAPL,109.61670684814453
2020-08-13,AAPL,111.55667114257812
2020-08-14,AAPL,111.4572525024414
2020-08-17,AAPL,111.16625213623047
2020-08-18,AAPL,112.09258270263672
2020-08-19,AAPL,112.23323822021484
2020-08-20,AAPL,114.7236328125
2020-08-21,AAPL,120.63561248779297
2020-08-24,AAPL,122.07843780517578
2020-08-25,AAPL,121.07695770263672
2020-08-26,AAPL,122.72349548339844
2020-08-27,AAPL,121.25640869140625
2020-08-28,AAPL,121.05998992919922
2020-08-31,AAPL,125.1654052734375
2020-09-01,AAPL,130.1510467529297
2020-09-02,AAPL,127.45449829101562
2020-09-03,AAPL,117.25042724609375
2020-09-04,AAPL,117.32801818847656
2020-09-08,AAPL,109.43241119384766
2020-09-09,AAPL,113.79730224609375
2020-09-10,AAPL,110.08231353759766
2020-09-11,AAPL,108.63705444335938
2020-09-14,AAPL,111.89614868164062
2020-09-15,AAPL,112.07075500488281
2020-09-16,AAPL,108.76313781738281
2020-09-17,AAPL,107.02687072753906
2020-09-18,AAPL,103.63197326660156
2020-09-21,AAPL,106.77469635009766
2020-09-22,AAPL,108.4527587890625
2020-09-23,AAPL,103.903564453125
2020-09-24,AAPL,104.97053527832031
2020-09-25,AAPL,108.90863037109375
2020-09-28,AAPL,111.50818634033203
2020-09-29,AAPL,110.66429138183594
2020-09-30,AAPL,112.3326416015625
2020-10-01,AAPL,113.2832260131836
2020-10-02,AAPL,109.62642669677734
2020-10-05,AAPL,113.00191497802734
2020-10-06,AAPL,109.76220703125
2020-10-07,AAPL,111.62455749511719
2020-10-08,AAPL,111.51786804199219
2020-10-09,AAPL,113.45781707763672
2020-10-12,AAPL,120.66473388671875
2020-10-13,AAPL,117.46381378173828
2020-10-14,AAPL,117.55111694335938
2020-10-15,AAPL,117.08551025390625
2020-10-16,AAPL,115.4462661743164
2020-10-19,AAPL,112.49756622314453
2020-10-20,AAPL,113.9815902709961
2020-10-21,AAPL,113.3608169555664
2020-10-22,AAPL,112.27445220947266
2020-10-23,AAPL,111.58577728271484
2020-10-26,AAPL,111.59547424316406
2020-10-27,AAPL,113.09894561767578
2020-10-28,AAPL,107.86106872558594
2020-10-29,AAPL,111.85735321044922
2020-10-30,AAPL,105.59134674072266
2020-11-02,AAPL,105.5040283203125
2020-11-03,AAPL,107.1239013671875
2020-11-04,AAPL,111.49847412109375
2020-11-05,AAPL,115.45596313476562
2020-11-06,AAPL,115.32479858398438
2020-11-09,AAPL,113.02200317382812
2020-11-10,AAPL,112.68191528320312
2020-11-11,AAPL,116.10210418701172
2020-11-12,AAPL,115.83002471923828
2020-11-13,AAPL,115.87862396240234
2020-11-16,AAPL,116.88915252685547
2020-11-17,AAPL,116.00494384765625
2020-11-18,AAPL,114.68348693847656
2020-11-19,AAPL,115.27621459960938
2020-11-20,AAPL,114.01306915283203
2020-11-23,AAPL,110.62200927734375
2020-11-24,AAPL,111.90458679199219
2020-11-25,AAPL,112.7402114868164
2020-11-27,AAPL,113.2843246459961
2020-11-30,AAPL,115.6745834350586
2020-12-01,AAPL,119.24053192138672
2020-12-02,AAPL,119.59032440185547
2020-12-03,AAPL,119.45429992675781
2020-12-04,AAPL,118.78384399414062
2020-12-07,AAPL,120.2413330078125
2020-12-08,AAPL,120.85346221923828
2020-12-09,AAPL,118.3271713256836
2020-12-10,AAPL,119.74579620361328
2020-12-11,AAPL,118.9393081665039
2020-12-14,AAPL,118.3271713256836
2020-12-15,AAPL,124.25422668457031
2020-12-16,AAPL,124.18620300292969
2020-12-17,AAPL,125.05097961425781
2020-12-18,AAPL,123.06883239746094
2020-12-21,AAPL,124.59432220458984
2020-12-22,AAPL,128.1407928466797
2020-12-23,AAPL,127.24688720703125
2020-12-24,AAPL,128.228271484375
2020-12-28,AAPL,132.81442260742188
2020-12-29,AAPL,131.04603576660156
2020-12-30,AAPL,129.9286346435547
2020-12-31,AAPL,128.92784118652344
2021-01-04,AAPL,125.74085998535156
2021-01-05,AAPL,127.29551696777344
2021-01-06,AAPL,123.0105209350586
2021-01-07,AAPL,127.2080307006836
2021-01-08,AAPL,128.3059844970703
2021-01-11,AAPL,125.32305145263672
2021-01-12,AAPL,125.14814758300781
2021-01-13,AAPL,127.17886352539062
2021-01-14,AAPL,125.2550277709961
2021-01-15,AAPL,123.53520965576172
2021-01-19,AAPL,124.20564270019531
2021-01-20,AAPL,128.28656005859375
2021-01-21,AAPL,132.9893341064453
2021-01-22,AAPL,135.12698364257812
2021-01-25,AAPL,138.86781311035156
2021-01-26,AAPL,139.1009979248047
2021-01-27,AAPL,138.0321807861328
2021-01-28,AAPL,133.20306396484375
2021-01-29,AAPL,128.21856689453125
2021-02-01,AAPL,130.3367462158203
2021-02-02,AAPL,131.16265869140625
2021-02-03,AAPL,130.14244079589844
2021-02-04,AAPL,133.49456787109375
2021-02-05,AAPL,133.0810089111328
2021-02-08,AAPL,133.22698974609375
2021-02-09,AAPL,132.35116577148438
2021-02-10,AAPL,131.74786376953125
2021-02-11,AAPL,131.49488830566406
2021-02-12,AAPL,131.72842407226562
2021-02-16,AAPL,129.6070556640625
2021-02-17,AAPL,127.32025909423828
2021-02-18,AAPL,126.22068786621094
2021-02-19,AAPL,126.37637329101562
2021-02-22,AAPL,122.6104965209961
2021-02-23,AAPL,122.4742431640625
2021-02-24,AAPL,121.97796630859375
2021-02-25,AAPL,117.73526000976562
2021-02-26,AAPL,117.99799346923828
2021-03-01,AAPL,124.35233306884766
2021-03-02,AAPL,121.754150390625
2021-03-03,AAPL,118.77648162841797
2021-03-04,AAPL,116.89839172363281
2021-03-05,AAPL,118.1536865234375
2021-03-08,AAPL,113.22980499267578
2021-03-09,AAPL,117.83256530761719
2021-03-10,AAPL,116.7524185180664
2021-03-11,AAPL,118.67916107177734
2021-03-12,AAPL,117.774169921875
2021-03-15,AAPL,120.654541015625
2021-03-16,AAPL,122.19205474853516
2021-03-17,AAPL,121.40384674072266
2021-03-18,AAPL,117.2876205444336
2021-03-19,AAPL,116.76215362548828
2021-03-22,AAPL,120.0706787109375
2021-03-23,AAPL,119.24356842041016
2021-03-24,AAPL,116.85945129394531
2021-03-25,AAPL,117.34601593017578
2021-03-26,AAPL,117.9493179321289
2021-03-29,AAPL,118.1244888305664
2021-03-30,AAPL,116.67459106445312
2021-03-31,AAPL,118.86405181884766
2021-04-01,AAPL,119.6911849975586
2021-04-05,AAPL,122.5131607055664
2021-04-06,AAPL,122.81480407714844
2021-04-07,AAPL,124.45938110351562
2021-04-08,AAPL,126.85319519042969
2021-04-09,AAPL,129.42218017578125
2021-04-12,AAPL,127.70951080322266
2021-04-13,AAPL,130.81369018554688
2021-04-14,AAPL,128.478271484375
2021-04-15,AAPL,130.88180541992188
2021-04-16,AAPL,130.5509796142578
2021-04-19,AAPL,131.21266174316406
2021-04-20,AAPL,129.52923583984375
2021-04-21,AAPL,129.90872192382812
2021-04-22,AAPL,128.39068603515625
2021-04-23,AAPL,130.7066650390625
2021-04-26,AAPL,131.09591674804688
2021-04-27,AAPL,130.7747802734375
2021-04-28,AAPL,129.98655700683594
2021-04-29,AAPL,129.88926696777344
2021-04-30,AAPL,127.92359924316406
2021-05-03,AAPL,128.97451782226562
2021-05-04,AAPL,124.41072082519531
2021-05-05,AAPL,124.65400695800781
2021-05-06,AAPL,126.24988555908203
2021-05-07,AAPL,126.92247772216797
2021-05-10,AAPL,123.64726257324219
2021-05-11,AAPL,122.73102569580078
2021-05-12,AAPL,119.67030334472656
2021-05-13,AAPL,121.81474304199219
2021-05-14,AAPL,124.23212432861328
2021-05-17,AAPL,123.08191680908203
2021-05-18,AAPL,121.69776153564453
2021-05-19,AAPL,121.54178619384766
2021-05-20,AAPL,124.09567260742188
2021-05-21,AAPL,122.26312255859375
2021-05-24,AAPL,123.89096069335938
2021-05-25,AAPL,123.69602966308594
2021-05-26,AAPL,123.64726257324219
2021-05-27,AAPL,122.11691284179688
2021-05-28,AAPL,121.46385192871094
2021-06-01,AAPL,121.14214324951172
2021-06-02,AAPL,121.90245819091797
2021-06-03,AAPL,120.42085266113281
2021-06-04,AAPL,122.7115249633789
2021-06-07,AAPL,122.72127532958984
2021-06-08,AAPL,123.54007720947266
2021-06-09,AAPL,123.92022705078125
2021-06-10,AAPL,122.92595672607422
2021-06-11,AAPL,124.13463592529297
2021-06-14,AAPL,127.1856460571289
2021-06-15,AAPL,126.3668441772461
2021-06-16,AAPL,126.86397552490234
2021-06-17,AAPL,128.4625701904297
2021-06-18,AAPL,127.16612243652344
2021-06-21,AAPL,128.95970153808594
2021-06-22,AAPL,130.59725952148438
2021-06-23,AAPL,130.32431030273438
2021-06-24,AAPL,130.0416259765625
2021-06-25,AAPL,129.74925231933594
2021-06-28,AAPL,131.37705993652344
2021-06-29,AAPL,132.88792419433594
2021-06-30,AAPL,133.50205993652344
2021-07-01,AAPL,133.80418395996094
2021-07-02,AAPL,136.42626953125
2021-07-06,AAPL,138.43426513671875
2021-07-07,AAPL,140.9198760986328
2021-07-08,AAPL,139.6234893798828
2021-07-09,AAPL,141.44627380371094
2021-07-12,AAPL,140.85165405273438
2021-07-13,AAPL,141.9628448486328
2021-07-14,AAPL,145.38421630859375
2021-07-15,AAPL,144.7311553955078
2021-07-16,AAPL,142.69390869140625
2021-07-19,AAPL,138.85340881347656
2021-07-20,AAPL,142.45999145507812
2021-07-21,AAPL,141.7289276123047
2021-07-22,AAPL,143.09361267089844
2021-07-23,AAPL,144.8091583251953
2021-07-26,AAPL,145.22825622558594
2021-07-27,AAPL,143.0643768310547
2021-07-28,AAPL,141.31954956054688
2021-07-29,AAPL,141.9628448486328
2021-07-30,AAPL,142.1772918701172
2021-08-02,AAPL,141.8459014892578
2021-08-03,AAPL,143.6394500732422
2021-08-04,AAPL,143.23977661132812
2021-08-05,AAPL,143.34701538085938
2021-08-06,AAPL,142.66368103027344
2021-08-09,AAPL,142.61485290527344
2021-08-10,AAPL,142.13653564453125
2021-08-11,AAPL,142.3903045654297
2021-08-12,AAPL,145.34828186035156
2021-08-13,AAPL,145.55325317382812
2021-08-16,AAPL,147.52525329589844
2021-08-17,AAPL,146.61732482910156
2021-08-18,AAPL,142.87841796875
2021-08-19,AAPL,143.2103729248047
2021-08-20,AAPL,144.66490173339844
2021-08-23,AAPL,146.1487579345703
2021-08-24,AAPL,146.0609130859375
2021-08-25,AAPL,144.83084106445312
2021-08-26,AAPL,144.0303497314453
2021-08-27,AAPL,145.06515502929688
2021-08-30,AAPL,149.4776153564453
2021-08-31,AAPL,148.2183074951172
2021-09-01,AAPL,148.88214111328125
2021-09-02,AAPL,149.99502563476562
2021-09-03,AAPL,150.6295623779297
2021-09-07,AAPL,152.9626922607422
2021-09-08,AAPL,151.42027282714844
2021-09-09,AAPL,150.40504455566406
2021-09-10,AAPL,145.42636108398438
2021-09-13,AAPL,145.99253845214844
2021-09-14,AAPL,144.59654235839844
2021-09-15,AAPL,145.48492431640625
2021-09-16,AAPL,145.2506103515625
2021-09-17,AAPL,142.5855712890625
2021-09-20,AAPL,139.5398406982422
2021-09-21,AAPL,140.01815795898438
2021-09-22,AAPL,142.38055419921875
2021-09-23,AAPL,143.33721923828125
2021-09-24,AAPL,143.42514038085938
2021-09-27,AAPL,141.9119415283203
2021-09-28,AAPL,138.5343017578125
2021-09-29,AAPL,139.43240356445312
2021-09-30,AAPL,138.134033203125
2021-10-01,AAPL,139.2566680908203
2021-10-04,AAPL,135.8302001953125
2021-10-05,AAPL,137.7533416748047
2021-10-06,AAPL,138.62216186523438
2021-10-07,AAPL,139.8814697265625
2021-10-08,AAPL,139.500732421875
2021-10-11,AAPL,139.41290283203125
2021-10-12,AAPL,138.14376831054688
2021-10-13,AAPL,137.55810546875
2021-10-14,AAPL,140.3402862548828
2021-10-15,AAPL,141.39459228515625
2021-10-18,AAPL,143.0639190673828
2021-10-19,AAPL,145.22132873535156
2021-10-20,AAPL,145.7094268798828
2021-10-21,AAPL,145.92417907714844
2021-10-22,AAPL,145.1529998779297
2021-10-25,AAPL,145.1042022705078
2021-10-26,AAPL,145.7680206298828
2021-10-27,AAPL,145.3092041015625
2021-10-28,AAPL,148.94076538085938
2021-10-29,AAPL,146.23658752441406
2021-11-01,AAPL,145.4165802001953
2021-11-02,AAPL,146.45138549804688
2021-11-03,AAPL,147.88641357421875
2021-11-04,AAPL,147.36903381347656
2021-11-05,AAPL,147.89697265625
2021-11-08,AAPL,147.07574462890625
2021-11-09,AAPL,147.43746948242188
2021-11-10,AAPL,144.61204528808594
2021-11-11,AAPL,144.56320190429688
2021-11-12,AAPL,146.63577270507812
2021-11-15,AAPL,146.64553833007812
2021-11-16,AAPL,147.62319946289062
2021-11-17,AAPL,150.05751037597656
2021-11-18,AAPL,154.33956909179688
2021-11-19,AAPL,156.9596405029297
2021-11-22,AAPL,157.41912841796875
2021-11-23,AAPL,157.8004150390625
2021-11-24,AAPL,158.31854248046875
2021-11-26,AAPL,153.30325317382812
2021-11-29,AAPL,156.6565399169922
2021-11-30,AAPL,161.6033935546875
2021-12-01,AAPL,161.0852508544922
2021-12-02,AAPL,160.09783935546875
2021-12-03,AAPL,158.2207489013672
2021-12-06,AAPL,161.6229705810547
2021-12-07,AAPL,167.35189819335938
2021-12-08,AAPL,171.1647186279297
2021-12-09,AAPL,170.65634155273438
2021-12-10,AAPL,175.43695068359375
2021-12-13,AAPL,171.80995178222656
2021-12-14,AAPL,170.4314727783203
2021-12-15,AAPL,175.29029846191406
2021-12-16,AAPL,168.40773010253906
2021-12-17,AAPL,167.3128204345703
2021-12-20,AAPL,165.95388793945312
2021-12-21,AAPL,169.1214599609375
2021-12-22,AAPL,171.71214294433594
2021-12-23,AAPL,172.33787536621094
2021-12-27,AAPL,176.29730224609375
2021-12-28,AAPL,175.28053283691406
2021-12-29,AAPL,175.36856079101562
2021-12-30,AAPL,174.2149200439453
2021-12-31,AAPL,173.59901428222656
2022-01-03,AAPL,177.93972778320312
2022-01-04,AAPL,175.681396484375
2022-01-05,AAPL,171.00827026367188
2022-01-06,AAPL,168.15359497070312
2022-01-07,AAPL,168.31979370117188
2022-01-10,AAPL,168.3393096923828
2022-01-11,AAPL,171.1647186279297
2022-01-12,AAPL,171.60462951660156
2022-01-13,AAPL,168.3393096923828
2022-01-14,AAPL,169.1996612548828
2022-01-18,AAPL,166.0028076171875
2022-01-19,AAPL,162.5126190185547
2022-01-20,AAPL,160.83103942871094
2022-01-21,AAPL,158.77801513671875
2022-01-24,AAPL,158.0056915283203
2022-01-25,AAPL,156.2068328857422
2022-01-26,AAPL,156.11886596679688
2022-01-27,AAPL,155.65936279296875
2022-01-28,AAPL,166.5209197998047
2022-01-31,AAPL,170.87144470214844
2022-02-01,AAPL,170.7052001953125
2022-02-02,AAPL,171.90773010253906
2022-02-03,AAPL,169.03346252441406
2022-02-04,AAPL,168.7495574951172
2022-02-07,AAPL,168.03497314453125
2022-02-08,AAPL,171.13809204101562
2022-02-09,AAPL,172.5574493408203
2022-02-10,AAPL,168.4852752685547
2022-02-11,AAPL,165.07875061035156
2022-02-14,AAPL,165.31370544433594
2022-02-15,AAPL,169.14112854003906
2022-02-16,AAPL,168.90615844726562
2022-02-17,AAPL,165.31370544433594
2022-02-18,AAPL,163.76707458496094
2022-02-22,AAPL,160.8500213623047
2022-02-23,AAPL,156.68975830078125
2022-02-24,AAPL,159.3033905029297
2022-02-25,AAPL,161.36883544921875
2022-02-28,AAPL,161.6331329345703
2022-03-01,AAPL,159.753662109375
2022-03-02,AAPL,163.04269409179688
2022-03-03,AAPL,162.7196807861328
2022-03-04,AAPL,159.7242889404297
2022-03-07,AAPL,155.9359893798828
2022-03-08,AAPL,154.1152801513672
2022-03-09,AAPL,159.50892639160156
2022-03-10,AAPL,155.1724853515625
2022-03-11,AAPL,151.4625244140625
2022-03-14,AAPL,147.43930053710938
2022-03-15,AAPL,151.81491088867188
2022-03-16,AAPL,156.2198944091797
2022-03-17,AAPL,157.22811889648438
2022-03-18,AAPL,160.5171661376953
2022-03-21,AAPL,161.88758850097656
2022-03-22,AAPL,165.2549591064453
2022-03-23,AAPL,166.61563110351562
2022-03-24,AAPL,170.39413452148438
2022-03-25,AAPL,171.03036499023438
2022-03-28,AAPL,171.89178466796875
2022-03-29,AAPL,175.18084716796875
2022-03-30,AAPL,174.0159454345703
2022-03-31,AAPL,170.9226837158203
2022-04-01,AAPL,170.62904357910156
2022-04-04,AAPL,174.67181396484375
2022-04-05,AAPL,171.36322021484375
2022-04-06,AAPL,168.20140075683594
2022-04-07,AAPL,168.50485229492188
2022-04-08,AAPL,166.4981231689453
2022-04-11,AAPL,162.2498016357422
2022-04-12,AAPL,164.11944580078125
2022-04-13,AAPL,166.80157470703125
2022-04-14,AAPL,161.7995147705078
2022-04-18,AAPL,161.58413696289062
2022-04-19,AAPL,163.86495971679688
2022-04-20,AAPL,163.69851684570312
2022-04-21,AAPL,162.90567016601562
2022-04-22,AAPL,158.3734130859375
2022-04-25,AAPL,159.44039916992188
2022-04-26,AAPL,153.48878479003906
2022-04-27,AAPL,153.263671875
2022-04-28,AAPL,160.18435668945312
2022-04-29,AAPL,154.32086181640625
2022-05-02,AAPL,154.6243133544922
2022-05-03,AAPL,156.11219787597656
2022-05-04,AAPL,162.51409912109375
2022-05-05,AAPL,153.4594268798828
2022-05-06,AAPL,154.1848907470703
2022-05-09,AAPL,149.06759643554688
2022-05-10,AAPL,151.46937561035156
2022-05-11,AAPL,143.61700439453125
2022-05-12,AAPL,139.7545623779297
2022-05-13,AAPL,144.2150421142578
2022-05-16,AAPL,142.67591857910156
2022-05-17,AAPL,146.3031005859375
2022-05-18,AAPL,138.04879760742188
2022-05-19,AAPL,134.64706420898438
2022-05-20,AAPL,134.88233947753906
2022-05-23,AAPL,140.2937469482422
2022-05-24,AAPL,137.59783935546875
2022-05-25,AAPL,137.75469970703125
2022-05-26,AAPL,140.9505615234375
2022-05-27,AAPL,146.69522094726562
2022-05-31,AAPL,145.91094970703125
2022-06-01,AAPL,145.7835235595703
2022-06-02,AAPL,148.23435974121094
2022-06-03,AAPL,142.51902770996094
2022-06-06,AAPL,143.2640838623047
2022-06-07,AAPL,145.7835235595703
2022-06-08,AAPL,145.0482635498047
2022-06-09,AAPL,139.83299255371094
2022-06-10,AAPL,134.43142700195312
2022-06-13,AAPL,129.28472900390625
2022-06-14,AAPL,130.14736938476562
2022-06-15,AAPL,132.7648162841797
2022-06-16,AAPL,127.50053405761719
2022-06-17,AAPL,128.97100830078125
2022-06-21,AAPL,133.1962127685547
2022-06-22,AAPL,132.68641662597656
2022-06-23,AAPL,135.5489959716797
2022-06-24,AAPL,138.8722686767578
2022-06-27,AAPL,138.8722686767578
2022-06-28,AAPL,134.73529052734375
2022-06-29,AAPL,136.49005126953125
2022-06-30,AAPL,134.02944946289062
2022-07-01,AAPL,136.19595336914062
2022-07-05,AAPL,138.77423095703125
2022-07-06,AAPL,140.10745239257812
2022-07-07,AAPL,143.469970703125
2022-07-08,AAPL,144.14639282226562
2022-07-11,AAPL,142.01904296875
2022-07-12,AAPL,142.98960876464844
2022-07-13,AAPL,142.6268768310547
2022-07-14,AAPL,145.54823303222656
2022-07-15,AAPL,147.21478271484375
2022-07-18,AAPL,144.17579650878906
2022-07-19,AAPL,148.02847290039062
2022-07-20,AAPL,150.0283203125
2022-07-21,AAPL,152.2928466796875
2022-07-22,AAPL,151.05764770507812
2022-07-25,AAPL,149.9400634765625
2022-07-26,AAPL,148.61666870117188
2022-07-27,AAPL,153.7045440673828
2022-07-28,AAPL,154.25350952148438
2022-07-29,AAPL,159.31192016601562
2022-08-01,AAPL,158.3316192626953
2022-08-02,AAPL,156.86114501953125
2022-08-03,AAPL,162.86070251464844
2022-08-04,AAPL,162.54701232910156
2022-08-05,AAPL,162.3212432861328
2022-08-08,AAPL,161.84999084472656
2022-08-09,AAPL,161.8990936279297
2022-08-10,AAPL,166.13995361328125
2022-08-11,AAPL,165.40371704101562
2022-08-12,AAPL,168.9475860595703
2022-08-15,AAPL,170.0176239013672
2022-08-16,AAPL,169.86053466796875
2022-08-17,AAPL,171.35272216796875
2022-08-18,AAPL,170.96002197265625
2022-08-19,AAPL,168.37815856933594
2022-08-22,AAPL,164.50057983398438
2022-08-23,AAPL,164.16677856445312
2022-08-24,AAPL,164.46128845214844
2022-08-25,AAPL,166.91549682617188
2022-08-26,AAPL,160.6229248046875
2022-08-29,AAPL,158.42391967773438
2022-08-30,AAPL,155.9991912841797
2022-08-31,AAPL,154.3401336669922
2022-09-01,AAPL,155.06655883789062
2022-09-02,AAPL,152.95594787597656
2022-09-06,AAPL,151.6994171142578
2022-09-07,AAPL,153.1032257080078
2022-09-08,AAPL,151.63070678710938
2022-09-09,AAPL,154.48736572265625
2022-09-12,AAPL,160.43638610839844
2022-09-13,AAPL,151.02206420898438
2022-09-14,AAPL,152.46510314941406
2022-09-15,AAPL,149.5789794921875
2022-09-16,AAPL,147.93955993652344
2022-09-19,AAPL,151.65032958984375
2022-09-20,AAPL,154.02597045898438
2022-09-21,AAPL,150.90423583984375
2022-09-22,AAPL,149.94219970703125
2022-09-23,AAPL,147.67453002929688
2022-09-26,AAPL,148.00828552246094
2022-09-27,AAPL,148.98016357421875
2022-09-28,AAPL,147.09532165527344
2022-09-29,AAPL,139.87013244628906
2022-09-30,AAPL,135.6685333251953
2022-10-03,AAPL,139.84071350097656
2022-10-04,AAPL,143.42385864257812
2022-10-05,AAPL,143.71832275390625
2022-10-06,AAPL,142.76608276367188
2022-10-07,AAPL,137.5238800048828
2022-10-10,AAPL,137.84786987304688
2022-10-11,AAPL,136.4342498779297
2022-10-12,AAPL,135.80593872070312
2022-10-13,AAPL,140.37078857421875
2022-10-14,AAPL,135.84523010253906
2022-10-17,AAPL,139.80142211914062
2022-10-18,AAPL,141.11688232421875
2022-10-19,AAPL,141.224853515625
2022-10-20,AAPL,140.76348876953125
2022-10-21,AAPL,144.57240295410156
2022-10-24,AAPL,146.7124481201172
2022-10-25,AAPL,149.54949951171875
2022-10-26,AAPL,146.61427307128906
2022-10-27,AAPL,142.14761352539062
2022-10-28,AAPL,152.88722229003906
2022-10-31,AAPL,150.53123474121094
2022-11-01,AAPL,147.89047241210938
2022-11-02,AAPL,142.37342834472656
2022-11-03,AAPL,136.33609008789062
2022-11-04,AAPL,136.07057189941406
2022-11-07,AAPL,136.60154724121094
2022-11-08,AAPL,137.17189025878906
2022-11-09,AAPL,132.6191864013672
2022-11-10,AAPL,144.4188690185547
2022-11-11,AAPL,147.20164489746094
2022-11-14,AAPL,145.80532836914062
2022-11-15,AAPL,147.5359649658203
2022-11-16,AAPL,146.30685424804688
2022-11-17,AAPL,148.2046356201172
2022-11-18,AAPL,148.76515197753906
2022-11-21,AAPL,145.53985595703125
2022-11-22,AAPL,147.6736297607422
2022-11-23,AAPL,148.54881286621094
2022-11-25,AAPL,145.63821411132812
2022-11-28,AAPL,141.81309509277344
2022-11-29,AAPL,138.8140411376953
2022-11-30,AAPL,145.55953979492188
2022-12-01,AAPL,145.83486938476562
2022-12-02,AAPL,145.34320068359375
2022-12-05,AAPL,144.1829071044922
2022-12-06,AAPL,140.52496337890625
2022-12-07,AAPL,138.58790588378906
2022-12-08,AAPL,140.26934814453125
2022-12-09,AAPL,139.7875213623047
2022-12-12,AAPL,142.07861328125
2022-12-13,AAPL,143.04226684570312
2022-12-14,AAPL,140.8200225830078
2022-12-15,AAPL,134.2219696044922
2022-12-16,AAPL,132.26516723632812
2022-12-19,AAPL,130.160888671875
2022-12-20,AAPL,130.09210205078125
2022-12-21,AAPL,133.189453125
2022-12-22,AAPL,130.0232391357422
2022-12-23,AAPL,129.65939331054688
2022-12-27,AAPL,127.85993194580078
2022-12-28,AAPL,123.9365234375
2022-12-29,AAPL,127.44696044921875
2022-12-30,AAPL,127.7615966796875
2023-01-03,AAPL,122.98272705078125
2023-01-04,AAPL,124.2511978149414
2023-01-05,AAPL,122.93354034423828
2023-01-06,AAPL,127.45679473876953
2023-01-09,AAPL,127.9779281616211
2023-01-10,AAPL,128.54824829101562
2023-01-11,AAPL,131.26219177246094
2023-01-12,AAPL,131.1835479736328
2023-01-13,AAPL,132.510986328125
2023-01-17,AAPL,133.6713104248047
2023-01-18,AAPL,132.9534912109375
2023-01-19,AAPL,133.0124969482422
2023-01-20,AAPL,135.56907653808594
2023-01-23,AAPL,138.75502014160156
2023-01-24,AAPL,140.15133666992188
2023-01-25,AAPL,139.4925079345703
2023-01-26,AAPL,141.5574493408203
2023-01-27,AAPL,143.4945831298828
2023-01-30,AAPL,140.61349487304688
2023-01-31,AAPL,141.88194274902344
2023-02-01,AAPL,143.00291442871094
2023-02-02,AAPL,148.30299377441406
2023-02-03,AAPL,151.92156982421875
2023-02-06,AAPL,149.19778442382812
2023-02-07,AAPL,152.06906127929688
2023-02-08,AAPL,149.38462829589844
2023-02-09,AAPL,148.35214233398438
2023-02-10,AAPL,148.71652221679688
2023-02-13,AAPL,151.51339721679688
2023-02-14,AAPL,150.87327575683594
2023-02-15,AAPL,152.97091674804688
2023-02-16,AAPL,151.3755340576172
2023-02-17,AAPL,150.23312377929688
2023-02-21,AAPL,146.22494506835938
2023-02-22,AAPL,146.64842224121094
2023-02-23,AAPL,147.13095092773438
2023-02-24,AAPL,144.48182678222656
2023-02-27,AAPL,145.6734619140625
2023-02-28,AAPL,145.17120361328125
2023-03-01,AAPL,143.10308837890625
2023-03-02,AAPL,143.69398498535156
2023-03-03,AAPL,148.7362060546875
2023-03-06,AAPL,151.4937286376953
2023-03-07,AAPL,149.29757690429688
2023-03-08,AAPL,150.54827880859375
2023-03-09,AAPL,148.3029022216797
2023-03-10,AAPL,146.24465942382812
2023-03-13,AAPL,148.18470764160156
2023-03-14,AAPL,150.27252197265625
2023-03-15,AAPL,150.66648864746094
2023-03-16,AAPL,153.4830322265625
2023-03-17,AAPL,152.6459503173828
2023-03-20,AAPL,155.00946044921875
2023-03-21,AAPL,156.8609161376953
2023-03-22,AAPL,155.43295288085938
2023-03-23,AAPL,156.5162353515625
2023-03-24,AAPL,157.8162078857422
2023-03-27,AAPL,155.8760986328125
2023-03-28,AAPL,155.2556610107422
2023-03-29,AAPL,158.3283233642578
2023-03-30,AAPL,159.8941650390625
2023-03-31,AAPL,162.39556884765625
2023-04-03,AAPL,163.64625549316406
2023-04-04,AAPL,163.114501953125
2023-04-05,AAPL,161.2728729248047
2023-04-06,AAPL,162.15919494628906
2023-04-10,AAPL,159.5691680908203
2023-04-11,AAPL,158.35781860351562
2023-04-12,AAPL,157.66847229003906
2023-04-13,AAPL,163.04554748535156
2023-04-14,AAPL,162.70086669921875
2023-04-17,AAPL,162.72056579589844
2023-04-18,AAPL,163.94175720214844
2023-04-19,AAPL,165.08412170410156
2023-04-20,AAPL,164.11898803710938
2023-04-21,AAPL,162.51373291015625
2023-04-24,AAPL,162.8190460205078
2023-04-25,AAPL,161.28274536132812
2023-04-26,AAPL,161.2728729248047
2023-04-27,AAPL,165.85231018066406
2023-04-28,AAPL,167.10296630859375
2023-05-01,AAPL,167.01434326171875
2023-05-02,AAPL,165.98028564453125
2023-05-03,AAPL,164.90682983398438
2023-05-04,AAPL,163.27206420898438
2023-05-05,AAPL,170.9338836669922
2023-05-08,AAPL,170.86495971679688
2023-05-09,AAPL,169.16122436523438
2023-05-10,AAPL,170.92405700683594
2023-05-11,AAPL,171.1111602783203
2023-05-12,AAPL,170.1841583251953
2023-05-15,AAPL,169.6910858154297
2023-05-16,AAPL,169.6910858154297
2023-05-17,AAPL,170.302490234375
2023-05-18,AAPL,172.6298828125
2023-05-19,AAPL,172.7383575439453
2023-05-22,AAPL,171.79161071777344
2023-05-23,AAPL,169.18812561035156
2023-05-24,AAPL,169.46421813964844
2023-05-25,AAPL,170.59835815429688
2023-05-26,AAPL,173.00462341308594
2023-05-30,AAPL,174.84872436523438
2023-05-31,AAPL,174.7994384765625
2023-06-01,AAPL,177.60015869140625
2023-06-02,AAPL,178.44830322265625
2023-06-05,AAPL,177.09722900390625
2023-06-06,AAPL,176.7323760986328
2023-06-07,AAPL,175.361572265625
2023-06-08,AAPL,178.0735626220703
2023-06-09,AAPL,178.45814514160156
2023-06-12,AAPL,181.2490234375
2023-06-13,AAPL,180.77566528320312
2023-06-14,AAPL,181.40679931640625
2023-06-15,AAPL,183.43833923339844
2023-06-16,AAPL,182.36341857910156
2023-06-20,AAPL,182.45216369628906
2023-06-21,AAPL,181.41668701171875
2023-06-22,AAPL,184.41464233398438
2023-06-23,AAPL,184.0990753173828
2023-06-26,AAPL,182.70858764648438
2023-06-27,AAPL,185.4600067138672
2023-06-28,AAPL,186.63352966308594
2023-06-29,AAPL,186.9688262939453
2023-06-30,AAPL,191.2882843017578
2023-07-03,AAPL,189.79917907714844
2023-07-05,AAPL,188.6847686767578
2023-07-06,AAPL,189.1581573486328
2023-07-07,AAPL,188.0437469482422
2023-07-10,AAPL,186.0023956298828
2023-07-11,AAPL,185.47972106933594
2023-07-12,AAPL,187.1463623046875
2023-07-13,AAPL,187.90573120117188
2023-07-14,AAPL,188.05368041992188
2023-07-17,AAPL,191.3080291748047
2023-07-18,AAPL,191.05162048339844
2023-07-19,AAPL,192.40267944335938
2023-07-20,AAPL,190.45989990234375
2023-07-21,AAPL,189.286376953125
2023-07-24,AAPL,190.0851593017578
2023-07-25,AAPL,190.943115234375
2023-07-26,AAPL,191.81097412109375
2023-07-27,AAPL,190.5486602783203
2023-07-28,AAPL,193.1226043701172
2023-07-31,AAPL,193.73397827148438
2023-08-01,AAPL,192.90562438964844
2023-08-02,AAPL,189.91749572753906
2023-08-03,AAPL,188.5269775390625
2023-08-04,AAPL,179.4739532470703
2023-08-07,AAPL,176.37733459472656
2023-08-08,AAPL,177.31419372558594
2023-08-09,AAPL,175.7264404296875
2023-08-10,AAPL,175.50950622558594
2023-08-11,AAPL,175.56875610351562
2023-08-14,AAPL,177.2178955078125
2023-08-15,AAPL,175.2329864501953
2023-08-16,AAPL,174.36398315429688
2023-08-17,AAPL,171.82608032226562
2023-08-18,AAPL,172.3100128173828
2023-08-21,AAPL,173.64312744140625
2023-08-22,AAPL,175.0157470703125
2023-08-23,AAPL,178.85714721679688
2023-08-24,AAPL,174.17636108398438
2023-08-25,AAPL,176.37850952148438
2023-08-28,AAPL,177.93878173828125
2023-08-29,AAPL,181.81964111328125
2023-08-30,AAPL,185.3055419921875
2023-08-31,AAPL,185.52279663085938
2023-09-01,AAPL,187.0929412841797
2023-09-05,AAPL,187.32994079589844
2023-09-06,AAPL,180.6248016357422
2023-09-07,AAPL,175.3415985107422
2023-09-08,AAPL,175.953857421875
2023-09-11,AAPL,177.119140625
2023-09-12,AAPL,174.0973663330078
2023-09-13,AAPL,172.0334930419922
2023-09-14,AAPL,173.5443878173828
2023-09-15,AAPL,172.82345581054688
2023-09-18,AAPL,175.7465057373047
2023-09-19,AAPL,176.83274841308594
2023-09-20,AAPL,173.29750061035156
2023-09-21,AAPL,171.75697326660156
2023-09-22,AAPL,172.606201171875
2023-09-25,AAPL,173.88011169433594
2023-09-26,AAPL,169.81155395507812
2023-09-27,AAPL,168.30067443847656
2023-09-28,AAPL,168.55746459960938
2023-09-29,AAPL,169.0709686279297
2023-10-02,AAPL,171.5792236328125
2023-10-03,AAPL,170.24609375
2023-10-04,AAPL,171.49034118652344
2023-10-05,AAPL,172.72471618652344
2023-10-06,AAPL,175.27247619628906
2023-10-09,AAPL,176.75376892089844
2023-10-10,AAPL,176.1612548828125
2023-10-11,AAPL,177.5536346435547
2023-10-12,AAPL,178.45228576660156
2023-10-13,AAPL,176.6155242919922
2023-10-16,AAPL,176.4871368408203
2023-10-17,AAPL,174.93675231933594
2023-10-18,AAPL,173.64312744140625
2023-10-19,AAPL,173.2678680419922
2023-10-20,AAPL,170.72010803222656
2023-10-23,AAPL,170.83859252929688
2023-10-24,AAPL,171.27310180664062
2023-10-25,AAPL,168.9623260498047
2023-10-26,AAPL,164.80491638183594
2023-10-27,AAPL,166.11830139160156
2023-10-30,AAPL,168.1624298095703
2023-10-31,AAPL,168.636474609375
2023-11-01,AAPL,171.7965087890625
2023-11-02,AAPL,175.35150146484375
2023-11-03,AAPL,174.44296264648438
2023-11-06,AAPL,176.99075317382812
2023-11-07,AAPL,179.54840087890625
2023-11-08,AAPL,180.6050262451172
2023-11-09,AAPL,180.13104248046875
2023-11-10,AAPL,184.31370544433594
2023-11-13,AAPL,182.73158264160156
2023-11-14,AAPL,185.34207153320312
2023-11-15,AAPL,185.90565490722656
2023-11-16,AAPL,187.586669921875
2023-11-17,AAPL,187.5668487548828
2023-11-20,AAPL,189.30715942382812
2023-11-21,AAPL,188.5062255859375
2023-11-22,AAPL,189.1687469482422
2023-11-24,AAPL,187.84371948242188
2023-11-27,AAPL,187.66574096679688
2023-11-28,AAPL,188.26889038085938
2023-11-29,AAPL,187.25042724609375
2023-11-30,AAPL,187.82394409179688
2023-12-01,AAPL,189.09950256347656
2023-12-04,AAPL,187.3097686767578
2023-12-05,AAPL,191.25511169433594
2023-12-06,AAPL,190.1674346923828
2023-12-07,AAPL,192.09559631347656
2023-12-08,AAPL,193.51950073242188
2023-12-11,AAPL,191.01780700683594
2023-12-12,AAPL,192.53067016601562
2023-12-13,AAPL,195.74432373046875
2023-12-14,AAPL,195.89260864257812
2023-12-15,AAPL,195.35867309570312
2023-12-18,AAPL,193.69747924804688
2023-12-19,AAPL,194.7357177734375
2023-12-20,AAPL,192.64935302734375
2023-12-21,AAPL,192.50099182128906
2023-12-22,AAPL,191.43310546875
2023-12-26,AAPL,190.8892364501953
2023-12-27,AAPL,190.98809814453125
2023-12-28,AAPL,191.41331481933594
2023-12-29,AAPL,190.3750762939453
2020-01-02,MSFT,151.82952880859375
2020-01-03,MSFT,149.93899536132812
2020-01-06,MSFT,150.32655334472656
2020-01-07,MSFT,148.95594787597656
2020-01-08,MSFT,151.32855224609375
2020-01-09,MSFT,153.21910095214844
2020-01-10,MSFT,152.51016235351562
2020-01-13,MSFT,154.34396362304688
2020-01-14,MSFT,153.2569122314453
2020-01-15,MSFT,154.2494659423828
2020-01-16,MSFT,157.0758056640625
2020-01-17,MSFT,157.95489501953125
2020-01-21,MSFT,157.38775634765625
2020-01-22,MSFT,156.63153076171875
2020-01-23,MSFT,157.5957489013672
2020-01-24,MSFT,156.00767517089844
2020-01-27,MSFT,153.398681640625
2020-01-28,MSFT,156.4046630859375
2020-01-29,MSFT,158.84347534179688
2020-01-30,MSFT,163.32406616210938
2020-01-31,MSFT,160.9136199951172
2020-02-03,MSFT,164.8364715576172
2020-02-04,MSFT,170.2623291015625
2020-02-05,MSFT,170.0543670654297
2020-02-06,MSFT,173.5802459716797
2020-02-07,MSFT,173.82601928710938
2020-02-10,MSFT,178.37278747558594
2020-02-11,MSFT,174.3459014892578
2020-02-12,MSFT,174.60116577148438
2020-02-13,MSFT,173.6558837890625
2020-02-14,MSFT,175.20614624023438
2020-02-18,MSFT,176.98326110839844
2020-02-19,MSFT,177.51406860351562
2020-02-20,MSFT,174.80320739746094
2020-02-21,MSFT,169.27719116210938
2020-02-24,MSFT,161.9786834716797
2020-02-25,MSFT,159.3057861328125
2020-02-26,MSFT,161.2962646484375
2020-02-27,MSFT,149.9314727783203
2020-02-28,MSFT,153.561767578125
2020-03-02,MSFT,163.7796173095703
2020-03-03,MSFT,155.93136596679688
2020-03-04,MSFT,161.65647888183594
2020-03-05,MSFT,157.59959411621094
2020-03-06,MSFT,153.1447296142578
2020-03-09,MSFT,142.76568603515625
2020-03-10,MSFT,152.5286102294922
2020-03-11,MSFT,145.61878967285156
2020-03-12,MSFT,131.80853271484375
2020-03-13,MSFT,150.54759216308594
2020-03-16,MSFT,128.3583526611328
2020-03-17,MSFT,138.92691040039062
2020-03-18,MSFT,133.07864379882812
2020-03-19,MSFT,135.2681884765625
2020-03-20,MSFT,130.18771362304688
2020-03-23,MSFT,128.88914489746094
2020-03-24,MSFT,140.60459899902344
2020-03-25,MSFT,139.25868225097656
2020-03-26,MSFT,147.96942138671875
2020-03-27,MSFT,141.89369201660156
2020-03-30,MSFT,151.87460327148438
2020-03-31,MSFT,149.4860076904297
2020-04-01,MSFT,144.1780548095703
2020-04-02,MSFT,147.16372680664062
2020-04-03,MSFT,145.80831909179688
2020-04-06,MSFT,156.65176391601562
2020-04-07,MSFT,154.96461486816406
2020-04-08,MSFT,156.51904296875
2020-04-09,MSFT,156.52853393554688
2020-04-13,MSFT,156.87925720214844
2020-04-14,MSFT,164.64218139648438
2020-04-15,MSFT,162.9171142578125
2020-04-16,MSFT,167.80801391601562
2020-04-17,MSFT,169.2866668701172
2020-04-20,MSFT,165.93128967285156
2020-04-21,MSFT,159.06883239746094
2020-04-22,MSFT,164.47157287597656
2020-04-23,MSFT,162.4810791015625
2020-04-24,MSFT,165.44786071777344
2020-04-27,MSFT,164.97393798828125
2020-04-28,MSFT,160.95504760742188
2020-04-29,MSFT,168.1776580810547
2020-04-30,MSFT,169.8648681640625
2020-05-01,MSFT,165.4668426513672
2020-05-04,MSFT,169.51412963867188
2020-05-05,MSFT,171.3340301513672
2020-05-06,MSFT,173.02117919921875
2020-05-07,MSFT,174.0259552001953
2020-05-08,MSFT,175.04959106445312
2020-05-11,MSFT,177.002197265625
2020-05-12,MSFT,172.99281311035156
2020-05-13,MSFT,170.376708984375
2020-05-14,MSFT,171.11598205566406
2020-05-15,MSFT,173.60890197753906
2020-05-18,MSFT,175.2676544189453
2020-05-19,MSFT,174.0543670654297
2020-05-20,MSFT,176.46861267089844
2020-05-21,MSFT,174.34906005859375
2020-05-22,MSFT,174.425048828125
2020-05-26,MSFT,172.58116149902344
2020-05-27,MSFT,172.80917358398438
2020-05-28,MSFT,172.41949462890625
2020-05-29,MSFT,174.17796325683594
2020-06-01,MSFT,173.7787322998047
2020-06-02,MSFT,175.75576782226562
2020-06-03,MSFT,176.1834716796875
2020-06-04,MSFT,173.86428833007812
2020-06-05,MSFT,177.93240356445312
2020-06-08,MSFT,179.03497314453125
2020-06-09,MSFT,180.40365600585938
2020-06-10,MSFT,187.0951385498047
2020-06-11,MSFT,177.0484161376953
2020-06-12,MSFT,178.44566345214844
2020-06-15,MSFT,179.5862579345703
2020-06-16,MSFT,183.98699951171875
2020-06-17,MSFT,184.62388610839844
2020-06-18,MSFT,186.6009063720703
2020-06-19,MSFT,185.48880004882812
2020-06-22,MSFT,190.64048767089844
2020-06-23,MSFT,191.9141387939453
2020-06-24,MSFT,188.04562377929688
2020-06-25,MSFT,190.421875
2020-06-26,MSFT,186.61038208007812
2020-06-29,MSFT,188.61595153808594
2020-06-30,MSFT,193.43496704101562
2020-07-01,MSFT,194.56602478027344
2020-07-02,MSFT,196.04876708984375
2020-07-06,MSFT,200.2689666748047
2020-07-07,MSFT,197.94027709960938
2020-07-08,MSFT,202.29351806640625
2020-07-09,MSFT,203.7097930908203
2020-07-10,MSFT,203.09194946289062
2020-07-13,MSFT,196.81871032714844
2020-07-14,MSFT,198.03533935546875
2020-07-15,MSFT,197.74066162109375
2020-07-16,MSFT,193.82461547851562
2020-07-17,MSFT,192.83612060546875
2020-07-20,MSFT,201.12442016601562
2020-07-21,MSFT,198.4154815673828
2020-07-22,MSFT,201.2669677734375
2020-07-23,MSFT,192.51295471191406
2020-07-24,MSFT,191.33436584472656
2020-07-27,MSFT,193.75808715820312
2020-07-28,MSFT,192.01870727539062
2020-07-29,MSFT,193.95773315429688
2020-07-30,MSFT,193.80563354492188
2020-07-31,MSFT,194.86070251464844
2020-08-03,MSFT,205.81983947753906
2020-08-04,MSFT,202.73074340820312
2020-08-05,MSFT,202.3980712890625
2020-08-06,MSFT,205.63926696777344
2020-08-07,MSFT,201.9608917236328
2020-08-10,MSFT,197.94027709960938
2020-08-11,MSFT,193.3113555908203
2020-08-12,MSFT,198.83370971679688
2020-08-13,MSFT,198.3679656982422
2020-08-14,MSFT,198.55810546875
2020-08-17,MSFT,199.86978149414062
2020-08-18,MSFT,201.01988220214844
2020-08-19,MSFT,199.80029296875
2020-08-20,MSFT,204.4499053955078
2020-08-21,MSFT,202.9635772705078
2020-08-24,MSFT,203.60198974609375
2020-08-25,MSFT,206.25070190429688
2020-08-26,MSFT,210.70974731445312
2020-08-27,MSFT,215.88339233398438
2020-08-28,MSFT,218.10342407226562
2020-08-31,MSFT,214.8829803466797
2020-09-01,MSFT,216.5408477783203
2020-09-02,MSFT,220.714111328125
2020-09-03,MSFT,207.04151916503906
2020-09-04,MSFT,204.13548278808594
2020-09-08,MSFT,193.09266662597656
2020-09-09,MSFT,201.31521606445312
2020-09-10,MSFT,195.6747283935547
2020-09-11,MSFT,194.39796447753906
2020-09-14,MSFT,195.71286010742188
2020-09-15,MSFT,198.9237060546875
2020-09-16,MSFT,195.3698272705078
2020-09-17,MSFT,193.33090209960938
2020-09-18,MSFT,190.9298095703125
2020-09-21,MSFT,192.9783172607422
2020-09-22,MSFT,197.6279296875
2020-09-23,MSFT,191.12033081054688
2020-09-24,MSFT,193.5976104736328
2020-09-25,MSFT,198.00906372070312
2020-09-28,MSFT,199.55258178710938
2020-09-29,MSFT,197.47549438476562
2020-09-30,MSFT,200.4005889892578
2020-10-01,MSFT,202.43002319335938
2020-10-02,MSFT,196.45603942871094
2020-10-05,MSFT,200.4481964111328
2020-10-06,MSFT,196.18922424316406
2020-10-07,MSFT,199.92417907714844
2020-10-08,MSFT,200.63876342773438
2020-10-09,MSFT,205.6219024658203
2020-10-12,MSFT,210.9479522705078
2020-10-13,MSFT,212.33901977539062
2020-10-14,MSFT,210.43345642089844
2020-10-15,MSFT,209.2900848388672
2020-10-16,MSFT,209.2900848388672
2020-10-19,MSFT,204.1068878173828
2020-10-20,MSFT,204.51661682128906
2020-10-21,MSFT,204.65951538085938
2020-10-22,MSFT,204.74530029296875
2020-10-23,MSFT,206.02203369140625
2020-10-26,MSFT,200.162353515625
2020-10-27,MSFT,203.18270874023438
2020-10-28,MSFT,193.1116943359375
2020-10-29,MSFT,195.055419921875
2020-10-30,MSFT,192.91165161132812
2020-11-02,MSFT,192.77822875976562
2020-11-03,MSFT,196.68467712402344
2020-11-04,MSFT,206.17446899414062
2020-11-05,MSFT,212.74874877929688
2020-11-06,MSFT,213.15846252441406
2020-11-09,MSFT,208.08009338378906
2020-11-10,MSFT,201.04847717285156
2020-11-11,MSFT,206.326904296875
2020-11-12,MSFT,205.26930236816406
2020-11-13,MSFT,206.28880310058594
2020-11-16,MSFT,206.97482299804688
2020-11-17,MSFT,204.3355712890625
2020-11-18,MSFT,201.64166259765625
2020-11-19,MSFT,202.9217529296875
2020-11-20,MSFT,200.98252868652344
2020-11-23,MSFT,200.71502685546875
2020-11-24,MSFT,204.29734802246094
2020-11-25,MSFT,204.30691528320312
2020-11-27,MSFT,205.60609436035156
2020-11-30,MSFT,204.49801635742188
2020-12-01,MSFT,206.5423126220703
2020-12-02,MSFT,205.7398681640625
2020-12-03,MSFT,204.66038513183594
2020-12-04,MSFT,204.7750244140625
2020-12-07,MSFT,204.70809936523438
2020-12-08,MSFT,206.3512420654297
2020-12-09,MSFT,202.3295135498047
2020-12-10,MSFT,201.10670471191406
2020-12-11,MSFT,203.72422790527344
2020-12-14,MSFT,204.6221923828125
2020-12-15,MSFT,204.55528259277344
2020-12-16,MSFT,209.47503662109375
2020-12-17,MSFT,209.6087646484375
2020-12-18,MSFT,208.81593322753906
2020-12-21,MSFT,212.63702392578125
2020-12-22,MSFT,213.92665100097656
2020-12-23,MSFT,211.13723754882812
2020-12-24,MSFT,212.78990173339844
2020-12-28,MSFT,214.9010467529297
2020-12-29,MSFT,214.1272735595703
2020-12-30,MSFT,211.76771545410156
2020-12-31,MSFT,212.47463989257812
2021-01-04,MSFT,207.9561004638672
2021-01-05,MSFT,208.1566925048828
2021-01-06,MSFT,202.75933837890625
2021-01-07,MSFT,208.529296875
2021-01-08,MSFT,209.7998046875
2021-01-11,MSFT,207.7650909423828
2021-01-12,MSFT,205.31951904296875
2021-01-13,MSFT,206.66648864746094
2021-01-14,MSFT,203.49493408203125
2021-01-15,MSFT,203.1415252685547
2021-01-19,MSFT,206.76202392578125
2021-01-20,MSFT,214.3087615966797
2021-01-21,MSFT,214.91061401367188
2021-01-22,MSFT,215.8468017578125
2021-01-25,MSFT,219.26670837402344
2021-01-26,MSFT,221.94149780273438
2021-01-27,MSFT,222.48599243164062
2021-01-28,MSFT,228.24639892578125
2021-01-29,MSFT,221.58807373046875
2021-02-01,MSFT,228.93417358398438
2021-02-02,MSFT,228.80044555664062
2021-02-03,MSFT,232.13442993164062
2021-02-04,MSFT,231.18870544433594
2021-02-05,MSFT,231.3701629638672
2021-02-08,MSFT,231.6280975341797
2021-02-09,MSFT,232.86996459960938
2021-02-10,MSFT,231.96243286132812
2021-02-11,MSFT,233.5577850341797
2021-02-12,MSFT,234.0354461669922
2021-02-16,MSFT,232.8031005859375
2021-02-17,MSFT,233.8180389404297
2021-02-18,MSFT,233.4254150390625
2021-02-19,MSFT,230.725341796875
2021-02-22,MSFT,224.5399932861328
2021-02-23,MSFT,223.35272216796875
2021-02-24,MSFT,224.57827758789062
2021-02-25,MSFT,219.2547149658203
2021-02-26,MSFT,222.50054931640625
2021-03-01,MSFT,226.86666870117188
2021-03-02,MSFT,223.92721557617188
2021-03-03,MSFT,217.88543701171875
2021-03-04,MSFT,217.09072875976562
2021-03-05,MSFT,221.75375366210938
2021-03-08,MSFT,217.7227325439453
2021-03-09,MSFT,223.84103393554688
2021-03-10,MSFT,222.538818359375
2021-03-11,MSFT,227.04856872558594
2021-03-12,MSFT,225.7272491455078
2021-03-15,MSFT,224.82725524902344
2021-03-16,MSFT,227.6039581298828
2021-03-17,MSFT,226.96241760253906
2021-03-18,MSFT,220.91111755371094
2021-03-19,MSFT,220.55686950683594
2021-03-22,MSFT,225.95703125
2021-03-23,MSFT,227.47950744628906
2021-03-24,MSFT,225.4496307373047
2021-03-25,MSFT,222.46226501464844
2021-03-26,MSFT,226.42623901367188
2021-03-29,MSFT,225.23895263671875
2021-03-30,MSFT,221.99310302734375
2021-03-31,MSFT,225.74642944335938
2021-04-01,MSFT,232.0466766357422
2021-04-05,MSFT,238.48097229003906
2021-04-06,MSFT,237.32241821289062
2021-04-07,MSFT,239.2757110595703
2021-04-08,MSFT,242.4832763671875
2021-04-09,MSFT,244.97274780273438
2021-04-12,MSFT,245.0301971435547
2021-04-13,MSFT,247.50047302246094
2021-04-14,MSFT,244.72377014160156
2021-04-15,MSFT,248.4675750732422
2021-04-16,MSFT,249.65484619140625
2021-04-19,MSFT,247.73985290527344
2021-04-20,MSFT,247.2802734375
2021-04-21,MSFT,249.5016326904297
2021-04-22,MSFT,246.23663330078125
2021-04-23,MSFT,250.04736328125
2021-04-26,MSFT,250.43038940429688
2021-04-27,MSFT,250.83255004882812
2021-04-28,MSFT,243.7375946044922
2021-04-29,MSFT,241.7747039794922
2021-04-30,MSFT,241.4587860107422
2021-05-03,MSFT,241.15234375
2021-05-04,MSFT,237.2554168701172
2021-05-05,MSFT,235.99151611328125
2021-05-06,MSFT,239.11294555664062
2021-05-07,MSFT,241.7268829345703
2021-05-10,MSFT,236.67137145996094
2021-05-11,MSFT,235.76171875
2021-05-12,MSFT,228.83909606933594
2021-05-13,MSFT,232.69778442382812
2021-05-14,MSFT,237.60008239746094
2021-05-17,MSFT,234.75634765625
2021-05-18,MSFT,232.7456512451172
2021-05-19,MSFT,233.3214874267578
2021-05-20,MSFT,236.54603576660156
2021-05-21,MSFT,235.2888641357422
2021-05-24,MSFT,240.67274475097656
2021-05-25,MSFT,241.5748748779297
2021-05-26,MSFT,241.35414123535156
2021-05-27,MSFT,239.26197814941406
2021-05-28,MSFT,239.61708068847656
2021-06-01,MSFT,237.42893981933594
2021-06-02,MSFT,237.3330535888672
2021-06-03,MSFT,235.8070831298828
2021-06-04,MSFT,240.6823272705078
2021-06-07,MSFT,243.58065795898438
2021-06-08,MSFT,242.39060974121094
2021-06-09,MSFT,243.36952209472656
2021-06-10,MSFT,246.8723907470703
2021-06-11,MSFT,247.49623107910156
2021-06-14,MSFT,249.4156036376953
2021-06-15,MSFT,247.94725036621094
2021-06-16,MSFT,247.00674438476562
2021-06-17,MSFT,250.38487243652344
2021-06-18,MSFT,248.97409057617188
2021-06-21,MSFT,252.04519653320312
2021-06-22,MSFT,254.8091278076172
2021-06-23,MSFT,254.57867431640625
2021-06-24,MSFT,255.9415283203125
2021-06-25,MSFT,254.3388214111328
2021-06-28,MSFT,257.8896789550781
2021-06-29,MSFT,260.461669921875
2021-06-30,MSFT,259.98187255859375
2021-07-01,MSFT,260.6535949707031
2021-07-02,MSFT,266.4598388671875
2021-07-06,MSFT,266.4693908691406
2021-07-07,MSFT,268.6478576660156
2021-07-08,MSFT,266.23907470703125
2021-07-09,MSFT,266.7381591796875
2021-07-12,MSFT,266.1430969238281
2021-07-13,MSFT,269.6556091308594
2021-07-14,MSFT,271.1239318847656
2021-07-15,MSFT,269.70355224609375
2021-07-16,MSFT,269.434814453125
2021-07-19,MSFT,265.84564208984375
2021-07-20,MSFT,268.0624694824219
2021-07-21,MSFT,270.05865478515625
2021-07-22,MSFT,274.60760498046875
2021-07-23,MSFT,277.9953308105469
2021-07-26,MSFT,277.4002990722656
2021-07-27,MSFT,274.991455078125
2021-07-28,MSFT,274.68438720703125
2021-07-29,MSFT,274.953125
2021-07-30,MSFT,273.4271545410156
2021-08-02,MSFT,273.3408203125
2021-08-03,MSFT,275.548095703125
2021-08-04,MSFT,274.96270751953125
2021-08-05,MSFT,277.8514099121094
2021-08-06,MSFT,277.7938537597656
2021-08-09,MSFT,276.7093200683594
2021-08-10,MSFT,274.8955078125
2021-08-11,MSFT,275.3850402832031
2021-08-12,MSFT,278.12969970703125
2021-08-13,MSFT,281.04718017578125
2021-08-16,MSFT,282.7266845703125
2021-08-17,MSFT,281.2679138183594
2021-08-18,MSFT,279.5467834472656
2021-08-19,MSFT,285.35443115234375
2021-08-20,MSFT,292.6524658203125
2021-08-23,MSFT,292.9313049316406
2021-08-24,MSFT,290.9793701171875
2021-08-25,MSFT,290.3929443359375
2021-08-26,MSFT,287.58526611328125
2021-08-27,MSFT,288.19097900390625
2021-08-30,MSFT,291.9120178222656
2021-08-31,MSFT,290.267822265625
2021-09-01,MSFT,290.21978759765625
2021-09-02,MSFT,289.5660095214844
2021-09-03,MSFT,289.5563049316406
2021-09-07,MSFT,288.6333312988281
2021-09-08,MSFT,288.6620788574219
2021-09-09,MSFT,285.8160095214844
2021-09-10,MSFT,284.3352355957031
2021-09-13,MSFT,285.56597900390625
2021-09-14,MSFT,288.25836181640625
2021-09-15,MSFT,293.0948791503906
2021-09-16,MSFT,293.4794006347656
2021-09-17,MSFT,288.3352355957031
2021-09-20,MSFT,282.9794006347656
2021-09-21,MSFT,283.4601745605469
2021-09-22,MSFT,287.0947570800781
2021-09-23,MSFT,288.037109375
2021-09-24,MSFT,287.8351745605469
2021-09-27,MSFT,282.8545227050781
2021-09-28,MSFT,272.61407470703125
2021-09-29,MSFT,273.0756530761719
2021-09-30,MSFT,271.07574462890625
2021-10-01,MSFT,277.9794921875
2021-10-04,MSFT,272.2199401855469
2021-10-05,MSFT,277.6525573730469
2021-10-06,MSFT,281.835205078125
2021-10-07,MSFT,283.5082702636719
2021-10-08,MSFT,283.5082702636719
2021-10-11,MSFT,282.9121398925781
2021-10-12,MSFT,281.6140441894531
2021-10-13,MSFT,284.912109375
2021-10-14,MSFT,291.1044006347656
2021-10-15,MSFT,292.50823974609375
2021-10-18,MSFT,295.4698181152344
2021-10-19,MSFT,296.3736267089844
2021-10-20,MSFT,295.58514404296875
2021-10-21,MSFT,298.8063049316406
2021-10-22,MSFT,297.2678527832031
2021-10-25,MSFT,296.2774353027344
2021-10-26,MSFT,298.1812744140625
2021-10-27,MSFT,310.73895263671875
2021-10-28,MSFT,311.8735656738281
2021-10-29,MSFT,318.8638000488281
2021-11-01,MSFT,316.700439453125
2021-11-02,MSFT,320.3158264160156
2021-11-03,MSFT,321.15234375
2021-11-04,MSFT,323.4985046386719
2021-11-05,MSFT,323.13311767578125
2021-11-08,MSFT,324.0273132324219
2021-11-09,MSFT,323.0273742675781
2021-11-10,MSFT,318.07537841796875
2021-11-11,MSFT,319.64276123046875
2021-11-12,MSFT,323.7677001953125
2021-11-15,MSFT,323.14276123046875
2021-11-16,MSFT,326.4504089355469
2021-11-17,MSFT,326.67193603515625
2021-11-18,MSFT,328.7430114746094
2021-11-19,MSFT,330.51544189453125
2021-11-22,MSFT,327.35577392578125
2021-11-23,MSFT,325.2847595214844
2021-11-24,MSFT,325.50640869140625
2021-11-26,MSFT,317.5784912109375
2021-11-29,MSFT,324.27337646484375
2021-11-30,MSFT,318.4550476074219
2021-12-01,MSFT,317.9637756347656
2021-12-02,MSFT,317.39544677734375
2021-12-03,MSFT,311.1532897949219
2021-12-06,MSFT,314.21661376953125
2021-12-07,MSFT,322.62615966796875
2021-12-08,MSFT,322.6742858886719
2021-12-09,MSFT,320.8729553222656
2021-12-10,MSFT,329.9664001464844
2021-12-13,MSFT,326.9416809082031
2021-12-14,MSFT,316.2876281738281
2021-12-15,MSFT,322.3660888671875
2021-12-16,MSFT,312.97393798828125
2021-12-17,MSFT,311.914306640625
2021-12-20,MSFT,308.1670837402344
2021-12-21,MSFT,315.2762145996094
2021-12-22,MSFT,320.96923828125
2021-12-23,MSFT,322.4045715332031
2021-12-27,MSFT,329.8797302246094
2021-12-28,MSFT,328.7237243652344
2021-12-29,MSFT,329.39813232421875
2021-12-30,MSFT,326.8647155761719
2021-12-31,MSFT,323.97467041015625
2022-01-03,MSFT,322.4623718261719
2022-01-04,MSFT,316.9331359863281
2022-01-05,MSFT,304.7666320800781
2022-01-06,MSFT,302.35845947265625
2022-01-07,MSFT,302.5125427246094
2022-01-10,MSFT,302.7340393066406
2022-01-11,MSFT,303.4180603027344
2022-01-12,MSFT,306.5873107910156
2022-01-13,MSFT,293.6117248535156
2022-01-14,MSFT,298.81353759765625
2022-01-18,MSFT,291.5406799316406
2022-01-19,MSFT,292.1956787109375
2022-01-20,MSFT,290.52923583984375
2022-01-21,MSFT,285.1636047363281
2022-01-24,MSFT,285.4911193847656
2022-01-25,MSFT,277.9003601074219
2022-01-26,MSFT,285.8186340332031
2022-01-27,MSFT,288.83380126953125
2022-01-28,MSFT,296.9447326660156
2022-01-31,MSFT,299.56494140625
2022-02-01,MSFT,297.4263916015625
2022-02-02,MSFT,301.953857421875
2022-02-03,MSFT,290.1920166015625
2022-02-04,MSFT,294.7099304199219
2022-02-07,MSFT,289.90313720703125
2022-02-08,MSFT,293.3805847167969
2022-02-09,MSFT,299.7864685058594
2022-02-10,MSFT,291.28057861328125
2022-02-11,MSFT,284.21002197265625
2022-02-14,MSFT,284.17144775390625
2022-02-15,MSFT,289.4406433105469
2022-02-16,MSFT,289.1028137207031
2022-02-17,MSFT,280.6372985839844
2022-02-18,MSFT,277.93450927734375
2022-02-22,MSFT,277.7317810058594
2022-02-23,MSFT,270.5403747558594
2022-02-24,MSFT,284.3633117675781
2022-02-25,MSFT,286.98883056640625
2022-02-28,MSFT,288.4175109863281
2022-03-01,MSFT,284.71075439453125
2022-03-02,MSFT,289.7688903808594
2022-03-03,MSFT,285.6471862792969
2022-03-04,MSFT,279.79742431640625
2022-03-07,MSFT,269.2275695800781
2022-03-08,MSFT,266.2738342285156
2022-03-09,MSFT,278.4846496582031
2022-03-10,MSFT,275.6757507324219
2022-03-11,MSFT,270.3473815917969
2022-03-14,MSFT,266.84344482421875
2022-03-15,MSFT,277.18157958984375
2022-03-16,MSFT,284.1702575683594
2022-03-17,MSFT,284.9714050292969
2022-03-18,MSFT,290.0005187988281
2022-03-21,MSFT,288.774658203125
2022-03-22,MSFT,293.5044860839844
2022-03-23,MSFT,289.09320068359375
2022-03-24,MSFT,293.5431823730469
2022-03-25,MSFT,293.1377868652344
2022-03-28,MSFT,299.9140625
2022-03-29,MSFT,304.46051025390625
2022-03-30,MSFT,302.9643859863281
2022-03-31,MSFT,297.6069641113281
2022-04-01,MSFT,298.6784362792969
2022-04-04,MSFT,304.0357666015625
2022-04-05,MSFT,300.0877380371094
2022-04-06,MSFT,289.1028137207031
2022-04-07,MSFT,290.9078674316406
2022-04-08,MSFT,286.66064453125
2022-04-11,MSFT,275.35723876953125
2022-04-12,MSFT,272.2682189941406
2022-04-13,MSFT,277.63525390625
2022-04-14,MSFT,270.11572265625
2022-04-18,MSFT,270.78167724609375
2022-04-19,MSFT,275.3957824707031
2022-04-20,MSFT,276.4190368652344
2022-04-21,MSFT,271.0617370605469
2022-04-22,MSFT,264.5169982910156
2022-04-25,MSFT,270.97479248046875
2022-04-26,MSFT,260.83929443359375
2022-04-27,MSFT,273.3880615234375
2022-04-28,MSFT,279.5754699707031
2022-04-29,MSFT,267.8858642578125
2022-05-02,MSFT,274.5945739746094
2022-05-03,MSFT,271.99798583984375
2022-05-04,MSFT,279.91339111328125
2022-05-05,MSFT,267.7218017578125
2022-05-06,MSFT,265.19268798828125
2022-05-09,MSFT,255.3950958251953
2022-05-10,MSFT,260.1442565917969
2022-05-11,MSFT,251.50494384765625
2022-05-12,MSFT,246.48548889160156
2022-05-13,MSFT,252.05520629882812
2022-05-16,MSFT,252.4219970703125
2022-05-17,MSFT,257.5573425292969
2022-05-18,MSFT,245.83084106445312
2022-05-19,MSFT,244.92132568359375
2022-05-20,MSFT,244.36019897460938
2022-05-23,MSFT,252.1875
2022-05-24,MSFT,251.19094848632812
2022-05-25,MSFT,253.99679565429688
2022-05-26,MSFT,257.2671203613281
2022-05-27,MSFT,264.3687744140625
2022-05-31,MSFT,263.043212890625
2022-06-01,MSFT,263.5754089355469
2022-06-02,MSFT,265.6652526855469
2022-06-03,MSFT,261.2532043457031
2022-06-06,MSFT,260.0245361328125
2022-06-07,MSFT,263.6528015136719
2022-06-08,MSFT,261.63067626953125
2022-06-09,MSFT,256.1931457519531
2022-06-10,MSFT,244.77621459960938
2022-06-13,MSFT,234.3945770263672
2022-06-14,MSFT,236.55221557617188
2022-06-15,MSFT,243.58615112304688
2022-06-16,MSFT,237.01661682128906
2022-06-17,MSFT,239.60958862304688
2022-06-21,MSFT,245.50184631347656
2022-06-22,MSFT,244.91168212890625
2022-06-23,MSFT,250.4556121826172
2022-06-24,MSFT,259.00860595703125
2022-06-27,MSFT,256.28985595703125
2022-06-28,MSFT,248.15289306640625
2022-06-29,MSFT,251.81019592285156
2022-06-30,MSFT,248.4915313720703
2022-07-01,MSFT,251.1522216796875
2022-07-05,MSFT,254.3160858154297
2022-07-06,MSFT,257.5670471191406
2022-07-07,MSFT,259.6858825683594
2022-07-08,MSFT,258.96990966796875
2022-07-11,MSFT,255.92218017578125
2022-07-12,MSFT,245.4341583251953
2022-07-13,MSFT,244.5149688720703
2022-07-14,MSFT,245.83084106445312
2022-07-15,MSFT,248.3851318359375
2022-07-18,MSFT,245.99530029296875
2022-07-19,MSFT,251.10385131835938
2022-07-20,MSFT,253.75494384765625
2022-07-21,MSFT,256.2414855957031
2022-07-22,MSFT,251.90689086914062
2022-07-25,MSFT,250.4265899658203
2022-07-26,MSFT,243.7216033935547
2022-07-27,MSFT,260.014892578125
2022-07-28,MSFT,267.4358825683594
2022-07-29,MSFT,271.625244140625
2022-08-01,MSFT,268.9839172363281
2022-08-02,MSFT,265.8974914550781
2022-08-03,MSFT,273.299072265625
2022-08-04,MSFT,274.44073486328125
2022-08-05,MSFT,273.7248229980469
2022-08-08,MSFT,271.2188415527344
2022-08-09,MSFT,273.1346130371094
2022-08-10,MSFT,279.7718505859375
2022-08-11,MSFT,277.7013854980469
2022-08-12,MSFT,282.43267822265625
2022-08-15,MSFT,283.9419860839844
2022-08-16,MSFT,283.2066650390625
2022-08-17,MSFT,282.4600830078125
2022-08-18,MSFT,281.3450622558594
2022-08-19,MSFT,277.4472961425781
2022-08-22,MSFT,269.3027648925781
2022-08-23,MSFT,268.0325927734375
2022-08-24,MSFT,267.40234375
2022-08-25,MSFT,270.3692932128906
2022-08-26,MSFT,259.9366149902344
2022-08-29,MSFT,257.16351318359375
2022-08-30,MSFT,254.97222900390625
2022-08-31,MSFT,253.51792907714844
2022-09-01,MSFT,252.48040771484375
2022-09-02,MSFT,248.27243041992188
2022-09-06,MSFT,245.54786682128906
2022-09-07,MSFT,250.24070739746094
2022-09-08,MSFT,250.65762329101562
2022-09-09,MSFT,256.41693115234375
2022-09-12,MSFT,258.5403747558594
2022-09-13,MSFT,244.3262176513672
2022-09-14,MSFT,244.5491943359375
2022-09-15,MSFT,237.91722106933594
2022-09-16,MSFT,237.2966766357422
2022-09-19,MSFT,237.08338928222656
2022-09-20,MSFT,235.07632446289062
2022-09-21,MSFT,231.68276977539062
2022-09-22,MSFT,233.65106201171875
2022-09-23,MSFT,230.68409729003906
2022-09-26,MSFT,230.22840881347656
2022-09-27,MSFT,229.22003173828125
2022-09-28,MSFT,233.73828125
2022-09-29,MSFT,230.2769012451172
2022-09-30,MSFT,225.8167724609375
2022-10-03,MSFT,233.4183349609375
2022-10-04,MSFT,241.3107452392578
2022-10-05,MSFT,241.62107849121094
2022-10-06,MSFT,239.2843017578125
2022-10-07,MSFT,227.1160430908203
2022-10-10,MSFT,222.27781677246094
2022-10-11,MSFT,218.55455017089844
2022-10-12,MSFT,218.8842315673828
2022-10-13,MSFT,227.1160430908203
2022-10-14,MSFT,221.60877990722656
2022-10-17,MSFT,230.3059844970703
2022-10-18,MSFT,231.24649047851562
2022-10-19,MSFT,229.2879180908203
2022-10-20,MSFT,228.9679412841797
2022-10-21,MSFT,234.75636291503906
2022-10-24,MSFT,239.73037719726562
2022-10-25,MSFT,243.03663635253906
2022-10-26,MSFT,224.28482055664062
2022-10-27,MSFT,219.8538055419922
2022-10-28,MSFT,228.69647216796875
2022-10-31,MSFT,225.07022094726562
2022-11-01,MSFT,221.23065185546875
2022-11-02,MSFT,213.4060821533203
2022-11-03,MSFT,207.7339630126953
2022-11-04,MSFT,214.6568145751953
2022-11-07,MSFT,220.93972778320312
2022-11-08,MSFT,221.9093475341797
2022-11-09,MSFT,217.68191528320312
2022-11-10,MSFT,235.59022521972656
2022-11-11,MSFT,239.5946502685547
2022-11-14,MSFT,234.20372009277344
2022-11-15,MSFT,234.6109161376953
2022-11-16,MSFT,235.03875732421875
2022-11-17,MSFT,234.9901123046875
2022-11-18,MSFT,234.5428466796875
2022-11-21,MSFT,235.34988403320312
2022-11-22,MSFT,238.2473907470703
2022-11-23,MSFT,240.72682189941406
2022-11-25,MSFT,240.6393280029297
2022-11-28,MSFT,235.0679168701172
2022-11-29,MSFT,233.67747497558594
2022-11-30,MSFT,248.07754516601562
2022-12-01,MSFT,247.63999938964844
2022-12-02,MSFT,247.96087646484375
2022-12-05,MSFT,243.27430725097656
2022-12-06,MSFT,238.33493041992188
2022-12-07,MSFT,237.605712890625
2022-12-08,MSFT,240.5517578125
2022-12-09,MSFT,238.6266326904297
2022-12-12,MSFT,245.5203399658203
2022-12-13,MSFT,249.80825805664062
2022-12-14,MSFT,250.09999084472656
2022-12-15,MSFT,242.11721801757812
2022-12-16,MSFT,237.9167938232422
2022-12-19,MSFT,233.79421997070312
2022-12-20,MSFT,235.1068115234375
2022-12-21,MSFT,237.66400146484375
2022-12-22,MSFT,231.59674072265625
2022-12-23,MSFT,232.12176513671875
2022-12-27,MSFT,230.40078735351562
2022-12-28,MSFT,228.0380401611328
2022-12-29,MSFT,234.3386688232422
2022-12-30,MSFT,233.18161010742188
2023-01-03,MSFT,232.94825744628906
2023-01-04,MSFT,222.75836181640625
2023-01-05,MSFT,216.1563262939453
2023-01-06,MSFT,218.70376586914062
2023-01-09,MSFT,220.83316040039062
2023-01-10,MSFT,222.51527404785156
2023-01-11,MSFT,229.2437286376953
2023-01-12,MSFT,231.9078369140625
2023-01-13,MSFT,232.6079559326172
2023-01-17,MSFT,233.69696044921875
2023-01-18,MSFT,229.2826385498047
2023-01-19,MSFT,225.50997924804688
2023-01-20,MSFT,233.570556640625
2023-01-23,MSFT,235.86520385742188
2023-01-24,MSFT,235.34014892578125
2023-01-25,MSFT,233.9497528076172
2023-01-26,MSFT,241.13519287109375
2023-01-27,MSFT,241.29074096679688
2023-01-30,MSFT,235.9916534423828
2023-01-31,MSFT,240.950439453125
2023-02-01,MSFT,245.7537078857422
2023-02-02,MSFT,257.2757263183594
2023-02-03,MSFT,251.1986846923828
2023-02-06,MSFT,249.66241455078125
2023-02-07,MSFT,260.15374755859375
2023-02-08,MSFT,259.3467712402344
2023-02-09,MSFT,256.3227233886719
2023-02-10,MSFT,255.8172607421875
2023-02-13,MSFT,263.8097229003906
2023-02-14,MSFT,264.6361389160156
2023-02-15,MSFT,262.5209045410156
2023-02-16,MSFT,255.5319366455078
2023-02-17,MSFT,251.54518127441406
2023-02-21,MSFT,246.291259765625
2023-02-22,MSFT,245.16055297851562
2023-02-23,MSFT,248.33828735351562
2023-02-24,MSFT,242.92837524414062
2023-02-27,MSFT,243.8446044921875
2023-02-28,MSFT,243.12332153320312
2023-03-01,MSFT,240.0528564453125
2023-03-02,MSFT,244.77066040039062
2023-03-03,MSFT,248.84510803222656
2023-03-06,MSFT,250.38525390625
2023-03-07,MSFT,247.73388671875
2023-03-08,MSFT,247.29525756835938
2023-03-09,MSFT,245.95010375976562
2023-03-10,MSFT,242.31423950195312
2023-03-13,MSFT,247.5096893310547
2023-03-14,MSFT,254.20628356933594
2023-03-15,MSFT,258.73895263671875
2023-03-16,MSFT,269.2272644042969
2023-03-17,MSFT,272.3757019042969
2023-03-20,MSFT,265.35748291015625
2023-03-21,MSFT,266.8683166503906
2023-03-22,MSFT,265.41595458984375
2023-03-23,MSFT,270.650390625
2023-03-24,MSFT,273.4869384765625
2023-03-27,MSFT,269.4026794433594
2023-03-28,MSFT,268.28179931640625
2023-03-29,MSFT,273.4284362792969
2023-03-30,MSFT,276.8790588378906
2023-03-31,MSFT,281.021728515625
2023-04-03,MSFT,279.9787902832031
2023-04-04,MSFT,279.9300231933594
2023-04-05,MSFT,277.1617126464844
2023-04-06,MSFT,284.2384948730469
2023-04-10,MSFT,282.0842590332031
2023-04-11,MSFT,275.6898193359375
2023-04-12,MSFT,276.3331298828125
2023-04-13,MSFT,282.5229187011719
2023-04-14,MSFT,278.9162902832031
2023-04-17,MSFT,281.5091247558594
2023-04-18,MSFT,281.0899658203125
2023-04-19,MSFT,281.1679992675781
2023-04-20,MSFT,278.8870544433594
2023-04-21,MSFT,278.5458679199219
2023-04-24,MSFT,274.6566467285156
2023-04-25,MSFT,268.46697998046875
2023-04-26,MSFT,287.9132995605469
2023-04-27,MSFT,297.1344909667969
2023-04-28,MSFT,299.5031433105469
2023-05-01,MSFT,297.8460693359375
2023-05-02,MSFT,297.6997985839844
2023-05-03,MSFT,296.7153015136719
2023-05-04,MSFT,297.6997985839844
2023-05-05,MSFT,302.80755615234375
2023-05-08,MSFT,300.8580017089844
2023-05-09,MSFT,299.2497253417969
2023-05-10,MSFT,304.42559814453125
2023-05-11,MSFT,302.28118896484375
2023-05-12,MSFT,301.169921875
2023-05-15,MSFT,301.6475830078125
2023-05-16,MSFT,303.8700256347656
2023-05-17,MSFT,306.7420349121094
2023-05-18,MSFT,311.1575622558594
2023-05-19,MSFT,310.9817810058594
2023-05-22,MSFT,313.7560729980469
2023-05-23,MSFT,307.9729919433594
2023-05-24,MSFT,306.5954895019531
2023-05-25,MSFT,318.38653564453125
2023-05-26,MSFT,325.19549560546875
2023-05-30,MSFT,323.55426025390625
2023-05-31,MSFT,320.7994689941406
2023-06-01,MSFT,324.8926086425781
2023-06-02,MSFT,327.64739990234375
2023-06-05,MSFT,328.1749572753906
2023-06-06,MSFT,325.9671630859375
2023-06-07,MSFT,315.9052734375
2023-06-08,MSFT,317.7418212890625
2023-06-09,MSFT,319.23638916015625
2023-06-12,MSFT,324.17950439453125
2023-06-13,MSFT,326.5630798339844
2023-06-14,MSFT,329.54254150390625
2023-06-15,MSFT,340.0538635253906
2023-06-16,MSFT,334.417236328125
2023-06-20,MSFT,330.2361755371094
2023-06-21,MSFT,325.84991455078125
2023-06-22,MSFT,331.8578186035156
2023-06-23,MSFT,327.2761535644531
2023-06-26,MSFT,321.004638671875
2023-06-27,MSFT,326.83660888671875
2023-06-28,MSFT,328.0870056152344
2023-06-29,MSFT,327.305419921875
2023-06-30,MSFT,332.66864013671875
2023-07-03,MSFT,330.1775817871094
2023-07-05,MSFT,330.3338623046875
2023-07-06,MSFT,333.3817138671875
2023-07-07,MSFT,329.42535400390625
2023-07-10,MSFT,324.1599426269531
2023-07-11,MSFT,324.7851867675781
2023-07-12,MSFT,329.4057922363281
2023-07-13,MSFT,334.73956298828125
2023-07-14,MSFT,337.2599182128906
2023-07-17,MSFT,337.7386474609375
2023-07-18,MSFT,351.1805725097656
2023-07-19,MSFT,346.8725280761719
2023-07-20,MSFT,338.852294921875
2023-07-21,MSFT,335.823974609375
2023-07-24,MSFT,337.13299560546875
2023-07-25,MSFT,342.8673095703125
2023-07-26,MSFT,329.9626159667969
2023-07-27,MSFT,323.0755615234375
2023-07-28,MSFT,330.5487365722656
2023-07-31,MSFT,328.15545654296875
2023-08-01,MSFT,328.565673828125
2023-08-02,MSFT,319.9300842285156
2023-08-03,MSFT,319.1094055175781
2023-08-04,MSFT,320.2035217285156
2023-08-07,MSFT,322.4796447753906
2023-08-08,MSFT,318.5135192871094
2023-08-09,MSFT,314.7818603515625
2023-08-10,MSFT,315.46563720703125
2023-08-11,MSFT,313.5900573730469
2023-08-14,MSFT,316.54998779296875
2023-08-15,MSFT,314.4203186035156
2023-08-16,MSFT,313.6568298339844
2023-08-17,MSFT,310.2109375
2023-08-18,MSFT,309.8193359375
2023-08-21,MSFT,315.1056213378906
2023-08-22,MSFT,315.6734924316406
2023-08-23,MSFT,320.1178894042969
2023-08-24,MSFT,313.23590087890625
2023-08-25,MSFT,316.1825256347656
2023-08-28,MSFT,316.8873596191406
2023-08-29,MSFT,321.4982604980469
2023-08-30,MSFT,321.8702697753906
2023-08-31,MSFT,320.8619079589844
2023-09-01,MSFT,321.742919921875
2023-09-05,MSFT,326.530029296875
2023-09-06,MSFT,325.8741455078125
2023-09-07,MSFT,322.96661376953125
2023-09-08,MSFT,327.2348937988281
2023-09-11,MSFT,330.82763671875
2023-09-12,MSFT,324.7875061035156
2023-09-13,MSFT,328.9872741699219
2023-09-14,MSFT,331.5716857910156
2023-09-15,MSFT,323.2701416015625
2023-09-18,MSFT,322.134521484375
2023-09-19,MSFT,321.733154296875
2023-09-20,MSFT,314.0190124511719
2023-09-21,MSFT,312.80511474609375
2023-09-22,MSFT,310.3381652832031
2023-09-25,MSFT,310.8570251464844
2023-09-26,MSFT,305.57061767578125
2023-09-27,MSFT,306.20697021484375
2023-09-28,MSFT,307.03912353515625
2023-09-29,MSFT,309.10467529296875
2023-10-02,MSFT,315.02734375
2023-10-03,MSFT,306.7943420410156
2023-10-04,MSFT,312.2471008300781
2023-10-05,MSFT,312.6387023925781
2023-10-06,MSFT,320.37249755859375
2023-10-09,MSFT,322.8785705566406
2023-10-10,MSFT,321.4786682128906
2023-10-11,MSFT,325.423828125
2023-10-12,MSFT,324.19036865234375
2023-10-13,MSFT,320.8325500488281
2023-10-16,MSFT,325.63922119140625
2023-10-17,MSFT,325.0714111328125
2023-10-18,MSFT,323.1624450683594
2023-10-19,MSFT,324.3470153808594
2023-10-20,MSFT,319.7948303222656
2023-10-23,MSFT,322.3890686035156
2023-10-24,MSFT,323.5736389160156
2023-10-25,MSFT,333.500244140625
2023-10-26,MSFT,320.98919677734375
2023-10-27,MSFT,322.8687438964844
2023-10-30,MSFT,330.2109069824219
2023-10-31,MSFT,330.99407958984375
2023-11-01,MSFT,338.7865295410156
2023-11-02,MSFT,340.98919677734375
2023-11-03,MSFT,345.37493896484375
2023-11-06,MSFT,349.0263671875
2023-11-07,MSFT,352.94219970703125
2023-11-08,MSFT,355.5559997558594
2023-11-09,MSFT,353.098876953125
2023-11-10,MSFT,361.8898620605469
2023-11-13,MSFT,358.9627990722656
2023-11-14,MSFT,362.47723388671875
2023-11-15,MSFT,362.6243896484375
2023-11-16,MSFT,369.00048828125
2023-11-17,MSFT,362.80096435546875
2023-11-20,MSFT,370.2463684082031
2023-11-21,MSFT,365.9595947265625
2023-11-22,MSFT,370.6484680175781
2023-11-24,MSFT,370.2364196777344
2023-11-27,MSFT,371.39398193359375
2023-11-28,MSFT,375.4060974121094
2023-11-29,MSFT,371.62945556640625
2023-11-30,MSFT,371.6883239746094
2023-12-01,MSFT,367.3721618652344
2023-12-04,MSFT,362.1045227050781
2023-12-05,MSFT,365.4200439453125
2023-12-06,MSFT,361.7709045410156
2023-12-07,MSFT,363.8800354003906
2023-12-08,MSFT,367.0975036621094
2023-12-11,MSFT,364.2232971191406
2023-12-12,MSFT,367.24462890625
2023-12-13,MSFT,367.23480224609375
2023-12-14,MSFT,358.95562744140625
2023-12-15,MSFT,363.6641845703125
2023-12-18,MSFT,365.547607421875
2023-12-19,MSFT,366.1459655761719
2023-12-20,MSFT,363.5562438964844
2023-12-21,MSFT,366.420654296875
2023-12-22,MSFT,367.4407653808594
2023-12-26,MSFT,367.5192565917969
2023-12-27,MSFT,366.9405212402344
2023-12-28,MSFT,368.12750244140625
2023-12-29,MSFT,368.87298583984375
2020-01-02,NVDA,5.963803291320801
2020-01-03,NVDA,5.868347644805908
2020-01-06,NVDA,5.8929572105407715
2020-01-07,NVDA,5.964300632476807
2020-01-08,NVDA,5.9754862785339355
2020-01-09,NVDA,6.041112899780273
2020-01-10,NVDA,6.073428630828857
2020-01-13,NVDA,6.263846397399902
2020-01-14,NVDA,6.1470112800598145
2020-01-15,NVDA,6.1045026779174805
2020-01-16,NVDA,6.188027858734131
2020-01-17,NVDA,6.196727752685547
2020-01-21,NVDA,6.163416385650635
2020-01-22,NVDA,6.217360019683838
2020-01-23,NVDA,6.285720348358154
2020-01-24,NVDA,6.226558208465576
2020-01-27,NVDA,5.971010684967041
2020-01-28,NVDA,6.164164066314697
2020-01-29,NVDA,6.103755474090576
2020-01-30,NVDA,6.110468864440918
2020-01-31,NVDA,5.877295017242432
2020-02-03,NVDA,5.974244594573975
2020-02-04,NVDA,6.143282413482666
2020-02-05,NVDA,6.233518123626709
2020-02-06,NVDA,6.32027530670166
2020-02-07,NVDA,6.254149436950684
2020-02-10,NVDA,6.537040710449219
2020-02-11,NVDA,6.65934419631958
2020-02-12,NVDA,6.774935722351074
2020-02-13,NVDA,6.731184959411621
2020-02-14,NVDA,7.2037458419799805
2020-02-18,NVDA,7.372287273406982
2020-02-19,NVDA,7.822970390319824
2020-02-20,NVDA,7.673820972442627
2020-02-21,NVDA,7.310141563415527
2020-02-24,NVDA,6.793331146240234
2020-02-25,NVDA,6.514171123504639
2020-02-26,NVDA,6.653377532958984
2020-02-27,NVDA,6.283013820648193
2020-02-28,NVDA,6.717552185058594
2020-03-02,NVDA,6.875747203826904
2020-03-03,NVDA,6.613580703735352
2020-03-04,NVDA,7.076723098754883
2020-03-05,NVDA,6.797644138336182
2020-03-06,NVDA,6.617311954498291
2020-03-09,NVDA,6.104920387268066
2020-03-10,NVDA,6.493940830230713
2020-03-11,NVDA,6.130539894104004
2020-03-12,NVDA,5.380359649658203
2020-03-13,NVDA,5.990503311157227
2020-03-16,NVDA,4.885130405426025
2020-03-17,NVDA,5.404236793518066
2020-03-18,NVDA,5.044816493988037
2020-03-19,NVDA,5.297281265258789
2020-03-20,NVDA,5.1176981925964355
2020-03-23,NVDA,5.290317058563232
2020-03-24,NVDA,6.197947025299072
2020-03-25,NVDA,6.109396934509277
2020-03-26,NVDA,6.398425102233887
2020-03-27,NVDA,6.286247730255127
2020-03-30,NVDA,6.606119155883789
2020-03-31,NVDA,6.55662202835083
2020-04-01,NVDA,6.045971393585205
2020-04-02,NVDA,6.354401588439941
2020-04-03,NVDA,6.066864967346191
2020-04-06,NVDA,6.676012992858887
2020-04-07,NVDA,6.442949295043945
2020-04-08,NVDA,6.639946460723877
2020-04-09,NVDA,6.54045295715332
2020-04-13,NVDA,6.7120795249938965
2020-04-14,NVDA,7.062793254852295
2020-04-15,NVDA,6.985437393188477
2020-04-16,NVDA,7.3301825523376465
2020-04-17,NVDA,7.270984172821045
2020-04-20,NVDA,7.139902591705322
2020-04-21,NVDA,6.7036237716674805
2020-04-22,NVDA,7.117515563964844
2020-04-23,NVDA,7.064287185668945
2020-04-24,NVDA,7.203079700469971
2020-04-27,NVDA,7.38938045501709
2020-04-28,NVDA,7.247105121612549
2020-04-29,NVDA,7.423707962036133
2020-04-30,NVDA,7.269989490509033
2020-05-01,NVDA,7.033692359924316
2020-05-04,NVDA,7.245363712310791
2020-05-05,NVDA,7.306303977966309
2020-05-06,NVDA,7.407041072845459
2020-05-07,NVDA,7.5831451416015625
2020-05-08,NVDA,7.7729291915893555
2020-05-11,NVDA,8.024649620056152
2020-05-12,NVDA,7.762979984283447
2020-05-13,NVDA,7.740594387054443
2020-05-14,NVDA,7.9898271560668945
2020-05-15,NVDA,8.447742462158203
2020-05-18,NVDA,8.705928802490234
2020-05-19,NVDA,8.76090145111084
2020-05-20,NVDA,8.924567222595215
2020-05-21,NVDA,8.730803489685059
2020-05-22,NVDA,8.980531692504883
2020-05-26,NVDA,8.673593521118164
2020-05-27,NVDA,8.482069969177246
2020-05-28,NVDA,8.444010734558105
2020-05-29,NVDA,8.83054256439209
2020-06-01,NVDA,8.76164722442627
2020-06-02,NVDA,8.780549049377441
2020-06-03,NVDA,8.725082397460938
2020-06-04,NVDA,8.726078987121582
2020-06-05,NVDA,8.87886905670166
2020-06-08,NVDA,8.764399528503418
2020-06-09,NVDA,9.004286766052246
2020-06-10,NVDA,9.32356071472168
2020-06-11,NVDA,8.75568962097168
2020-06-12,NVDA,8.891311645507812
2020-06-15,NVDA,9.131448745727539
2020-06-16,NVDA,9.026681900024414
2020-06-17,NVDA,9.193412780761719
2020-06-18,NVDA,9.175496101379395
2020-06-19,NVDA,9.218544960021973
2020-06-22,NVDA,9.482820510864258
2020-06-23,NVDA,9.406426429748535
2020-06-24,NVDA,9.192915916442871
2020-06-25,NVDA,9.446240425109863
2020-06-26,NVDA,9.112786293029785
2020-06-29,NVDA,9.157580375671387
2020-06-30,NVDA,9.453957557678223
2020-07-01,NVDA,9.486056327819824
2020-07-02,NVDA,9.567926406860352
2020-07-06,NVDA,9.793880462646484
2020-07-07,NVDA,9.8262300491333
2020-07-08,NVDA,10.168893814086914
2020-07-09,NVDA,10.460541725158691
2020-07-10,NVDA,10.430930137634277
2020-07-13,NVDA,10.005900382995605
2020-07-14,NVDA,10.329151153564453
2020-07-15,NVDA,10.180091857910156
2020-07-16,NVDA,10.088020324707031
2020-07-17,NVDA,10.154462814331055
2020-07-20,NVDA,10.46228313446045
2020-07-21,NVDA,10.280877113342285
2020-07-22,NVDA,10.390615463256836
2020-07-23,NVDA,10.083040237426758
2020-07-24,NVDA,10.147491455078125
2020-07-27,NVDA,10.373444557189941
2020-07-28,NVDA,10.168396949768066
2020-07-29,NVDA,10.417242050170898
2020-07-30,NVDA,10.56506061553955
2020-07-31,NVDA,10.565805435180664
2020-08-03,NVDA,10.959482192993164
2020-08-04,NVDA,11.175978660583496
2020-08-05,NVDA,11.234708786010742
2020-08-06,NVDA,11.283231735229492
2020-08-07,NVDA,11.147859573364258
2020-08-10,NVDA,11.113519668579102
2020-08-11,NVDA,10.799967765808105
2020-08-12,NVDA,11.38749885559082
2020-08-13,NVDA,11.390233993530273
2020-08-14,NVDA,11.5106782913208
2020-08-17,NVDA,12.280112266540527
2020-08-18,NVDA,12.204215049743652
2020-08-19,NVDA,12.082528114318848
2020-08-20,NVDA,12.085017204284668
2020-08-21,NVDA,12.625018119812012
2020-08-24,NVDA,12.661593437194824
2020-08-25,NVDA,12.691210746765137
2020-08-26,NVDA,12.714101791381836
2020-08-27,NVDA,12.570018768310547
2020-08-28,NVDA,13.08712387084961
2020-08-31,NVDA,13.31282901763916
2020-09-01,NVDA,13.76138687133789
2020-09-02,NVDA,14.28462028503418
2020-09-03,NVDA,12.959360122680664
2020-09-04,NVDA,12.568058013916016
2020-09-08,NVDA,11.861616134643555
2020-09-09,NVDA,12.660158157348633
2020-09-10,NVDA,12.258646965026855
2020-09-11,NVDA,12.112032890319824
2020-09-14,NVDA,12.816727638244629
2020-09-15,NVDA,12.934967041015625
2020-09-16,NVDA,12.46052074432373
2020-09-17,NVDA,12.40974235534668
2020-09-18,NVDA,12.136672019958496
2020-09-21,NVDA,12.46325969696045
2020-09-22,NVDA,12.583240509033203
2020-09-23,NVDA,12.071455955505371
2020-09-24,NVDA,12.294740676879883
2020-09-25,NVDA,12.818221092224121
2020-09-28,NVDA,12.978775978088379
2020-09-29,NVDA,13.168705940246582
2020-09-30,NVDA,13.472140312194824
2020-10-01,NVDA,13.555776596069336
2020-10-02,NVDA,13.005908966064453
2020-10-05,NVDA,13.583656311035156
2020-10-06,NVDA,13.677252769470215
2020-10-07,NVDA,13.90377140045166
2020-10-08,NVDA,13.779060363769531
2020-10-09,NVDA,13.703387260437012
2020-10-12,NVDA,14.164640426635742
2020-10-13,NVDA,14.18679141998291
2020-10-14,NVDA,14.034452438354492
2020-10-15,NVDA,13.909745216369629
2020-10-16,NVDA,13.751927375793457
2020-10-19,NVDA,13.439530372619629
2020-10-20,NVDA,13.58664321899414
2020-10-21,NVDA,13.466413497924805
2020-10-22,NVDA,13.30337142944336
2020-10-23,NVDA,13.531634330749512
2020-10-26,NVDA,13.084569931030273
2020-10-27,NVDA,13.33896541595459
2020-10-28,NVDA,12.572535514831543
2020-10-29,NVDA,12.967822074890137
2020-10-30,NVDA,12.479937553405762
2020-11-02,NVDA,12.52648639678955
2020-11-03,NVDA,12.96334457397461
2020-11-04,NVDA,13.73475170135498
2020-11-05,NVDA,14.098923683166504
2020-11-06,NVDA,14.499192237854004
2020-11-09,NVDA,13.571956634521484
2020-11-10,NVDA,12.714919090270996
2020-11-11,NVDA,13.360125541687012
2020-11-12,NVDA,13.398706436157227
2020-11-13,NVDA,13.23964786529541
2020-11-16,NVDA,13.456953048706055
2020-11-17,NVDA,13.36435604095459
2020-11-18,NVDA,13.370829582214355
2020-11-19,NVDA,13.382279396057129
2020-11-20,NVDA,13.031299591064453
2020-11-23,NVDA,13.08332347869873
2020-11-24,NVDA,12.901861190795898
2020-11-25,NVDA,13.177664756774902
2020-11-27,NVDA,13.204048156738281
2020-11-30,NVDA,13.343696594238281
2020-12-01,NVDA,13.332246780395508
2020-12-02,NVDA,13.486077308654785
2020-12-03,NVDA,13.34216022491455
2020-12-04,NVDA,13.503759384155273
2020-12-07,NVDA,13.552064895629883
2020-12-08,NVDA,13.296344757080078
2020-12-09,NVDA,12.878780364990234
2020-12-10,NVDA,12.920114517211914
2020-12-11,NVDA,12.960948944091797
2020-12-14,NVDA,13.255260467529297
2020-12-15,NVDA,13.306802749633789
2020-12-16,NVDA,13.189276695251465
2020-12-17,NVDA,13.28763198852539
2020-12-18,NVDA,13.218659400939941
2020-12-21,NVDA,13.278666496276855
2020-12-22,NVDA,13.224885940551758
2020-12-23,NVDA,12.956963539123535
2020-12-24,NVDA,12.94152545928955
2020-12-28,NVDA,12.84815502166748
2020-12-29,NVDA,12.891229629516602
2020-12-30,NVDA,13.092915534973145
2020-12-31,NVDA,13.002531051635742
2021-01-04,NVDA,13.060794830322266
2021-01-05,NVDA,13.350874900817871
2021-01-06,NVDA,12.563800811767578
2021-01-07,NVDA,13.290369033813477
2021-01-08,NVDA,13.223387718200684
2021-01-11,NVDA,13.566755294799805
2021-01-12,NVDA,13.43055248260498
2021-01-13,NVDA,13.477364540100098
2021-01-14,NVDA,13.147198677062988
2021-01-15,NVDA,12.807817459106445
2021-01-19,NVDA,12.972900390625
2021-01-20,NVDA,13.312031745910645
2021-01-21,NVDA,13.811768531799316
2021-01-22,NVDA,13.657387733459473
2021-01-25,NVDA,13.59837532043457
2021-01-26,NVDA,13.381250381469727
2021-01-27,NVDA,12.865836143493652
2021-01-28,NVDA,12.99854564666748
2021-01-29,NVDA,12.937544822692871
2021-02-01,NVDA,13.183801651000977
2021-02-02,NVDA,13.5022611618042
2021-02-03,NVDA,13.476119995117188
2021-02-04,NVDA,13.609332084655762
2021-02-05,NVDA,13.536375999450684
2021-02-08,NVDA,14.380721092224121
2021-02-09,NVDA,14.205924987792969
2021-02-10,NVDA,14.704910278320312
2021-02-11,NVDA,15.189456939697266
2021-02-12,NVDA,14.901119232177734
2021-02-16,NVDA,15.268636703491211
2021-02-17,NVDA,14.846091270446777
2021-02-18,NVDA,14.769401550292969
2021-02-19,NVDA,14.866510391235352
2021-02-22,NVDA,14.298053741455078
2021-02-23,NVDA,14.085161209106445
2021-02-24,NVDA,14.440727233886719
2021-02-25,NVDA,13.254015922546387
2021-02-26,NVDA,13.659379005432129
2021-03-01,NVDA,13.786117553710938
2021-03-02,NVDA,13.35236930847168
2021-03-03,NVDA,12.753288269042969
2021-03-04,NVDA,12.320533752441406
2021-03-05,NVDA,12.411415100097656
2021-03-08,NVDA,11.546656608581543
2021-03-09,NVDA,12.474235534667969
2021-03-10,NVDA,12.422425270080566
2021-03-11,NVDA,12.9457426071167
2021-03-12,NVDA,12.80875015258789
2021-03-15,NVDA,13.142766952514648
2021-03-16,NVDA,13.242399215698242
2021-03-17,NVDA,13.292219161987305
2021-03-18,NVDA,12.675742149353027
2021-03-19,NVDA,12.798538208007812
2021-03-22,NVDA,13.137784957885742
2021-03-23,NVDA,13.022710800170898
2021-03-24,NVDA,12.596531867980957
2021-03-25,NVDA,12.489177703857422
2021-03-26,NVDA,12.792062759399414
2021-03-29,NVDA,12.900659561157227
2021-03-30,NVDA,12.824443817138672
2021-03-31,NVDA,13.29919147491455
2021-04-01,NVDA,13.76098918914795
2021-04-05,NVDA,13.9360933303833
2021-04-06,NVDA,13.810552597045898
2021-04-07,NVDA,14.09151840209961
2021-04-08,NVDA,14.26438045501709
2021-04-09,NVDA,14.347077369689941
2021-04-12,NVDA,15.153101921081543
2021-04-13,NVDA,15.621870040893555
2021-04-14,NVDA,15.220854759216309
2021-04-15,NVDA,16.077939987182617
2021-04-16,NVDA,15.85401725769043
2021-04-19,NVDA,15.305290222167969
2021-04-20,NVDA,15.115490913391113
2021-04-21,NVDA,15.304045677185059
2021-04-22,NVDA,14.795670509338379
2021-04-23,NVDA,15.209147453308105
2021-04-26,NVDA,15.421112060546875
2021-04-27,NVDA,15.325218200683594
2021-04-28,NVDA,15.220603942871094
2021-04-29,NVDA,15.268425941467285
2021-04-30,NVDA,14.954337120056152
2021-05-03,NVDA,14.782221794128418
2021-05-04,NVDA,14.298505783081055
2021-05-05,NVDA,14.405359268188477
2021-05-06,NVDA,14.469624519348145
2021-05-07,NVDA,14.75780963897705
2021-05-10,NVDA,14.21331787109375
2021-05-11,NVDA,14.253668785095215
2021-05-12,NVDA,13.707934379577637
2021-05-13,NVDA,13.61502742767334
2021-05-14,NVDA,14.190652847290039
2021-05-17,NVDA,14.113434791564941
2021-05-18,NVDA,13.964237213134766
2021-05-19,NVDA,14.014053344726562
2021-05-20,NVDA,14.558794975280762
2021-05-21,NVDA,14.936651229858398
2021-05-24,NVDA,15.554620742797852
2021-05-25,NVDA,15.590237617492676
2021-05-26,NVDA,15.642297744750977
2021-05-27,NVDA,15.43107795715332
2021-05-28,NVDA,16.184791564941406
2021-06-01,NVDA,16.20471954345703
2021-06-02,NVDA,16.716583251953125
2021-06-03,NVDA,16.907379150390625
2021-06-04,NVDA,17.513643264770508
2021-06-07,NVDA,17.554244995117188
2021-06-08,NVDA,17.39284324645996
2021-06-09,NVDA,17.298416137695312
2021-06-10,NVDA,17.36493492126465
2021-06-11,NVDA,17.763805389404297
2021-06-14,NVDA,17.956636428833008
2021-06-15,NVDA,17.727184295654297
2021-06-16,NVDA,17.748859405517578
2021-06-17,NVDA,18.59293556213379
2021-06-18,NVDA,18.574504852294922
2021-06-21,NVDA,18.363733291625977
2021-06-22,NVDA,18.821645736694336
2021-06-23,NVDA,18.991561889648438
2021-06-24,NVDA,19.139299392700195
2021-06-25,NVDA,18.96540069580078
2021-06-28,NVDA,19.916109085083008
2021-06-29,NVDA,19.957717895507812
2021-06-30,NVDA,19.933551788330078
2021-07-01,NVDA,20.14232635498047
2021-07-02,NVDA,20.416379928588867
2021-07-06,NVDA,20.627153396606445
2021-07-07,NVDA,20.301530838012695
2021-07-08,NVDA,19.83414649963379
2021-07-09,NVDA,19.98113441467285
2021-07-12,NVDA,20.44179916381836
2021-07-13,NVDA,20.18019676208496
2021-07-14,NVDA,19.77310562133789
2021-07-15,NVDA,18.9008731842041
2021-07-16,NVDA,18.09839630126953
2021-07-19,NVDA,18.715017318725586
2021-07-20,NVDA,18.5478458404541
2021-07-21,NVDA,19.343095779418945
2021-07-22,NVDA,19.526458740234375
2021-07-23,NVDA,19.490583419799805
2021-07-26,NVDA,19.22749900817871
2021-07-27,NVDA,19.14179039001465
2021-07-28,NVDA,19.435771942138672
2021-07-29,NVDA,19.594228744506836
2021-07-30,NVDA,19.431791305541992
2021-08-02,NVDA,19.681917190551758
2021-08-03,NVDA,19.746700286865234
2021-08-04,NVDA,20.204111099243164
2021-08-05,NVDA,20.565866470336914
2021-08-06,NVDA,20.29579734802246
2021-08-09,NVDA,20.22504234313965
2021-08-10,NVDA,19.86728286743164
2021-08-11,NVDA,19.631099700927734
2021-08-12,NVDA,19.836393356323242
2021-08-13,NVDA,20.1184139251709
2021-08-16,NVDA,19.88123321533203
2021-08-17,NVDA,19.39092445373535
2021-08-18,NVDA,18.9743709564209
2021-08-19,NVDA,19.72975730895996
2021-08-20,NVDA,20.744247436523438
2021-08-23,NVDA,21.882312774658203
2021-08-24,NVDA,21.71787452697754
2021-08-25,NVDA,22.136430740356445
2021-08-26,NVDA,21.991933822631836
2021-08-27,NVDA,22.557968139648438
2021-08-30,NVDA,22.60979461669922
2021-08-31,NVDA,22.31177520751953
2021-09-01,NVDA,22.367591857910156
2021-09-02,NVDA,22.322736740112305
2021-09-03,NVDA,22.768274307250977
2021-09-07,NVDA,22.587867736816406
2021-09-08,NVDA,22.26592254638672
2021-09-09,NVDA,22.10445785522461
2021-09-10,NVDA,22.404470443725586
2021-09-13,NVDA,22.079532623291016
2021-09-14,NVDA,22.16924285888672
2021-09-15,NVDA,22.26791763305664
2021-09-16,NVDA,22.16924285888672
2021-09-17,NVDA,21.82835578918457
2021-09-20,NVDA,21.04393768310547
2021-09-21,NVDA,21.176502227783203
2021-09-22,NVDA,21.869230270385742
2021-09-23,NVDA,22.40845489501953
2021-09-24,NVDA,22.00876235961914
2021-09-27,NVDA,21.589147567749023
2021-09-28,NVDA,20.631290435791016
2021-09-29,NVDA,20.44988250732422
2021-09-30,NVDA,20.648231506347656
2021-10-01,NVDA,20.674150466918945
2021-10-04,NVDA,19.66745376586914
2021-10-05,NVDA,20.38409423828125
2021-10-06,NVDA,20.632286071777344
2021-10-07,NVDA,21.006059646606445
2021-10-08,NVDA,20.762855529785156
2021-10-11,NVDA,20.62729835510254
2021-10-12,NVDA,20.60338020324707
2021-10-13,NVDA,20.870500564575195
2021-10-14,NVDA,21.674863815307617
2021-10-15,NVDA,21.790485382080078
2021-10-18,NVDA,22.14930534362793
2021-10-19,NVDA,22.217084884643555
2021-10-20,NVDA,22.03069305419922
2021-10-21,NVDA,22.617769241333008
2021-10-22,NVDA,22.651655197143555
2021-10-25,NVDA,23.090213775634766
2021-10-26,NVDA,24.636144638061523
2021-10-27,NVDA,24.371013641357422
2021-10-28,NVDA,24.859411239624023
2021-10-29,NVDA,25.483366012573242
2021-11-01,NVDA,25.74251365661621
2021-11-02,NVDA,26.314640045166016
2021-11-03,NVDA,26.510990142822266
2021-11-04,NVDA,29.703514099121094
2021-11-05,NVDA,29.654674530029297
2021-11-08,NVDA,30.703231811523438
2021-11-09,NVDA,30.556713104248047
2021-11-10,NVDA,29.362632751464844
2021-11-11,NVDA,30.29058837890625
2021-11-12,NVDA,30.29058837890625
2021-11-15,NVDA,29.926782608032227
2021-11-16,NVDA,30.104198455810547
2021-11-17,NVDA,29.165279388427734
2021-11-18,NVDA,31.57138442993164
2021-11-19,NVDA,32.87709045410156
2021-11-22,NVDA,31.851463317871094
2021-11-23,NVDA,31.642152786254883
2021-11-24,NVDA,32.56712341308594
2021-11-26,NVDA,31.399948120117188
2021-11-29,NVDA,33.26682662963867
2021-11-30,NVDA,32.56911087036133
2021-12-01,NVDA,31.336008071899414
2021-12-02,NVDA,32.02482986450195
2021-12-03,NVDA,30.59634017944336
2021-12-06,NVDA,29.942411422729492
2021-12-07,NVDA,32.32487106323242
2021-12-08,NVDA,31.72577476501465
2021-12-09,NVDA,30.393978118896484
2021-12-10,NVDA,30.102901458740234
2021-12-13,NVDA,28.072311401367188
2021-12-14,NVDA,28.24776268005371
2021-12-15,NVDA,30.363079071044922
2021-12-16,NVDA,28.297603607177734
2021-12-17,NVDA,27.713449478149414
2021-12-20,NVDA,27.631702423095703
2021-12-21,NVDA,28.983442306518555
2021-12-22,NVDA,29.30741310119629
2021-12-23,NVDA,29.546655654907227
2021-12-27,NVDA,30.847549438476562
2021-12-28,NVDA,30.22650718688965
2021-12-29,NVDA,29.90652084350586
2021-12-30,NVDA,29.492826461791992
2021-12-31,NVDA,29.318382263183594
2022-01-03,NVDA,30.02614402770996
2022-01-04,NVDA,29.19776153564453
2022-01-05,NVDA,27.517070770263672
2022-01-06,NVDA,28.089262008666992
2022-01-07,NVDA,27.161195755004883
2022-01-10,NVDA,27.313711166381836
2022-01-11,NVDA,27.729394912719727
2022-01-12,NVDA,27.91082763671875
2022-01-13,NVDA,26.491308212280273
2022-01-14,NVDA,26.857154846191406
2022-01-18,NVDA,25.82143211364746
2022-01-19,NVDA,24.988056182861328
2022-01-20,NVDA,24.073945999145508
2022-01-21,NVDA,23.300390243530273
2022-01-24,NVDA,23.298397064208984
2022-01-25,NVDA,22.253698348999023
2022-01-26,NVDA,22.700281143188477
2022-01-27,NVDA,21.87489128112793
2022-01-28,NVDA,22.768070220947266
2022-01-31,NVDA,24.40888786315918
2022-02-01,NVDA,24.560409545898438
2022-02-02,NVDA,25.162506103515625
2022-02-03,NVDA,23.87258529663086
2022-02-04,NVDA,24.242416381835938
2022-02-07,NVDA,24.650129318237305
2022-02-08,NVDA,25.028932571411133
2022-02-09,NVDA,26.620901107788086
2022-02-10,NVDA,25.74267578125
2022-02-11,NVDA,23.873579025268555
2022-02-14,NVDA,24.19057846069336
2022-02-15,NVDA,26.411563873291016
2022-02-16,NVDA,26.427513122558594
2022-02-17,NVDA,24.429819107055664
2022-02-18,NVDA,23.567546844482422
2022-02-22,NVDA,23.316343307495117
2022-02-23,NVDA,22.31649398803711
2022-02-24,NVDA,23.67321014404297
2022-02-25,NVDA,24.08092498779297
2022-02-28,NVDA,24.308208465576172
2022-03-01,NVDA,23.403064727783203
2022-03-02,NVDA,24.147842407226562
2022-03-03,NVDA,23.643354415893555
2022-03-04,NVDA,22.867666244506836
2022-03-07,NVDA,21.28838539123535
2022-03-08,NVDA,21.44990348815918
2022-03-09,NVDA,22.9454345703125
2022-03-10,NVDA,22.59048843383789
2022-03-11,NVDA,22.03415870666504
2022-03-14,NVDA,21.266447067260742
2022-03-15,NVDA,22.90455436706543
2022-03-16,NVDA,24.423019409179688
2022-03-17,NVDA,24.692211151123047
2022-03-18,NVDA,26.374183654785156
2022-03-21,NVDA,26.65435028076172
2022-03-22,NVDA,26.444976806640625
2022-03-23,NVDA,25.557626724243164
2022-03-24,NVDA,28.066131591796875
2022-03-25,NVDA,27.6094970703125
2022-03-28,NVDA,28.13492774963379
2022-03-29,NVDA,28.570621490478516
2022-03-30,NVDA,27.60750389099121
2022-03-31,NVDA,27.2047061920166
2022-04-01,NVDA,26.632417678833008
2022-04-04,NVDA,27.278486251831055
2022-04-05,NVDA,25.853742599487305
2022-04-06,NVDA,24.334285736083984
2022-04-07,NVDA,24.135875701904297
2022-04-08,NVDA,23.05011558532715
2022-04-11,NVDA,21.851699829101562
2022-04-12,NVDA,21.439931869506836
2022-04-13,NVDA,22.136852264404297
2022-04-14,NVDA,21.19466209411621
2022-04-18,NVDA,21.71809959411621
2022-04-19,NVDA,22.131864547729492
2022-04-20,NVDA,21.418001174926758
2022-04-21,NVDA,20.12286949157715
2022-04-22,NVDA,19.456857681274414
2022-04-25,NVDA,19.842708587646484
2022-04-26,NVDA,18.73202133178711
2022-04-27,NVDA,18.360136032104492
2022-04-28,NVDA,19.72306251525879
2022-04-29,NVDA,18.491741180419922
2022-05-02,NVDA,19.474803924560547
2022-05-03,NVDA,19.543598175048828
2022-05-04,NVDA,20.273420333862305
2022-05-05,NVDA,18.787858963012695
2022-05-06,NVDA,18.61935806274414
2022-05-09,NVDA,16.899497985839844
2022-05-10,NVDA,17.542577743530273
2022-05-11,NVDA,16.580448150634766
2022-05-12,NVDA,16.126802444458008
2022-05-13,NVDA,17.653247833251953
2022-05-16,NVDA,17.212560653686523
2022-05-17,NVDA,18.12284278869629
2022-05-18,NVDA,16.887535095214844
2022-05-19,NVDA,17.072982788085938
2022-05-20,NVDA,16.64426612854004
2022-05-23,NVDA,16.847654342651367
2022-05-24,NVDA,16.10586929321289
2022-05-25,NVDA,16.924427032470703
2022-05-26,NVDA,17.79781723022461
2022-05-27,NVDA,18.75495719909668
2022-05-31,NVDA,18.616374969482422
2022-06-01,NVDA,18.265419006347656
2022-06-02,NVDA,19.53363037109375
2022-06-03,NVDA,18.664226531982422
2022-06-06,NVDA,18.730026245117188
2022-06-07,NVDA,18.869613647460938
2022-06-08,NVDA,18.59636878967285
2022-06-09,NVDA,17.998029708862305
2022-06-10,NVDA,16.927013397216797
2022-06-13,NVDA,15.603680610656738
2022-06-14,NVDA,15.792156219482422
2022-06-15,NVDA,16.481245040893555
2022-06-16,NVDA,15.557807922363281
2022-06-17,NVDA,15.836033821105957
2022-06-21,NVDA,16.52013397216797
2022-06-22,NVDA,16.31471061706543
2022-06-23,NVDA,16.180084228515625
2022-06-24,NVDA,17.078584671020508
2022-06-27,NVDA,16.822294235229492
2022-06-28,NVDA,15.93775463104248
2022-06-29,NVDA,15.49897289276123
2022-06-30,NVDA,15.11703109741211
2022-07-01,NVDA,14.482792854309082
2022-07-05,NVDA,14.922569274902344
2022-07-06,NVDA,15.088111877441406
2022-07-07,NVDA,15.814094543457031
2022-07-08,NVDA,15.79415225982666
2022-07-11,NVDA,15.110052108764648
2022-07-12,NVDA,15.040244102478027
2022-07-13,NVDA,15.122017860412598
2022-07-14,NVDA,15.329442024230957
2022-07-15,NVDA,15.718362808227539
2022-07-18,NVDA,16.056421279907227
2022-07-19,NVDA,16.94495964050293
2022-07-20,NVDA,17.757699966430664
2022-07-21,NVDA,18.000024795532227
2022-07-22,NVDA,17.271053314208984
2022-07-25,NVDA,16.976865768432617
2022-07-26,NVDA,16.487228393554688
2022-07-27,NVDA,17.74074935913086
2022-07-28,NVDA,17.93421173095703
2022-07-29,NVDA,18.112716674804688
2022-08-01,NVDA,18.389942169189453
2022-08-02,NVDA,18.474712371826172
2022-08-03,NVDA,18.8406925201416
2022-08-04,NVDA,19.161802291870117
2022-08-05,NVDA,18.936429977416992
2022-08-08,NVDA,17.743732452392578
2022-08-09,NVDA,17.038694381713867
2022-08-10,NVDA,18.046897888183594
2022-08-11,NVDA,17.89232635498047
2022-08-12,NVDA,18.65720558166504
2022-08-15,NVDA,18.979307174682617
2022-08-16,NVDA,18.826732635498047
2022-08-17,NVDA,18.284238815307617
2022-08-18,NVDA,18.72102928161621
2022-08-19,NVDA,17.799583435058594
2022-08-22,NVDA,16.98683738708496
2022-08-23,NVDA,17.13343048095703
2022-08-24,NVDA,17.174320220947266
2022-08-25,NVDA,17.8634033203125
2022-08-26,NVDA,16.214982986450195
2022-08-29,NVDA,15.757253646850586
2022-08-30,NVDA,15.425176620483398
2022-08-31,NVDA,15.05221176147461
2022-09-01,NVDA,13.898415565490723
2022-09-02,NVDA,13.609217643737793
2022-09-06,NVDA,13.42772102355957
2022-09-07,NVDA,13.680096626281738
2022-09-08,NVDA,13.955415725708008
2022-09-09,NVDA,14.351430892944336
2022-09-12,NVDA,14.469139099121094
2022-09-13,NVDA,13.098535537719727
2022-09-14,NVDA,13.095544815063477
2022-09-15,NVDA,12.897035598754883
2022-09-16,NVDA,13.165369987487793
2022-09-19,NVDA,13.348917007446289
2022-09-20,NVDA,13.143425941467285
2022-09-21,NVDA,13.228217124938965
2022-09-22,NVDA,12.529945373535156
2022-09-23,NVDA,12.485057830810547
2022-09-26,NVDA,12.197771072387695
2022-09-27,NVDA,12.38231372833252
2022-09-28,NVDA,12.704514503479004
2022-09-29,NVDA,12.189787864685059
2022-09-30,NVDA,12.108990669250488
2022-10-03,NVDA,12.481066703796387
2022-10-04,NVDA,13.134448051452637
2022-10-05,NVDA,13.17634391784668
2022-10-06,NVDA,13.097538948059082
2022-10-07,NVDA,12.046146392822266
2022-10-10,NVDA,11.64115047454834
2022-10-11,NVDA,11.557357788085938
2022-10-12,NVDA,11.47156810760498
2022-10-13,NVDA,11.93043327331543
2022-10-14,NVDA,11.199244499206543
2022-10-17,NVDA,11.858610153198242
2022-10-18,NVDA,11.937413215637207
2022-10-19,NVDA,12.021206855773926
2022-10-20,NVDA,12.163856506347656
2022-10-21,NVDA,12.435179710388184
2022-10-24,NVDA,12.567853927612305
2022-10-25,NVDA,13.228217124938965
2022-10-26,NVDA,12.864118576049805
2022-10-27,NVDA,13.143425941467285
2022-10-28,NVDA,13.799798011779785
2022-10-31,NVDA,13.463632583618164
2022-11-01,NVDA,13.509517669677734
2022-11-02,NVDA,13.186318397521973
2022-11-03,NVDA,13.38782024383545
2022-11-04,NVDA,14.121003150939941
2022-11-07,NVDA,14.265644073486328
2022-11-08,NVDA,14.565900802612305
2022-11-09,NVDA,13.741941452026367
2022-11-10,NVDA,15.711061477661133
2022-11-11,NVDA,16.286632537841797
2022-11-14,NVDA,16.25471305847168
2022-11-15,NVDA,16.624797821044922
2022-11-16,NVDA,15.87066650390625
2022-11-17,NVDA,15.638242721557617
2022-11-18,NVDA,15.370904922485352
2022-11-21,NVDA,15.279133796691895
2022-11-22,NVDA,15.9983491897583
2022-11-23,NVDA,16.47816276550293
2022-11-25,NVDA,16.229782104492188
2022-11-28,NVDA,15.787870407104492
2022-11-29,NVDA,15.600337028503418
2022-11-30,NVDA,16.885482788085938
2022-12-01,NVDA,17.097007751464844
2022-12-02,NVDA,16.838586807250977
2022-12-05,NVDA,16.57317543029785
2022-12-06,NVDA,15.951556205749512
2022-12-07,NVDA,16.08426284790039
2022-12-08,NVDA,17.130937576293945
2022-12-09,NVDA,16.96330451965332
2022-12-12,NVDA,17.49612808227539
2022-12-13,NVDA,18.03193473815918
2022-12-14,NVDA,17.634815216064453
2022-12-15,NVDA,16.914417266845703
2022-12-16,NVDA,16.534259796142578
2022-12-19,NVDA,16.21796226501465
2022-12-20,NVDA,16.04934310913086
2022-12-21,NVDA,16.464414596557617
2022-12-22,NVDA,15.30499267578125
2022-12-23,NVDA,15.172286987304688
2022-12-27,NVDA,14.089692115783691
2022-12-28,NVDA,14.0048828125
2022-12-29,NVDA,14.570623397827148
2022-12-30,NVDA,14.581599235534668
2023-01-03,NVDA,14.2832612991333
2023-01-04,NVDA,14.716299057006836
2023-01-05,NVDA,14.233375549316406
2023-01-06,NVDA,14.826055526733398
2023-01-09,NVDA,15.593352317810059
2023-01-10,NVDA,15.87372875213623
2023-01-11,NVDA,15.965524673461914
2023-01-12,NVDA,16.474393844604492
2023-01-13,NVDA,16.861534118652344
2023-01-17,NVDA,17.662755966186523
2023-01-18,NVDA,17.338478088378906
2023-01-19,NVDA,16.727827072143555
2023-01-20,NVDA,17.79945182800293
2023-01-23,NVDA,19.150447845458984
2023-01-24,NVDA,19.222286224365234
2023-01-25,NVDA,19.28015899658203
2023-01-26,NVDA,19.75809669494629
2023-01-27,NVDA,20.319849014282227
2023-01-30,NVDA,19.119518280029297
2023-01-31,NVDA,19.49368667602539
2023-02-01,NVDA,20.896570205688477
2023-02-02,NVDA,21.660871505737305
2023-02-03,NVDA,21.05322265625
2023-02-06,NVDA,21.04224395751953
2023-02-07,NVDA,22.123842239379883
2023-02-08,NVDA,22.1557674407959
2023-02-09,NVDA,22.287477493286133
2023-02-10,NVDA,21.217859268188477
2023-02-13,NVDA,21.73969268798828
2023-02-14,NVDA,22.920068740844727
2023-02-15,NVDA,22.713523864746094
2023-02-16,NVDA,21.95322036743164
2023-02-17,NVDA,21.34058380126953
2023-02-21,NVDA,20.609209060668945
2023-02-22,NVDA,20.70798683166504
2023-02-23,NVDA,23.611536026000977
2023-02-24,NVDA,23.234373092651367
2023-02-27,NVDA,23.448898315429688
2023-02-28,NVDA,23.164531707763672
2023-03-01,NVDA,22.64767837524414
2023-03-02,NVDA,23.262310028076172
2023-03-03,NVDA,23.837034225463867
2023-03-06,NVDA,23.501781463623047
2023-03-07,NVDA,23.24031639099121
2023-03-08,NVDA,24.131486892700195
2023-03-09,NVDA,23.38801383972168
2023-03-10,NVDA,22.917978286743164
2023-03-13,NVDA,22.91897201538086
2023-03-14,NVDA,24.01372528076172
2023-03-15,NVDA,24.178388595581055
2023-03-16,NVDA,25.488706588745117
2023-03-17,NVDA,25.672327041625977
2023-03-20,NVDA,25.846967697143555
2023-03-21,NVDA,26.14535140991211
2023-03-22,NVDA,26.41380500793457
2023-03-23,NVDA,27.13532257080078
2023-03-24,NVDA,26.724164962768555
2023-03-27,NVDA,26.476673126220703
2023-03-28,NVDA,26.355928421020508
2023-03-29,NVDA,26.928749084472656
2023-03-30,NVDA,27.326927185058594
2023-03-31,NVDA,27.720125198364258
2023-04-03,NVDA,27.90773582458496
2023-04-04,NVDA,27.396787643432617
2023-04-05,NVDA,26.82596206665039
2023-04-06,NVDA,26.981639862060547
2023-04-10,NVDA,27.522531509399414
2023-04-11,NVDA,27.113370895385742
2023-04-12,NVDA,26.44074821472168
2023-04-13,NVDA,26.408811569213867
2023-04-14,NVDA,26.703210830688477
2023-04-17,NVDA,26.94670867919922
2023-04-18,NVDA,27.610349655151367
2023-04-19,NVDA,27.873809814453125
2023-04-20,NVDA,27.048498153686523
2023-04-21,NVDA,27.0634708404541
2023-04-24,NVDA,26.986629486083984
2023-04-25,NVDA,26.187271118164062
2023-04-26,NVDA,26.90080451965332
2023-04-27,NVDA,27.170251846313477
2023-04-28,NVDA,27.692184448242188
2023-05-01,NVDA,28.850805282592773
2023-05-02,NVDA,28.152236938476562
2023-05-03,NVDA,27.745071411132812
2023-05-04,NVDA,27.505565643310547
2023-05-05,NVDA,28.621278762817383
2023-05-08,NVDA,29.091310501098633
2023-05-09,NVDA,28.51249885559082
2023-05-10,NVDA,28.825857162475586
2023-05-11,NVDA,28.519481658935547
2023-05-12,NVDA,28.281970977783203
2023-05-15,NVDA,28.893718719482422
2023-05-16,NVDA,29.153182983398438
2023-05-17,NVDA,30.116209030151367
2023-05-18,NVDA,31.613134384155273
2023-05-19,NVDA,31.199981689453125
2023-05-22,NVDA,31.112163543701172
2023-05-23,NVDA,30.625164031982422
2023-05-24,NVDA,30.4754695892334
2023-05-25,NVDA,37.9022331237793
2023-05-26,NVDA,38.86625289916992
2023-05-30,NVDA,40.02886962890625
2023-05-31,NVDA,37.75653076171875
2023-06-01,NVDA,39.68856430053711
2023-06-02,NVDA,39.2464714050293
2023-06-05,NVDA,39.09079360961914
2023-06-06,NVDA,38.57485580444336
2023-06-07,NVDA,37.40212631225586
2023-06-08,NVDA,38.43511962890625
2023-06-09,NVDA,38.694618225097656
2023-06-12,NVDA,39.405235290527344
2023-06-13,NVDA,40.94224166870117
2023-06-14,NVDA,42.91340255737305
2023-06-15,NVDA,42.57007598876953
2023-06-16,NVDA,42.60899353027344
2023-06-20,NVDA,43.72282028198242
2023-06-21,NVDA,42.961307525634766
2023-06-22,NVDA,42.941341400146484
2023-06-23,NVDA,42.126930236816406
2023-06-26,NVDA,40.55299758911133
2023-06-27,NVDA,41.794578552246094
2023-06-28,NVDA,41.037052154541016
2023-06-29,NVDA,40.74263000488281
2023-06-30,NVDA,42.219749450683594
2023-07-03,NVDA,42.330528259277344
2023-07-05,NVDA,42.2347297668457
2023-07-06,NVDA,42.021141052246094
2023-07-07,NVDA,42.420352935791016
2023-07-10,NVDA,42.097991943359375
2023-07-11,NVDA,42.322547912597656
2023-07-12,NVDA,43.81663513183594
2023-07-13,NVDA,45.88760757446289
2023-07-14,NVDA,45.38059997558594
2023-07-17,NVDA,46.37065887451172
2023-07-18,NVDA,47.40165328979492
2023-07-19,NVDA,46.98546600341797
2023-07-20,NVDA,45.431488037109375
2023-07-21,NVDA,44.22285461425781
2023-07-24,NVDA,44.5252571105957
2023-07-25,NVDA,45.590187072753906
2023-07-26,NVDA,45.36362075805664
2023-07-27,NVDA,45.81075668334961
2023-07-28,NVDA,46.65910339355469
2023-07-31,NVDA,46.63813781738281
2023-08-01,NVDA,46.41657257080078
2023-08-02,NVDA,44.18292999267578
2023-08-03,NVDA,44.42845153808594
2023-08-04,NVDA,44.5931282043457
2023-08-07,NVDA,45.328697204589844
2023-08-08,NVDA,44.57716751098633
2023-08-09,NVDA,42.47126007080078
2023-08-10,NVDA,42.30559539794922
2023-08-11,NVDA,40.77556228637695
2023-08-14,NVDA,43.66792678833008
2023-08-15,NVDA,43.85456848144531
2023-08-16,NVDA,43.40144729614258
2023-08-17,NVDA,43.25972366333008
2023-08-18,NVDA,43.21480941772461
2023-08-21,NVDA,46.87568283081055
2023-08-22,NVDA,45.579200744628906
2023-08-23,NVDA,47.02439880371094
2023-08-24,NVDA,47.0713005065918
2023-08-25,NVDA,45.92852783203125
2023-08-28,NVDA,46.74393844604492
2023-08-29,NVDA,48.689144134521484
2023-08-30,NVDA,49.168216705322266
2023-08-31,NVDA,49.2590446472168
2023-09-01,NVDA,48.41468048095703
2023-09-05,NVDA,48.453609466552734
2023-09-06,NVDA,46.97336959838867
2023-09-07,NVDA,46.15489196777344
2023-09-08,NVDA,45.48714065551758
2023-09-11,NVDA,45.09387969970703
2023-09-12,NVDA,44.78644561767578
2023-09-13,NVDA,45.400306701660156
2023-09-14,NVDA,45.49612808227539
2023-09-15,NVDA,43.8182487487793
2023-09-18,NVDA,43.88412857055664
2023-09-19,NVDA,43.438961029052734
2023-09-20,NVDA,42.16034698486328
2023-09-21,NVDA,40.94062423706055
2023-09-22,NVDA,41.53252029418945
2023-09-25,NVDA,42.14337921142578
2023-09-26,NVDA,41.83295822143555
2023-09-27,NVDA,42.388919830322266
2023-09-28,NVDA,43.008766174316406
2023-09-29,NVDA,43.41800308227539
2023-10-02,NVDA,44.6986083984375
2023-10-03,NVDA,43.43596267700195
2023-10-04,NVDA,43.958988189697266
2023-10-05,NVDA,44.60478591918945
2023-10-06,NVDA,45.67678451538086
2023-10-09,NVDA,45.18870162963867
2023-10-10,NVDA,45.71271514892578
2023-10-11,NVDA,46.71883773803711
2023-10-12,NVDA,46.85758590698242
2023-10-13,NVDA,45.376346588134766
2023-10-16,NVDA,46.00917434692383
2023-10-17,NVDA,43.85618209838867
2023-10-18,NVDA,42.117427825927734
2023-10-19,NVDA,42.02260971069336
2023-10-20,NVDA,41.309932708740234
2023-10-23,NVDA,42.89497756958008
2023-10-24,NVDA,43.581695556640625
2023-10-25,NVDA,41.701202392578125
2023-10-26,NVDA,40.25090789794922
2023-10-27,NVDA,40.424583435058594
2023-10-30,NVDA,41.084354400634766
2023-10-31,NVDA,40.70406723022461
2023-11-01,NVDA,42.24619674682617
2023-11-02,NVDA,43.424991607666016
2023-11-03,NVDA,44.921199798583984
2023-11-06,NVDA,45.66580581665039
2023-11-07,NVDA,45.86943435668945
2023-11-08,NVDA,46.48727798461914
2023-11-09,NVDA,46.862571716308594
2023-11-10,NVDA,48.2449951171875
2023-11-13,NVDA,48.52946472167969
2023-11-14,NVDA,49.563533782958984
2023-11-15,NVDA,48.796966552734375
2023-11-16,NVDA,49.38786697387695
2023-11-17,NVDA,49.206207275390625
2023-11-20,NVDA,50.31513595581055
2023-11-21,NVDA,49.85099792480469
2023-11-22,NVDA,48.62527847290039
2023-11-24,NVDA,47.68703842163086
2023-11-27,NVDA,48.15216827392578
2023-11-28,NVDA,47.73195266723633
2023-11-29,NVDA,48.05036163330078
2023-11-30,NVDA,46.68291091918945
2023-12-01,NVDA,46.67791748046875
2023-12-04,NVDA,45.425254821777344
2023-12-05,NVDA,46.483375549316406
2023-12-06,NVDA,45.422264099121094
2023-12-07,NVDA,46.51332092285156
2023-12-08,NVDA,47.42170715332031
2023-12-11,NVDA,46.54426956176758
2023-12-12,NVDA,47.57244110107422
2023-12-13,NVDA,48.002685546875
2023-12-14,NVDA,48.26420974731445
2023-12-15,NVDA,48.80325698852539
2023-12-18,NVDA,49.9881477355957
2023-12-19,NVDA,49.5159797668457
2023-12-20,NVDA,48.025630950927734
2023-12-21,NVDA,48.903076171875
2023-12-22,NVDA,48.74335861206055
2023-12-26,NVDA,49.191558837890625
2023-12-27,NVDA,49.32931900024414
2023-12-28,NVDA,49.43413543701172
2023-12-29,NVDA,49.43413543701172
